Workbook

Sheet Cover
B2: SYSTEM TEST REPORT DOCUMENT
A4: Project Name | B4: TrustCabinet | E4: Creator | F4: TrustCabinet Team
A5: Project Code | B5: SEP490-G116 | E5: Issue Date | F5: 2026-10-30
A6: Document Code | B6: =B5&"_"&B2&"_v"&F6 -> SEP490-G116_SYSTEM TEST REPORT DOCUMENT_v1.1 | E6: Version | F6: 1.1
A9: Record of change
A10: Effective Date | B10: Version | C10: Change Item | D10: *A,D,M | E10: Change description | F10: Reference
A11: 2026-10-23 | B11: 1.0 | C11: Report 5 | D11: A | E11: Generate test documents from source
A12: 2026-10-30 | B12: 1.1 | C12: Test cases | D12: M | E12: Regenerate: 1129 xUnit methods

Sheet Test Cases
D1: TEST CASE LIST
B3: Project Name | D3: TrustCabinet
B4: Project Code | D4: SEP490-G116
B5: Test Environment Setup Description | D5: .NET 10 / xUnit; PostgreSQL / Redis; Chrome / Edge for manual UI workflows.
B8: No | C8: Function Name | D8: Sheet Name | E8: Description | F8: Pre-Condition
B9: 1 | C9: Provision access, create a meeting and revoke permission | D9: WorkFlow1 | E9: 1 definitions / scenarios | F9: 1. AdminUsers. 2. MeetingCreator role. 3. New user. 4. Staging PostgreSQL/Redis.
B10: 2 | C10: Record an in-person meeting with the room mic through to the exported transcript | D10: WorkFlow10 | E10: 1 definitions / scenarios | F10: 1. InProgress in-person meeting. 2. Secretary laptop with microphone. 3. Chair and member browsers. 4. Speech worker and file storage on staging.
B11: 3 | C11: Draft, submission, rejection, revision and approval | D11: WorkFlow2 | E11: 1 definitions / scenarios | F11: 1. Separate active organizer/approver. 2. Ready meeting. 3. Notification worker.
B12: 4 | C12: Publication, notifications, email and Calendar | D12: WorkFlow3 | E12: 1 definitions / scenarios | F12: 1. Approved fixture with active Chair/Secretary and participants. 2. Seeded roster. 3. SMTP sandbox. 4. Workers enabled.
B13: 5 | C13: Synchronize published meeting reschedule | D13: WorkFlow4 | E13: 1 definitions / scenarios | F13: 1. Published meeting. 2. Participants. 3. Original invitation recorded. 4. SMTP sandbox.
B14: 6 | C14: Deactivate, revoke sessions and restore access | D14: WorkFlow5 | E14: 1 definitions / scenarios | F14: 1. Independent admin. 2. Target signed in on two tabs. 3. Not final admin.
B15: 7 | C15: Reset password across email and authentication | D15: WorkFlow6 | E15: 1 definitions / scenarios | F15: 1. Administrator/test user. 2. SMTP sandbox. 3. Issued reset link.
B16: 8 | C16: Isolate meeting data across roles | D16: WorkFlow7 | E16: 1 definitions / scenarios | F16: 1. Organizer, assigned approver, participant, outsider. 2. Draft/WaitingApproval/Published fixtures.
B17: 9 | C17: Recover queued email after SMTP outage | D17: WorkFlow8 | E17: 1 definitions / scenarios | F17: 1. Isolated staging. 2. Controllable SMTP sandbox. 3. Valid Approved fixture.
B18: 10 | C18: Operate agenda through complete meeting UI | D18: WorkFlow9 | E18: 1 definitions / scenarios | F18: 1. Blocked: agenda UI and meeting-start workflow unavailable in this checkout.

Sheet Test Statistics
B1: TEST STATISTICS
B3: Project Name | C3: TrustCabinet | E3: Creator | H3: TrustCabinet Team
B4: Project Code | C4: SEP490-G116 | E4: Reviewer/Approver
B5: Document Code | C5: SEP490-G116_Test_Report_v1 | E5: Issue Date | H5: 2026-10-30
B6: Notes
B10: No | C10: Module code | D10: Passed | E10: Failed | F10: Pending | G10: N/A | H10: Number of test cases
B11: 1 | C11: WorkFlow1 | D11: ='WorkFlow1'!B6 -> 0 | E11: ='WorkFlow1'!C6 -> 0 | F11: ='WorkFlow1'!D6 -> 1 | G11: ='WorkFlow1'!E6 -> 0 | H11: ='WorkFlow1'!B4 -> 1
B12: 2 | C12: WorkFlow10 | D12: ='WorkFlow10'!B6 -> 0 | E12: ='WorkFlow10'!C6 -> 0 | F12: ='WorkFlow10'!D6 -> 1 | G12: ='WorkFlow10'!E6 -> 0 | H12: ='WorkFlow10'!B4 -> 1
B13: 3 | C13: WorkFlow2 | D13: ='WorkFlow2'!B6 -> 0 | E13: ='WorkFlow2'!C6 -> 0 | F13: ='WorkFlow2'!D6 -> 1 | G13: ='WorkFlow2'!E6 -> 0 | H13: ='WorkFlow2'!B4 -> 1
B14: 4 | C14: WorkFlow3 | D14: ='WorkFlow3'!B6 -> 0 | E14: ='WorkFlow3'!C6 -> 0 | F14: ='WorkFlow3'!D6 -> 1 | G14: ='WorkFlow3'!E6 -> 0 | H14: ='WorkFlow3'!B4 -> 1
B15: 5 | C15: WorkFlow4 | D15: ='WorkFlow4'!B6 -> 0 | E15: ='WorkFlow4'!C6 -> 0 | F15: ='WorkFlow4'!D6 -> 1 | G15: ='WorkFlow4'!E6 -> 0 | H15: ='WorkFlow4'!B4 -> 1
B16: 6 | C16: WorkFlow5 | D16: ='WorkFlow5'!B6 -> 0 | E16: ='WorkFlow5'!C6 -> 0 | F16: ='WorkFlow5'!D6 -> 1 | G16: ='WorkFlow5'!E6 -> 0 | H16: ='WorkFlow5'!B4 -> 1
B17: 7 | C17: WorkFlow6 | D17: ='WorkFlow6'!B6 -> 0 | E17: ='WorkFlow6'!C6 -> 0 | F17: ='WorkFlow6'!D6 -> 1 | G17: ='WorkFlow6'!E6 -> 0 | H17: ='WorkFlow6'!B4 -> 1
B18: 8 | C18: WorkFlow7 | D18: ='WorkFlow7'!B6 -> 0 | E18: ='WorkFlow7'!C6 -> 0 | F18: ='WorkFlow7'!D6 -> 1 | G18: ='WorkFlow7'!E6 -> 0 | H18: ='WorkFlow7'!B4 -> 1
B19: 9 | C19: WorkFlow8 | D19: ='WorkFlow8'!B6 -> 0 | E19: ='WorkFlow8'!C6 -> 0 | F19: ='WorkFlow8'!D6 -> 1 | G19: ='WorkFlow8'!E6 -> 0 | H19: ='WorkFlow8'!B4 -> 1
B20: 10 | C20: WorkFlow9 | D20: ='WorkFlow9'!B6 -> 0 | E20: ='WorkFlow9'!C6 -> 0 | F20: ='WorkFlow9'!D6 -> 1 | G20: ='WorkFlow9'!E6 -> 0 | H20: ='WorkFlow9'!B4 -> 1
C21: Sub total | D21: =SUM(D11:D20) -> 0 | E21: =SUM(E11:E20) -> 0 | F21: =SUM(F11:F20) -> 10 | G21: =SUM(G11:G20) -> 0 | H21: =SUM(H11:H20) -> 10
C23: Test coverage | E23: =IFERROR((D21+E21)*100/(H21-G21),0) -> 0 | F23: %
C24: Test successful coverage | E24: =IFERROR(D21*100/(H21-G21),0) -> 0 | F24: %

Sheet WorkFlow1
A2: Feature | B2: Provision access, create a meeting and revoke permission | P2: Passed
A3: Test requirement | B3: System-level test flow: Provision access, create a meeting and revoke permission | P3: Failed
A4: Number of TCs | B4: 1 | P4: Pending
A5: Testing Round | B5: Passed | C5: Failed | D5: Pending | E5: N/A | P5: Skipped
A6: Round 1 | B6: =COUNTIF(F12:F12,"Passed") -> 0 | C6: =COUNTIF(F12:F12,"Failed") -> 0 | D6: =B4-B6-C6-E6 -> 1 | E6: =COUNTIF(F12:F12,"Skipped") -> 0
A7: Round 2 | B7: =COUNTIF(I12:I12,"Passed") -> 0 | C7: =COUNTIF(I12:I12,"Failed") -> 0 | D7: =B4-B7-C7-E7 -> 1 | E7: =COUNTIF(I12:I12,"Skipped") -> 0
A8: Round 3 | B8: =COUNTIF(L12:L12,"Passed") -> 0 | C8: =COUNTIF(L12:L12,"Failed") -> 0 | D8: =B4-B8-C8-E8 -> 1 | E8: =COUNTIF(L12:L12,"Skipped") -> 0
A10: Test Case ID | B10: Test Case Description | C10: Test Case Procedure | D10: Expected Results | E10: Pre-conditions | F10: Round 1 | G10: Test date | H10: Tester | I10: Round 2 | J10: Test date | K10: Tester | L10: Round 3 | M10: Test date | N10: Tester | O10: Note
A11: Provision access, create a meeting and revoke permission
A12: SYS-01 | B12: Provision access, create a meeting and revoke permission | C12: 1. Create user and assign role. 2. Sign in as user. 3. Create Draft. 4. Remove creation capability. 5. Reload and retry creation. | D12: 1. Creation succeeds while authorized and fails after revocation. 2. Original Draft remains intact. | E12: 1. AdminUsers. 2. MeetingCreator role. 3. New user. 4. Staging PostgreSQL/Redis. | F12: Pending

Sheet WorkFlow10
A2: Feature | B2: Record an in-person meeting with the room mic through to the exported transcript | P2: Passed
A3: Test requirement | B3: System-level test flow: Record an in-person meeting with the room mic through to the exported transcript | P3: Failed
A4: Number of TCs | B4: 1 | P4: Pending
A5: Testing Round | B5: Passed | C5: Failed | D5: Pending | E5: N/A | P5: Skipped
A6: Round 1 | B6: =COUNTIF(F12:F12,"Passed") -> 0 | C6: =COUNTIF(F12:F12,"Failed") -> 0 | D6: =B4-B6-C6-E6 -> 1 | E6: =COUNTIF(F12:F12,"Skipped") -> 0
A7: Round 2 | B7: =COUNTIF(I12:I12,"Passed") -> 0 | C7: =COUNTIF(I12:I12,"Failed") -> 0 | D7: =B4-B7-C7-E7 -> 1 | E7: =COUNTIF(I12:I12,"Skipped") -> 0
A8: Round 3 | B8: =COUNTIF(L12:L12,"Passed") -> 0 | C8: =COUNTIF(L12:L12,"Failed") -> 0 | D8: =B4-B8-C8-E8 -> 1 | E8: =COUNTIF(L12:L12,"Skipped") -> 0
A10: Test Case ID | B10: Test Case Description | C10: Test Case Procedure | D10: Expected Results | E10: Pre-conditions | F10: Round 1 | G10: Test date | H10: Tester | I10: Round 2 | J10: Test date | K10: Tester | L10: Round 3 | M10: Test date | N10: Tester | O10: Note
A11: Record an in-person meeting with the room mic through to the exported transcript
A12: SYS-10 | B12: Record an in-person meeting with the room mic through to the exported transcript | C12: 1. Secretary switches the room mic on with consent and records two takes. 2. Member watches the Bản ghi tab while recording. 3. Wait for the transcript; name the speakers and correct one line. 4. Delete one take. 5. Chair downloads the audio and the transcript (.txt). 6. Repeat the download on a Mật meeting. | D12: 1. Takes form one room recording transcribed as a whole. 2. Deleting a take removes its sound and lines and keeps edits and names. 3. Only Chair/Secretary download. 4. A Mật meeting allows no download. 5. Audit records each step. | E12: 1. InProgress in-person meeting. 2. Secretary laptop with microphone. 3. Chair and member browsers. 4. Speech worker and file storage on staging. | F12: Pending

Sheet WorkFlow2
A2: Feature | B2: Draft, submission, rejection, revision and approval | P2: Passed
A3: Test requirement | B3: System-level test flow: Draft, submission, rejection, revision and approval | P3: Failed
A4: Number of TCs | B4: 1 | P4: Pending
A5: Testing Round | B5: Passed | C5: Failed | D5: Pending | E5: N/A | P5: Skipped
A6: Round 1 | B6: =COUNTIF(F12:F12,"Passed") -> 0 | C6: =COUNTIF(F12:F12,"Failed") -> 0 | D6: =B4-B6-C6-E6 -> 1 | E6: =COUNTIF(F12:F12,"Skipped") -> 0
A7: Round 2 | B7: =COUNTIF(I12:I12,"Passed") -> 0 | C7: =COUNTIF(I12:I12,"Failed") -> 0 | D7: =B4-B7-C7-E7 -> 1 | E7: =COUNTIF(I12:I12,"Skipped") -> 0
A8: Round 3 | B8: =COUNTIF(L12:L12,"Passed") -> 0 | C8: =COUNTIF(L12:L12,"Failed") -> 0 | D8: =B4-B8-C8-E8 -> 1 | E8: =COUNTIF(L12:L12,"Skipped") -> 0
A10: Test Case ID | B10: Test Case Description | C10: Test Case Procedure | D10: Expected Results | E10: Pre-conditions | F10: Round 1 | G10: Test date | H10: Tester | I10: Round 2 | J10: Test date | K10: Tester | L10: Round 3 | M10: Test date | N10: Tester | O10: Note
A11: Draft, submission, rejection, revision and approval
A12: SYS-02 | B12: Draft, submission, rejection, revision and approval | C12: 1. Create and submit Draft. 2. Read notification and reject with reason. 3. Revise and resubmit. 4. Approve. 5. Inspect history. | D12: 1. Transitions/recipients are correct. 2. Reasons and history persist. 3. Unauthorized actions fail. | E12: 1. Separate active organizer/approver. 2. Ready meeting. 3. Notification worker. | F12: Pending

Sheet WorkFlow3
A2: Feature | B2: Publication, notifications, email and Calendar | P2: Passed
A3: Test requirement | B3: System-level test flow: Publication, notifications, email and Calendar | P3: Failed
A4: Number of TCs | B4: 1 | P4: Pending
A5: Testing Round | B5: Passed | C5: Failed | D5: Pending | E5: N/A | P5: Skipped
A6: Round 1 | B6: =COUNTIF(F12:F12,"Passed") -> 0 | C6: =COUNTIF(F12:F12,"Failed") -> 0 | D6: =B4-B6-C6-E6 -> 1 | E6: =COUNTIF(F12:F12,"Skipped") -> 0
A7: Round 2 | B7: =COUNTIF(I12:I12,"Passed") -> 0 | C7: =COUNTIF(I12:I12,"Failed") -> 0 | D7: =B4-B7-C7-E7 -> 1 | E7: =COUNTIF(I12:I12,"Skipped") -> 0
A8: Round 3 | B8: =COUNTIF(L12:L12,"Passed") -> 0 | C8: =COUNTIF(L12:L12,"Failed") -> 0 | D8: =B4-B8-C8-E8 -> 1 | E8: =COUNTIF(L12:L12,"Skipped") -> 0
A10: Test Case ID | B10: Test Case Description | C10: Test Case Procedure | D10: Expected Results | E10: Pre-conditions | F10: Round 1 | G10: Test date | H10: Tester | I10: Round 2 | J10: Test date | K10: Tester | L10: Round 3 | M10: Test date | N10: Tester | O10: Note
A11: Publication, notifications, email and Calendar
A12: SYS-03 | B12: Publication, notifications, email and Calendar | C12: 1. Publish. 2. Receive notification and ICS email. 3. Follow notification. 4. Compare Calendar and details. | D12: 1. Published status and schedule agree. 2. Intended recipients receive invitation. 3. Retries do not duplicate. 4. Outsiders receive no data. | E12: 1. Approved fixture with active Chair/Secretary and participants. 2. Seeded roster. 3. SMTP sandbox. 4. Workers enabled. | F12: Pending

Sheet WorkFlow4
A2: Feature | B2: Synchronize published meeting reschedule | P2: Passed
A3: Test requirement | B3: System-level test flow: Synchronize published meeting reschedule | P3: Failed
A4: Number of TCs | B4: 1 | P4: Pending
A5: Testing Round | B5: Passed | C5: Failed | D5: Pending | E5: N/A | P5: Skipped
A6: Round 1 | B6: =COUNTIF(F12:F12,"Passed") -> 0 | C6: =COUNTIF(F12:F12,"Failed") -> 0 | D6: =B4-B6-C6-E6 -> 1 | E6: =COUNTIF(F12:F12,"Skipped") -> 0
A7: Round 2 | B7: =COUNTIF(I12:I12,"Passed") -> 0 | C7: =COUNTIF(I12:I12,"Failed") -> 0 | D7: =B4-B7-C7-E7 -> 1 | E7: =COUNTIF(I12:I12,"Skipped") -> 0
A8: Round 3 | B8: =COUNTIF(L12:L12,"Passed") -> 0 | C8: =COUNTIF(L12:L12,"Failed") -> 0 | D8: =B4-B8-C8-E8 -> 1 | E8: =COUNTIF(L12:L12,"Skipped") -> 0
A10: Test Case ID | B10: Test Case Description | C10: Test Case Procedure | D10: Expected Results | E10: Pre-conditions | F10: Round 1 | G10: Test date | H10: Tester | I10: Round 2 | J10: Test date | K10: Tester | L10: Round 3 | M10: Test date | N10: Tester | O10: Note
A11: Synchronize published meeting reschedule
A12: SYS-04 | B12: Synchronize published meeting reschedule | C12: 1. Reschedule. 2. Inspect history. 3. Check bell, update email and Calendar. 4. Reload both browsers. | D12: 1. All screens show latest schedule. 2. History records change. 3. Updates contain new time. | E12: 1. Published meeting. 2. Participants. 3. Original invitation recorded. 4. SMTP sandbox. | F12: Pending

Sheet WorkFlow5
A2: Feature | B2: Deactivate, revoke sessions and restore access | P2: Passed
A3: Test requirement | B3: System-level test flow: Deactivate, revoke sessions and restore access | P3: Failed
A4: Number of TCs | B4: 1 | P4: Pending
A5: Testing Round | B5: Passed | C5: Failed | D5: Pending | E5: N/A | P5: Skipped
A6: Round 1 | B6: =COUNTIF(F12:F12,"Passed") -> 0 | C6: =COUNTIF(F12:F12,"Failed") -> 0 | D6: =B4-B6-C6-E6 -> 1 | E6: =COUNTIF(F12:F12,"Skipped") -> 0
A7: Round 2 | B7: =COUNTIF(I12:I12,"Passed") -> 0 | C7: =COUNTIF(I12:I12,"Failed") -> 0 | D7: =B4-B7-C7-E7 -> 1 | E7: =COUNTIF(I12:I12,"Skipped") -> 0
A8: Round 3 | B8: =COUNTIF(L12:L12,"Passed") -> 0 | C8: =COUNTIF(L12:L12,"Failed") -> 0 | D8: =B4-B8-C8-E8 -> 1 | E8: =COUNTIF(L12:L12,"Skipped") -> 0
A10: Test Case ID | B10: Test Case Description | C10: Test Case Procedure | D10: Expected Results | E10: Pre-conditions | F10: Round 1 | G10: Test date | H10: Tester | I10: Round 2 | J10: Test date | K10: Tester | L10: Round 3 | M10: Test date | N10: Tester | O10: Note
A11: Deactivate, revoke sessions and restore access
A12: SYS-05 | B12: Deactivate, revoke sessions and restore access | C12: 1. Deactivate target. 2. Try reading/editing from both tabs. 3. Reactivate. 4. Sign in again. | D12: 1. Operations fail while inactive. 2. New sign-in succeeds after reactivation. 3. Old sessions cannot bypass active-user checks. | E12: 1. Independent admin. 2. Target signed in on two tabs. 3. Not final admin. | F12: Pending

Sheet WorkFlow6
A2: Feature | B2: Reset password across email and authentication | P2: Passed
A3: Test requirement | B3: System-level test flow: Reset password across email and authentication | P3: Failed
A4: Number of TCs | B4: 1 | P4: Pending
A5: Testing Round | B5: Passed | C5: Failed | D5: Pending | E5: N/A | P5: Skipped
A6: Round 1 | B6: =COUNTIF(F12:F12,"Passed") -> 0 | C6: =COUNTIF(F12:F12,"Failed") -> 0 | D6: =B4-B6-C6-E6 -> 1 | E6: =COUNTIF(F12:F12,"Skipped") -> 0
A7: Round 2 | B7: =COUNTIF(I12:I12,"Passed") -> 0 | C7: =COUNTIF(I12:I12,"Failed") -> 0 | D7: =B4-B7-C7-E7 -> 1 | E7: =COUNTIF(I12:I12,"Skipped") -> 0
A8: Round 3 | B8: =COUNTIF(L12:L12,"Passed") -> 0 | C8: =COUNTIF(L12:L12,"Failed") -> 0 | D8: =B4-B8-C8-E8 -> 1 | E8: =COUNTIF(L12:L12,"Skipped") -> 0
A10: Test Case ID | B10: Test Case Description | C10: Test Case Procedure | D10: Expected Results | E10: Pre-conditions | F10: Round 1 | G10: Test date | H10: Tester | I10: Round 2 | J10: Test date | K10: Tester | L10: Round 3 | M10: Test date | N10: Tester | O10: Note
A11: Reset password across email and authentication
A12: SYS-06 | B12: Reset password across email and authentication | C12: 1. Request reset. 2. Complete through email. 3. Try old/new passwords. 4. Reuse token. 5. Check old sessions against auth contract. | D12: 1. Old password fails. 2. New one works. 3. Token is single-use. 4. Session revocation follows backend contract. | E12: 1. Administrator/test user. 2. SMTP sandbox. 3. Issued reset link. | F12: Pending

Sheet WorkFlow7
A2: Feature | B2: Isolate meeting data across roles | P2: Passed
A3: Test requirement | B3: System-level test flow: Isolate meeting data across roles | P3: Failed
A4: Number of TCs | B4: 1 | P4: Pending
A5: Testing Round | B5: Passed | C5: Failed | D5: Pending | E5: N/A | P5: Skipped
A6: Round 1 | B6: =COUNTIF(F12:F12,"Passed") -> 0 | C6: =COUNTIF(F12:F12,"Failed") -> 0 | D6: =B4-B6-C6-E6 -> 1 | E6: =COUNTIF(F12:F12,"Skipped") -> 0
A7: Round 2 | B7: =COUNTIF(I12:I12,"Passed") -> 0 | C7: =COUNTIF(I12:I12,"Failed") -> 0 | D7: =B4-B7-C7-E7 -> 1 | E7: =COUNTIF(I12:I12,"Skipped") -> 0
A8: Round 3 | B8: =COUNTIF(L12:L12,"Passed") -> 0 | C8: =COUNTIF(L12:L12,"Failed") -> 0 | D8: =B4-B8-C8-E8 -> 1 | E8: =COUNTIF(L12:L12,"Skipped") -> 0
A10: Test Case ID | B10: Test Case Description | C10: Test Case Procedure | D10: Expected Results | E10: Pre-conditions | F10: Round 1 | G10: Test date | H10: Tester | I10: Round 2 | J10: Test date | K10: Tester | L10: Round 3 | M10: Test date | N10: Tester | O10: Note
A11: Isolate meeting data across roles
A12: SYS-07 | B12: Isolate meeting data across roles | C12: 1. Open list/details as each role. 2. Try history, edit and transitions. 3. Replace approver and retry as former approver. | D12: 1. Access follows relationship/state. 2. Unrelated or revoked users cannot read restricted data. 3. Inaccessible records return 404. | E12: 1. Organizer, assigned approver, participant, outsider. 2. Draft/WaitingApproval/Published fixtures. | F12: Pending

Sheet WorkFlow8
A2: Feature | B2: Recover queued email after SMTP outage | P2: Passed
A3: Test requirement | B3: System-level test flow: Recover queued email after SMTP outage | P3: Failed
A4: Number of TCs | B4: 1 | P4: Pending
A5: Testing Round | B5: Passed | C5: Failed | D5: Pending | E5: N/A | P5: Skipped
A6: Round 1 | B6: =COUNTIF(F12:F12,"Passed") -> 0 | C6: =COUNTIF(F12:F12,"Failed") -> 0 | D6: =B4-B6-C6-E6 -> 1 | E6: =COUNTIF(F12:F12,"Skipped") -> 0
A7: Round 2 | B7: =COUNTIF(I12:I12,"Passed") -> 0 | C7: =COUNTIF(I12:I12,"Failed") -> 0 | D7: =B4-B7-C7-E7 -> 1 | E7: =COUNTIF(I12:I12,"Skipped") -> 0
A8: Round 3 | B8: =COUNTIF(L12:L12,"Passed") -> 0 | C8: =COUNTIF(L12:L12,"Failed") -> 0 | D8: =B4-B8-C8-E8 -> 1 | E8: =COUNTIF(L12:L12,"Skipped") -> 0
A10: Test Case ID | B10: Test Case Description | C10: Test Case Procedure | D10: Expected Results | E10: Pre-conditions | F10: Round 1 | G10: Test date | H10: Tester | I10: Round 2 | J10: Test date | K10: Tester | L10: Round 3 | M10: Test date | N10: Tester | O10: Note
A11: Recover queued email after SMTP outage
A12: SYS-08 | B12: Recover queued email after SMTP outage | C12: 1. Stop SMTP. 2. Publish. 3. Inspect retry state. 4. Restart SMTP and allow retry. 5. Compare mail and queue. | D12: 1. Publication persists. 2. Email retries after recovery without duplicate deduplication keys. | E12: 1. Isolated staging. 2. Controllable SMTP sandbox. 3. Valid Approved fixture. | F12: Pending

Sheet WorkFlow9
A2: Feature | B2: Operate agenda through complete meeting UI | P2: Passed
A3: Test requirement | B3: System-level test flow: Operate agenda through complete meeting UI | P3: Failed
A4: Number of TCs | B4: 1 | P4: Pending
A5: Testing Round | B5: Passed | C5: Failed | D5: Pending | E5: N/A | P5: Skipped
A6: Round 1 | B6: =COUNTIF(F12:F12,"Passed") -> 0 | C6: =COUNTIF(F12:F12,"Failed") -> 0 | D6: =B4-B6-C6-E6 -> 1 | E6: =COUNTIF(F12:F12,"Skipped") -> 0
A7: Round 2 | B7: =COUNTIF(I12:I12,"Passed") -> 0 | C7: =COUNTIF(I12:I12,"Failed") -> 0 | D7: =B4-B7-C7-E7 -> 1 | E7: =COUNTIF(I12:I12,"Skipped") -> 0
A8: Round 3 | B8: =COUNTIF(L12:L12,"Passed") -> 0 | C8: =COUNTIF(L12:L12,"Failed") -> 0 | D8: =B4-B8-C8-E8 -> 1 | E8: =COUNTIF(L12:L12,"Skipped") -> 0
A10: Test Case ID | B10: Test Case Description | C10: Test Case Procedure | D10: Expected Results | E10: Pre-conditions | F10: Round 1 | G10: Test date | H10: Tester | I10: Round 2 | J10: Test date | K10: Tester | L10: Round 3 | M10: Test date | N10: Tester | O10: Note
A11: Operate agenda through complete meeting UI
A12: SYS-09 | B12: Operate agenda through complete meeting UI | C12: 1. Create/reorder agenda in UI. 2. Start meeting. 3. Start/finish item as Chair. 4. Observe participant browser. | D12: 1. After integration, order/state/duration synchronize according to API. 2. Re-execute workflow. | E12: 1. Blocked: agenda UI and meeting-start workflow unavailable in this checkout. | F12: Pending
