Workbook

Sheet Cover
B2: API TEST
A4: Project Name | B4: TrustCabinet | E4: Creator | F4: TrustCabinet Team
A5: Project Code | B5: SEP490-G116 | E5: Issue Date | F5: 2026-10-30
A6: Document Code | B6: =B5&"_"&B2&"_v"&F6 -> SEP490-G116_API TEST_v1.1 | E6: Version | F6: 1.1
A9: Record of change
A10: Effective Date | B10: Version | C10: Change Item | D10: *A,D,M | E10: Change description | F10: Reference
A11: 2026-10-23 | B11: 1.0 | C11: Report 5 | D11: A | E11: Generate test documents from source
A12: 2026-10-30 | B12: 1.1 | C12: Test cases | D12: M | E12: Regenerate: 1129 xUnit methods

Sheet Test Cases
D1: TEST CASE LIST
B3: Project Name | D3: TrustCabinet
B4: Project Code | D4: SEP490-G116
B5: Test Environment Setup Description | D5: .NET 10 / xUnit; PostgreSQL / Redis; Chrome / Edge for manual UI workflows.
B8: No | C8: Function Name | D8: Sheet Name | E8: Description | F8: Pre-Condition
B9: 1 | C9: Access | D9: Access | E9: 54 definitions / scenarios | F9: See the Pre-conditions of each case.
B10: 2 | C10: Agenda | D10: Agenda | E10: 57 definitions / scenarios | F10: See the Pre-conditions of each case.
B11: 3 | C11: Attendance | D11: Attendance | E11: 12 definitions / scenarios | F11: See the Pre-conditions of each case.
B12: 4 | C12: Authentication | D12: Authentication | E12: 29 definitions / scenarios | F12: See the Pre-conditions of each case.
B13: 5 | C13: Calls | D13: Calls | E13: 10 definitions / scenarios | F13: See the Pre-conditions of each case.
B14: 6 | C14: Core | D14: Core | E14: 5 definitions / scenarios | F14: See the Pre-conditions of each case.
B15: 7 | C15: Documents | D15: Documents | E15: 91 definitions / scenarios | F15: See the Pre-conditions of each case.
B16: 8 | C16: Email | D16: Email | E16: 4 definitions / scenarios | F16: See the Pre-conditions of each case.
B17: 9 | C17: Meetings | D17: Meetings | E17: 94 definitions / scenarios | F17: See the Pre-conditions of each case.
B18: 10 | C18: Notifications | D18: Notifications | E18: 5 definitions / scenarios | F18: See the Pre-conditions of each case.
B19: 11 | C19: Participants | D19: Participants | E19: 31 definitions / scenarios | F19: See the Pre-conditions of each case.
B20: 12 | C20: Recordings | D20: Recordings | E20: 55 definitions / scenarios | F20: See the Pre-conditions of each case.
B21: 13 | C21: Users | D21: Users | E21: 32 definitions / scenarios | F21: See the Pre-conditions of each case.

Sheet Test Statistics
B1: TEST STATISTICS
B3: Project Name | C3: TrustCabinet
B4: Project Code | C4: SEP490-G116
B5: Document Code | C5: SEP490-G116_Test_Report_v1 | E5: Issue Date | G5: 2026-10-30
B6: Notes
B10: No | C10: Module code | D10: Passed | E10: Failed | F10: Pending | G10: N/A | H10: Number of test cases
B11: 1 | C11: Access | D11: ='Access'!B6 -> 0 | E11: ='Access'!C6 -> 0 | F11: ='Access'!D6 -> 54 | G11: ='Access'!E6 -> 0 | H11: ='Access'!B4 -> 54
B12: 2 | C12: Agenda | D12: ='Agenda'!B6 -> 0 | E12: ='Agenda'!C6 -> 0 | F12: ='Agenda'!D6 -> 57 | G12: ='Agenda'!E6 -> 0 | H12: ='Agenda'!B4 -> 57
B13: 3 | C13: Attendance | D13: ='Attendance'!B6 -> 0 | E13: ='Attendance'!C6 -> 0 | F13: ='Attendance'!D6 -> 12 | G13: ='Attendance'!E6 -> 0 | H13: ='Attendance'!B4 -> 12
B14: 4 | C14: Authentication | D14: ='Authentication'!B6 -> 0 | E14: ='Authentication'!C6 -> 0 | F14: ='Authentication'!D6 -> 29 | G14: ='Authentication'!E6 -> 0 | H14: ='Authentication'!B4 -> 29
B15: 5 | C15: Calls | D15: ='Calls'!B6 -> 0 | E15: ='Calls'!C6 -> 0 | F15: ='Calls'!D6 -> 10 | G15: ='Calls'!E6 -> 0 | H15: ='Calls'!B4 -> 10
B16: 6 | C16: Core | D16: ='Core'!B6 -> 0 | E16: ='Core'!C6 -> 0 | F16: ='Core'!D6 -> 5 | G16: ='Core'!E6 -> 0 | H16: ='Core'!B4 -> 5
B17: 7 | C17: Documents | D17: ='Documents'!B6 -> 0 | E17: ='Documents'!C6 -> 0 | F17: ='Documents'!D6 -> 91 | G17: ='Documents'!E6 -> 0 | H17: ='Documents'!B4 -> 91
B18: 8 | C18: Email | D18: ='Email'!B6 -> 0 | E18: ='Email'!C6 -> 0 | F18: ='Email'!D6 -> 4 | G18: ='Email'!E6 -> 0 | H18: ='Email'!B4 -> 4
B19: 9 | C19: Meetings | D19: ='Meetings'!B6 -> 0 | E19: ='Meetings'!C6 -> 0 | F19: ='Meetings'!D6 -> 94 | G19: ='Meetings'!E6 -> 0 | H19: ='Meetings'!B4 -> 94
B20: 10 | C20: Notifications | D20: ='Notifications'!B6 -> 0 | E20: ='Notifications'!C6 -> 0 | F20: ='Notifications'!D6 -> 5 | G20: ='Notifications'!E6 -> 0 | H20: ='Notifications'!B4 -> 5
B21: 11 | C21: Participants | D21: ='Participants'!B6 -> 0 | E21: ='Participants'!C6 -> 0 | F21: ='Participants'!D6 -> 31 | G21: ='Participants'!E6 -> 0 | H21: ='Participants'!B4 -> 31
B22: 12 | C22: Recordings | D22: ='Recordings'!B6 -> 0 | E22: ='Recordings'!C6 -> 0 | F22: ='Recordings'!D6 -> 55 | G22: ='Recordings'!E6 -> 0 | H22: ='Recordings'!B4 -> 55
B23: 13 | C23: Users | D23: ='Users'!B6 -> 0 | E23: ='Users'!C6 -> 0 | F23: ='Users'!D6 -> 32 | G23: ='Users'!E6 -> 0 | H23: ='Users'!B4 -> 32
C24: Sub total | D24: =SUM(D11:D23) -> 0 | E24: =SUM(E11:E23) -> 0 | F24: =SUM(F11:F23) -> 479 | G24: =SUM(G11:G23) -> 0 | H24: =SUM(H11:H23) -> 479
D26: Test coverage | F26: =IFERROR((D24+E24)*100/(H24-G24),0) -> 0 | G26: %
D27: Test successful coverage | F27: =IFERROR(D24*100/(H24-G24),0) -> 0 | G27: %

Sheet Access
A2: Feature | B2: Access | P2: Passed
A3: Test requirement | B3: API tests for the access endpoints | P3: Failed
A4: Number of TCs | B4: 54 | P4: Pending
A5: Testing Round | B5: Passed | C5: Failed | D5: Pending | E5: N/A | P5: Skipped
A6: Round 1 | B6: =COUNTIF(F12:F74,"Passed") -> 0 | C6: =COUNTIF(F12:F74,"Failed") -> 0 | D6: =B4-B6-C6-E6 -> 54 | E6: =COUNTIF(F12:F74,"Skipped") -> 0
A7: Round 2 | B7: =COUNTIF(I12:I74,"Passed") -> 0 | C7: =COUNTIF(I12:I74,"Failed") -> 0 | D7: =B4-B7-C7-E7 -> 54 | E7: =COUNTIF(I12:I74,"Skipped") -> 0
A8: Round 3 | B8: =COUNTIF(L12:L74,"Passed") -> 0 | C8: =COUNTIF(L12:L74,"Failed") -> 0 | D8: =B4-B8-C8-E8 -> 54 | E8: =COUNTIF(L12:L74,"Skipped") -> 0
A10: Test Case ID | B10: Test Case Description | C10: Test Case Procedure | D10: Expected Results | E10: Pre-conditions | F10: Round 1 | G10: Test date | H10: Tester | I10: Round 2 | J10: Test date | K10: Tester | L10: Round 3 | M10: Test date | N10: Tester | O10: Note
A11: Capability gate (every AdminUsers route)
A12: ACC_API_IT01 | B12: Verify every AdminUsers route returns 401 to an anonymous caller. | C12: 1. Without authentication, send each request: GET /api/users, POST /api/users, PUT /api/users/<id>, PUT /api/users/<id>/status, POST /api/users/<id>/password-reset, GET /api/roles, POST /api/roles, PUT /api/roles/<id>, DELETE /api/roles/<id>, GET /api/roles/capabilities, PUT /api/roles/capabilities. 2. Request headers: None (no authentication). | D12: 1. Every request returns HTTP 401 Unauthorized. 2. No data is returned and nothing is changed. | E12: 1. Backend is running. 2. Request is sent without authentication. | F12: Pending
A13: ACC_API_IT02 | B13: Verify every AdminUsers route returns 403 to a signed-in user without AdminUsers. | C13: 1. Send each AdminUsers request (users, roles and role matrix routes) with header Authorization: Bearer <access token of thuky@trustcabinet.local>. | D13: 1. Every request returns HTTP 403 Forbidden. 2. Nothing is written to the audit log. | E13: 1. Backend is running. 2. Signed in as thuky@trustcabinet.local (Secretary, MeetingCreator, no AdminUsers). | F13: Pending
A14: ACC_API_IT03 | B14: Verify a token claiming a capability the role no longer has is refused. | C14: 1. Sign in as quantri@trustcabinet.local and keep the access token. 2. On the role matrix, untick AdminUsers for the Admin role and tick MeetingCreator instead (another administrator role keeps AdminUsers). 3. Send GET request to /api/users with the access token from step 1. | D14: 1. HTTP 403 Forbidden response. 2. The server reads the role from the database, not from the token. | E14: 1. Backend is running. 2. Another active account with AdminUsers exists, so the change is allowed. | F14: Pending
A15: ACC_API_IT04 | B15: Verify the token of a deactivated account is refused. | C15: 1. Sign in as a second administrator and keep the access token. 2. As quantri@trustcabinet.local, deactivate that administrator. 3. Send GET request to /api/users with the kept access token. | D15: 1. HTTP 403 Forbidden response. 2. No account data is returned. | E15: 1. Backend is running. 2. A second active administrator account exists. | F15: Pending
A16: ACC_API_IT05 | B16: Verify a token whose account no longer exists is refused. | C16: 1. Send GET request to /api/users. 2. Request headers: Authorization: Bearer <access token signed by the server for an account id that does not exist in the database>. 3. Query parameters: None. 4. Request body: None (GET request). | D16: 1. HTTP 403 Forbidden response. | E16: 1. Backend is running. 2. A test access token is issued for an account that is not in the users table. | F16: Pending
A17: ACC_API_IT06 | B17: Verify an unknown user id returns 404 with an empty body. | C17: 1. Send GET request to /api/users/<id of thanhvien@trustcabinet.local> with header Authorization: Bearer <access token of quantri@trustcabinet.local>. 2. Send GET request to /api/users/<random UUID that no account has> with the same header. | D17: 1. The first request returns HTTP 200 OK. 2. The second request returns HTTP 404 Not Found with an empty body. | E17: 1. Backend is running. 2. Signed in as quantri@trustcabinet.local (AdminUsers). | F17: Pending
A18: ACC_API_IT07 | B18: Verify every capability (MeetingCreator, MeetingApprover, MinutesEditor, AdminUsers) has an authorization policy. | C18: 1. Start the backend. 2. For each capability, call one endpoint gated by it with a user holding that capability. | D18: 1. The backend starts without errors. 2. No request fails with HTTP 500 because a policy is missing. | E18: 1. Backend is running. 2. Accounts holding each capability exist (thuky: MeetingCreator, chutoa: MeetingApprover, quantri: AdminUsers). | F18: Pending
A19: GET /api/auth/me
A20: ACC_API_IT08 | B20: Verify GET /api/auth/me returns the capability set the interface renders from. | C20: 1. Send GET request to /api/auth/me. 2. Request headers: Authorization: Bearer <access token of thuky@trustcabinet.local> (Secretary, MeetingCreator). 3. Query parameters: None. 4. Request body: None (GET request). | D20: 1. HTTP 200 OK response. 2. email "thuky@trustcabinet.local", roleName "Thư ký". 3. capabilities is ["MeetingCreator", "MinutesEditor"] and does not contain AdminUsers. | E20: 1. Backend is running. 2. The Secretary role has MeetingCreator and MinutesEditor in the role matrix. | F20: Pending
A21: ACC_API_IT09 | B21: Verify GET /api/auth/me answers from the database, not from the token. | C21: 1. Sign in as thuky@trustcabinet.local and keep the access token. 2. As quantri@trustcabinet.local, change thuky's role to Member. 3. Send GET request to /api/auth/me with the kept access token. | D21: 1. HTTP 200 OK response. 2. roleName is "Thành viên". 3. capabilities is an empty list. | E21: 1. Backend is running. 2. Signed in as quantri@trustcabinet.local in another browser. | F21: Pending
A22: ACC_API_IT10 | B22: Verify GET /api/auth/me is refused once the account is deactivated. | C22: 1. Sign in as a second administrator and keep the access token. 2. As quantri@trustcabinet.local, deactivate that administrator. 3. Send GET request to /api/auth/me with the kept access token. | D22: 1. HTTP 401 Unauthorized response. | E22: 1. Backend is running. 2. A second active administrator account exists. | F22: Pending
A23: ACC_API_IT11 | B23: Verify GET /api/auth/me is refused for a token whose subject is no account. | C23: 1. Send GET request to /api/auth/me. 2. Request headers: Authorization: Bearer <access token signed by the server with no usable account id>. 3. Query parameters: None. 4. Request body: None (GET request). | D23: 1. HTTP 401 Unauthorized response. | E23: 1. Backend is running. 2. A test access token without a valid account id is prepared. | F23: Pending
A24: ACC_API_IT12 | B24: Verify GET /api/auth/me is refused without a token. | C24: 1. Send GET request to /api/auth/me. 2. Request headers: None (no authentication). 3. Query parameters: None. 4. Request body: None (GET request). | D24: 1. HTTP 401 Unauthorized response. | E24: 1. Backend is running. 2. Request is sent without authentication. | F24: Pending
A25: Roles routes (/api/roles)
A26: ACC_API_IT13 | B26: Verify every /api/roles route returns 401 to an anonymous caller. | C26: 1. Without authentication, send GET /api/roles, POST /api/roles, PUT /api/roles/<id> and DELETE /api/roles/<id>. | D26: 1. Every request returns HTTP 401 Unauthorized. | E26: 1. Backend is running. 2. Request is sent without authentication. | F26: Pending
A27: ACC_API_IT14 | B27: Verify every /api/roles route returns 403 without AdminUsers. | C27: 1. Send GET /api/roles, POST /api/roles, PUT /api/roles/<id> and DELETE /api/roles/<id> with header Authorization: Bearer <access token of thuky@trustcabinet.local>. | D27: 1. Every request returns HTTP 403 Forbidden. 2. Nothing is written to the audit log. | E27: 1. Backend is running. 2. Signed in as thuky@trustcabinet.local (no AdminUsers). | F27: Pending
A28: POST /api/roles
A29: ACC_API_IT15 | B29: Verify a token claiming AdminUsers is refused once its account is deactivated. | C29: 1. Send POST request to /api/roles. 2. Request headers: Content-Type: application/json; Authorization: Bearer <access token of an administrator who has since been deactivated>. 3. Query parameters: None. 4. Request JSON body: { "name": "Thư ký phó" }. | D29: 1. HTTP 403 Forbidden response. 2. No role is created; the role list still has only the four built-in roles. | E29: 1. Backend is running. 2. The administrator signed in, kept the access token and was then deactivated. | F29: Pending
A30: GET /api/roles
A31: ACC_API_IT16 | B31: Verify GET /api/roles returns every role with its user count in display order. | C31: 1. Send GET request to /api/roles. 2. Request headers: Authorization: Bearer <access token of quantri@trustcabinet.local> (Admin, AdminUsers). 3. Query parameters: None. 4. Request body: None (GET request). | D31: 1. HTTP 200 OK response. 2. The four built-in roles come first (Chủ toạ, Thư ký, Thành viên, Quản trị viên), then custom roles. 3. Chủ toạ has isBuiltIn true, a description and userCount 3. 4. The custom role "Thư ký phó" has isBuiltIn false and userCount 0. | E31: 1. Backend is running. 2. Signed in as quantri@trustcabinet.local (AdminUsers). 3. Three accounts hold the Chair role. 4. A custom role "Thư ký phó" with no account exists. | F31: Pending
A32: POST /api/roles
A33: ACC_API_IT17 | B33: Verify POST /api/roles creates a role and returns MSG19 with 201 and a Location header. | C33: 1. Send POST request to /api/roles. 2. Request headers: Content-Type: application/json; Authorization: Bearer <access token of quantri@trustcabinet.local> (Admin, AdminUsers). 3. Query parameters: None. 4. Request JSON body: { "name": "Thư ký phó", "description": "Hỗ trợ thư ký soạn biên bản.", "capabilities": ["MinutesEditor"] }. | D33: 1. HTTP 201 Created response. 2. Response JSON body: code "MSG19", message "Tạo vai trò thành công.". 3. role.name "Thư ký phó", isBuiltIn false, userCount 0. 4. Location header is /api/roles/<new id>; the role matrix shows MinutesEditor ticked for it. | E33: 1. Backend is running. 2. Signed in as quantri@trustcabinet.local (AdminUsers). 3. No role is named "Thư ký phó". | F33: Pending
A34: ACC_API_IT18 | B34: Verify creating a role records the signed-in administrator as the actor. | C34: 1. Send POST request to /api/roles. 2. Request headers: Content-Type: application/json; Authorization: Bearer <access token of quantri@trustcabinet.local> (Admin, AdminUsers). 3. Query parameters: None. 4. Request JSON body: { "name": "Thư ký phó" }. 5. Open the audit_log table and find the newest row. | D34: 1. One role.created entry is written. 2. Its actor is quantri@trustcabinet.local. | E34: 1. Backend is running. 2. Signed in as quantri@trustcabinet.local (AdminUsers). 3. No role is named "Thư ký phó". | F34: Pending
A35: ACC_API_IT19 | B35: Verify a role can be created without capabilities. | C35: 1. Send POST request to /api/roles. 2. Request headers: Content-Type: application/json; Authorization: Bearer <access token of quantri@trustcabinet.local> (Admin, AdminUsers). 3. Query parameters: None. 4. Request JSON body: { "name": "Khách mời" }. | D35: 1. HTTP 201 Created response. 2. The new role has no capability in the role matrix. | E35: 1. Backend is running. 2. Signed in as quantri@trustcabinet.local (AdminUsers). 3. No role is named "Khách mời". | F35: Pending
A36: ACC_API_IT20 | B36: Verify POST /api/roles returns MSG20 with 400 naming every invalid field. | C36: 1. Send POST request to /api/roles. 2. Request headers: Content-Type: application/json; Authorization: Bearer <access token of quantri@trustcabinet.local> (Admin, AdminUsers). 3. Query parameters: None. 4. Request JSON body: { "name": " ", "description": "<257 characters>", "capabilities": ["DeleteEverything"] }. | D36: 1. HTTP 400 Bad Request response. 2. Response JSON body: code "MSG20", message "Thông tin vai trò không hợp lệ.". 3. errors has exactly capabilities, description and name; the capabilities error names DeleteEverything. | E36: 1. Backend is running. 2. Signed in as quantri@trustcabinet.local (AdminUsers). | F36: Pending
A37: ACC_API_IT21 | B37: Verify an empty JSON object returns MSG20 rather than a binding error. | C37: 1. Send POST request to /api/roles. 2. Request headers: Content-Type: application/json; Authorization: Bearer <access token of quantri@trustcabinet.local> (Admin, AdminUsers). 3. Query parameters: None. 4. Request JSON body: {}. | D37: 1. HTTP 400 Bad Request response with code "MSG20". | E37: 1. Backend is running. 2. Signed in as quantri@trustcabinet.local (AdminUsers). | F37: Pending
A38: ACC_API_IT22 | B38: Verify creating and renaming a role with no body at all returns MSG20. | C38: 1. Send POST request to /api/roles with header Content-Type: application/json, the administrator's token and an empty body. 2. Repeat with the body null. 3. Send PUT request to /api/roles/<id of the custom role> with an empty body, then with null. | D38: 1. Every request returns HTTP 400 Bad Request with code "MSG20". | E38: 1. Backend is running. 2. Signed in as quantri@trustcabinet.local (AdminUsers). 3. A custom role exists. | F38: Pending
A39: ACC_API_IT23 | B39: Verify POST /api/roles returns MSG21 with 409 for a name already used, ignoring case. | C39: 1. Send POST request to /api/roles. 2. Request headers: Content-Type: application/json; Authorization: Bearer <access token of quantri@trustcabinet.local> (Admin, AdminUsers). 3. Query parameters: None. 4. Request JSON body: { "name": "THƯ KÝ" }. | D39: 1. HTTP 409 Conflict response. 2. Response JSON body: code "MSG21", message "Đã có vai trò dùng tên này. Hãy đặt một tên khác.". | E39: 1. Backend is running. 2. Signed in as quantri@trustcabinet.local (AdminUsers). 3. The built-in role "Thư ký" exists. | F39: Pending
A40: ACC_API_IT24 | B40: Verify POST /api/roles returns MSG26 with 500 when the database is unavailable. | C40: 1. Send POST request to /api/roles. 2. Request headers: Content-Type: application/json; Authorization: Bearer <access token of quantri@trustcabinet.local> (Admin, AdminUsers). 3. Query parameters: None. 4. Request JSON body: { "name": "Thư ký phó" }. | D40: 1. HTTP 500 Internal Server Error response. 2. Response JSON body: code "MSG26", message "Không thể tạo vai trò. Vui lòng thử lại.". | E40: 1. Backend is running. 2. Signed in as quantri@trustcabinet.local (AdminUsers). 3. The PostgreSQL container is stopped after sign-in. | F40: Pending
A41: PUT /api/roles/{id}
A42: ACC_API_IT25 | B42: Verify PUT /api/roles/{id} renames a custom role and returns MSG22. | C42: 1. Send PUT request to /api/roles/<id of "Thư ký phó">. 2. Request headers: Content-Type: application/json; Authorization: Bearer <access token of quantri@trustcabinet.local> (Admin, AdminUsers). 3. Query parameters: None. 4. Request JSON body: { "name": "Phó thư ký", "description": "Mới" }. | D42: 1. HTTP 200 OK response. 2. Response JSON body: code "MSG22", message "Cập nhật vai trò thành công.". 3. role.name "Phó thư ký", role.userCount 2. 4. One role.updated entry is written to the audit log. | E42: 1. Backend is running. 2. Signed in as quantri@trustcabinet.local (AdminUsers). 3. Custom role "Thư ký phó" exists and two accounts hold it. | F42: Pending
A43: ACC_API_IT26 | B43: Verify PUT /api/roles/{id} ignores capabilities sent in the body. | C43: 1. Send PUT request to /api/roles/<id of "Thư ký phó">. 2. Request headers: Content-Type: application/json; Authorization: Bearer <access token of quantri@trustcabinet.local> (Admin, AdminUsers). 3. Query parameters: None. 4. Request JSON body: { "name": "Phó thư ký", "capabilities": ["AdminUsers"] }. | D43: 1. The role is renamed. 2. The role still has no capability in the role matrix; capabilities change only through PUT /api/roles/capabilities. | E43: 1. Backend is running. 2. Signed in as quantri@trustcabinet.local (AdminUsers). 3. Custom role "Thư ký phó" exists with no capability. | F43: Pending
A44: ACC_API_IT27 | B44: Verify a built-in role cannot be renamed (MSG24). | C44: 1. Send PUT request to /api/roles/<id of the Admin role>. 2. Request headers: Content-Type: application/json; Authorization: Bearer <access token of quantri@trustcabinet.local> (Admin, AdminUsers). 3. Query parameters: None. 4. Request JSON body: { "name": "Siêu quản trị" }. | D44: 1. HTTP 409 Conflict response. 2. Response JSON body: code "MSG24", message "Đây là vai trò mặc định của hệ thống, không đổi tên hoặc xoá được. Bạn vẫn sửa được quyền của nó.". | E44: 1. Backend is running. 2. Signed in as quantri@trustcabinet.local (AdminUsers). | F44: Pending
A45: ACC_API_IT28 | B45: Verify renaming a role to another role's name returns MSG21. | C45: 1. Send PUT request to /api/roles/<id of "Thư ký phó">. 2. Request headers: Content-Type: application/json; Authorization: Bearer <access token of quantri@trustcabinet.local> (Admin, AdminUsers). 3. Query parameters: None. 4. Request JSON body: { "name": "quản trị viên" }. | D45: 1. HTTP 409 Conflict response with code "MSG21". 2. The role keeps its name. | E45: 1. Backend is running. 2. Signed in as quantri@trustcabinet.local (AdminUsers). 3. Custom role "Thư ký phó" exists. | F45: Pending
A46: ACC_API_IT29 | B46: Verify a role name longer than 64 characters returns MSG20 on name. | C46: 1. Send PUT request to /api/roles/<id of "Thư ký phó">. 2. Request headers: Content-Type: application/json; Authorization: Bearer <access token of quantri@trustcabinet.local> (Admin, AdminUsers). 3. Query parameters: None. 4. Request JSON body: { "name": "<65 characters a>" }. | D46: 1. HTTP 400 Bad Request response. 2. Response JSON body has code "MSG20" and an error on name. | E46: 1. Backend is running. 2. Signed in as quantri@trustcabinet.local (AdminUsers). 3. Custom role "Thư ký phó" exists. | F46: Pending
A47: ACC_API_IT30 | B47: Verify renaming an unknown role returns 404 with an empty body. | C47: 1. Send PUT request to /api/roles/<random UUID that no role has>. 2. Request headers: Content-Type: application/json; Authorization: Bearer <access token of quantri@trustcabinet.local> (Admin, AdminUsers). 3. Query parameters: None. 4. Request JSON body: { "name": "Tên" }. | D47: 1. HTTP 404 Not Found response with an empty body. | E47: 1. Backend is running. 2. Signed in as quantri@trustcabinet.local (AdminUsers). | F47: Pending
A48: ACC_API_IT31 | B48: Verify PUT /api/roles/{id} returns MSG27 when the database is unavailable. | C48: 1. Send PUT request to /api/roles/<id of "Thư ký phó">. 2. Request headers: Content-Type: application/json; Authorization: Bearer <access token of quantri@trustcabinet.local> (Admin, AdminUsers). 3. Query parameters: None. 4. Request JSON body: { "name": "Phó thư ký" }. | D48: 1. HTTP 500 Internal Server Error response. 2. Response JSON body: code "MSG27", message "Không thể cập nhật vai trò. Vui lòng thử lại.". | E48: 1. Backend is running. 2. Signed in as quantri@trustcabinet.local (AdminUsers). 3. Custom role "Thư ký phó" exists. 4. The PostgreSQL container is stopped after sign-in. | F48: Pending
A49: DELETE /api/roles/{id}
A50: ACC_API_IT32 | B50: Verify DELETE /api/roles/{id} deletes an unused custom role and returns MSG23. | C50: 1. Send DELETE request to /api/roles/<id of "Thư ký phó">. 2. Request headers: Authorization: Bearer <access token of quantri@trustcabinet.local> (Admin, AdminUsers). 3. Query parameters: None. 4. Request body: None (DELETE request). | D50: 1. HTTP 200 OK response. 2. Response JSON body: code "MSG23", message "Xoá vai trò thành công.". 3. The role no longer appears in GET /api/roles. 4. One role.deleted entry is written to the audit log. | E50: 1. Backend is running. 2. Signed in as quantri@trustcabinet.local (AdminUsers). 3. Custom role "Thư ký phó" exists and no account holds it. | F50: Pending
A51: ACC_API_IT33 | B51: Verify deleting a role still held by accounts returns MSG25 with the account count. | C51: 1. Send DELETE request to /api/roles/<id of "Thư ký phó">. 2. Request headers: Authorization: Bearer <access token of quantri@trustcabinet.local> (Admin, AdminUsers). 3. Query parameters: None. 4. Request body: None (DELETE request). | D51: 1. HTTP 409 Conflict response. 2. Response JSON body: code "MSG25", userCount 3, message "Vai trò này vẫn còn 3 tài khoản mang. Hãy chuyển họ sang vai trò khác trước khi xoá.". 3. The role is not deleted. | E51: 1. Backend is running. 2. Signed in as quantri@trustcabinet.local (AdminUsers). 3. Custom role "Thư ký phó" is held by three accounts. | F51: Pending
A52: ACC_API_IT34 | B52: Verify a built-in role cannot be deleted (MSG24). | C52: 1. Send DELETE request to /api/roles/<id of the Member role>. 2. Request headers: Authorization: Bearer <access token of quantri@trustcabinet.local> (Admin, AdminUsers). 3. Query parameters: None. 4. Request body: None (DELETE request). | D52: 1. HTTP 409 Conflict response with code "MSG24". 2. The Member role is still listed. | E52: 1. Backend is running. 2. Signed in as quantri@trustcabinet.local (AdminUsers). | F52: Pending
A53: ACC_API_IT35 | B53: Verify deleting an unknown role returns 404 with an empty body. | C53: 1. Send DELETE request to /api/roles/<random UUID that no role has>. 2. Request headers: Authorization: Bearer <access token of quantri@trustcabinet.local> (Admin, AdminUsers). 3. Query parameters: None. 4. Request body: None (DELETE request). | D53: 1. HTTP 404 Not Found response with an empty body. | E53: 1. Backend is running. 2. Signed in as quantri@trustcabinet.local (AdminUsers). | F53: Pending
A54: ACC_API_IT36 | B54: Verify a role id that is not a UUID does not match any route. | C54: 1. Send DELETE request to /api/roles/Chair. 2. Request headers: Authorization: Bearer <access token of quantri@trustcabinet.local> (Admin, AdminUsers). 3. Query parameters: None. 4. Request body: None (DELETE request). | D54: 1. HTTP 404 Not Found response. 2. No role is deleted. | E54: 1. Backend is running. 2. Signed in as quantri@trustcabinet.local (AdminUsers). | F54: Pending
A55: ACC_API_IT37 | B55: Verify DELETE /api/roles/{id} returns MSG28 when the database is unavailable. | C55: 1. Send DELETE request to /api/roles/<id of "Thư ký phó">. 2. Request headers: Authorization: Bearer <access token of quantri@trustcabinet.local> (Admin, AdminUsers). 3. Query parameters: None. 4. Request body: None (DELETE request). | D55: 1. HTTP 500 Internal Server Error response. 2. Response JSON body: code "MSG28", message "Không thể xoá vai trò. Vui lòng thử lại.". | E55: 1. Backend is running. 2. Signed in as quantri@trustcabinet.local (AdminUsers). 3. Custom role "Thư ký phó" exists. 4. The PostgreSQL container is stopped after sign-in. | F55: Pending
A56: GET /api/roles/capabilities
A57: ACC_API_IT38 | B57: Verify the role matrix returns 401 to an anonymous caller. | C57: 1. Send GET request to /api/roles/capabilities. 2. Request headers: None (no authentication). 3. Query parameters: None. 4. Request body: None (GET request). | D57: 1. HTTP 401 Unauthorized response. | E57: 1. Backend is running. 2. Request is sent without authentication. | F57: Pending
A58: ACC_API_IT39 | B58: Verify the role matrix returns 403 without AdminUsers. | C58: 1. Send GET request to /api/roles/capabilities. 2. Request headers: Authorization: Bearer <access token of thuky@trustcabinet.local> (Secretary, MeetingCreator). 3. Query parameters: None. 4. Request body: None (GET request). | D58: 1. HTTP 403 Forbidden response. | E58: 1. Backend is running. 2. Signed in as thuky@trustcabinet.local (no AdminUsers). | F58: Pending
A59: ACC_API_IT40 | B59: Verify a token claiming AdminUsers is refused once the role has lost it. | C59: 1. Send GET request to /api/roles/capabilities. 2. Request headers: Authorization: Bearer <access token issued while the caller's role still had AdminUsers>. 3. Query parameters: None. 4. Request body: None (GET request). | D59: 1. HTTP 403 Forbidden response. | E59: 1. Backend is running. 2. The caller's role had AdminUsers when the token was issued and it has since been removed in the role matrix. | F59: Pending
A60: ACC_API_IT41 | B60: Verify a deactivated administrator is refused the role matrix even with a valid token. | C60: 1. Send GET request to /api/roles/capabilities. 2. Request headers: Authorization: Bearer <access token of an administrator who has since been deactivated>. 3. Query parameters: None. 4. Request body: None (GET request). | D60: 1. HTTP 403 Forbidden response. | E60: 1. Backend is running. 2. The administrator signed in, kept the access token and was then deactivated. | F60: Pending
A61: ACC_API_IT42 | B61: Verify GET /api/roles/capabilities returns the matrix and the capability catalogue. | C61: 1. Send GET request to /api/roles/capabilities. 2. Request headers: Authorization: Bearer <access token of quantri@trustcabinet.local> (Admin, AdminUsers). 3. Query parameters: None. 4. Request body: None (GET request). | D61: 1. HTTP 200 OK response. 2. roles lists every role; capabilities lists the four capabilities. 3. The Member role ("Thành viên", isBuiltIn true, with a description) has exactly ["MinutesEditor"]. | E61: 1. Backend is running. 2. Signed in as quantri@trustcabinet.local (AdminUsers). 3. MinutesEditor is ticked for the Member role. | F61: Pending
A62: ACC_API_IT43 | B62: Verify every catalogue entry carries a code and a Vietnamese name. | C62: 1. Send GET request to /api/roles/capabilities. 2. Request headers: Authorization: Bearer <access token of quantri@trustcabinet.local> (Admin, AdminUsers). 3. Query parameters: None. 4. Request body: None (GET request). | D62: 1. HTTP 200 OK response. 2. Every item of capabilities has a non-empty code and a non-empty Vietnamese name. | E62: 1. Backend is running. 2. Signed in as quantri@trustcabinet.local (AdminUsers). | F62: Pending
A63: PUT /api/roles/capabilities
A64: ACC_API_IT44 | B64: Verify PUT /api/roles/capabilities saves a role's capabilities and returns MSG16 with the new matrix. | C64: 1. Send PUT request to /api/roles/capabilities. 2. Request headers: Content-Type: application/json; Authorization: Bearer <access token of quantri@trustcabinet.local> (Admin, AdminUsers). 3. Query parameters: None. 4. Request JSON body: { "roleId": "<id of the Member role>", "capabilities": ["MeetingCreator"] }. | D64: 1. HTTP 200 OK response. 2. Response JSON body: code "MSG16", message "Cập nhật phân quyền thành công.". 3. In matrix.roles the Member role has exactly ["MeetingCreator"]. | E64: 1. Backend is running. 2. Signed in as quantri@trustcabinet.local (AdminUsers). | F64: Pending
A65: ACC_API_IT45 | B65: Verify changing the matrix does not sign out the accounts holding the role. | C65: 1. Send PUT request to /api/roles/capabilities with body { "roleId": "<id of the Member role>", "capabilities": ["MeetingCreator"] }. 2. Send it again with "capabilities": []. 3. In the browser where thanhvien@trustcabinet.local is signed in, reload the page. | D65: 1. Both requests return HTTP 200 OK. 2. thanhvien@trustcabinet.local stays signed in. | E65: 1. Backend is running. 2. Signed in as quantri@trustcabinet.local (AdminUsers). 3. thanhvien@trustcabinet.local is signed in in another browser. | F65: Pending
A66: ACC_API_IT46 | B66: Verify PUT /api/roles/capabilities returns MSG18 when the database is unavailable. | C66: 1. Send PUT request to /api/roles/capabilities. 2. Request headers: Content-Type: application/json; Authorization: Bearer <access token of quantri@trustcabinet.local> (Admin, AdminUsers). 3. Query parameters: None. 4. Request JSON body: { "roleId": "<id of the Member role>", "capabilities": ["MeetingCreator"] }. | D66: 1. HTTP 500 Internal Server Error response. 2. Response JSON body: code "MSG18", message "Không thể cập nhật phân quyền. Vui lòng thử lại.". | E66: 1. Backend is running. 2. Signed in as quantri@trustcabinet.local (AdminUsers). 3. The PostgreSQL container is stopped after sign-in. | F66: Pending
A67: ACC_API_IT47 | B67: Verify a capability name is accepted in any letter case. | C67: 1. Send PUT request to /api/roles/capabilities. 2. Request headers: Content-Type: application/json; Authorization: Bearer <access token of quantri@trustcabinet.local> (Admin, AdminUsers). 3. Query parameters: None. 4. Request JSON body: { "roleId": "<id of the Member role>", "capabilities": ["meetingCreator"] }. | D67: 1. HTTP 200 OK response. 2. The Member role now has MeetingCreator. | E67: 1. Backend is running. 2. Signed in as quantri@trustcabinet.local (AdminUsers). | F67: Pending
A68: ACC_API_IT48 | B68: Verify removing the last AdminUsers grant is refused with MSG17. | C68: 1. Send PUT request to /api/roles/capabilities. 2. Request headers: Content-Type: application/json; Authorization: Bearer <access token of quantri@trustcabinet.local> (Admin, AdminUsers). 3. Query parameters: None. 4. Request JSON body: { "roleId": "<id of the Admin role>", "capabilities": [] }. | D68: 1. HTTP 400 Bad Request response. 2. Response JSON body has code "MSG17" ("Cấu hình phân quyền không hợp lệ.") and an error on adminUsers. 3. The Admin role keeps AdminUsers. | E68: 1. Backend is running. 2. Signed in as quantri@trustcabinet.local (AdminUsers). 3. The Admin role is the only role with AdminUsers. | F68: Pending
A69: ACC_API_IT49 | B69: Verify an unknown roleId returns MSG17 on roleId. | C69: 1. Send PUT request to /api/roles/capabilities with body { "roleId": "01990000-0000-7000-8000-000000000000", "capabilities": ["AdminUsers"] }. 2. Repeat with "roleId": "Admin". 3. Repeat with "roleId": "". | D69: 1. Each request returns HTTP 400 Bad Request. 2. Each response JSON body has code "MSG17" and an error on roleId. | E69: 1. Backend is running. 2. Signed in as quantri@trustcabinet.local (AdminUsers). | F69: Pending
A70: ACC_API_IT50 | B70: Verify an unknown capability returns MSG17 naming it. | C70: 1. Send PUT request to /api/roles/capabilities. 2. Request headers: Content-Type: application/json; Authorization: Bearer <access token of quantri@trustcabinet.local> (Admin, AdminUsers). 3. Query parameters: None. 4. Request JSON body: { "roleId": "<id of the Member role>", "capabilities": ["DeleteEverything"] }. | D70: 1. HTTP 400 Bad Request response with code "MSG17". 2. errors.capabilities mentions DeleteEverything. | E70: 1. Backend is running. 2. Signed in as quantri@trustcabinet.local (AdminUsers). | F70: Pending
A71: ACC_API_IT51 | B71: Verify every unknown capability is named, not just the first. | C71: 1. Send PUT request to /api/roles/capabilities. 2. Request headers: Content-Type: application/json; Authorization: Bearer <access token of quantri@trustcabinet.local> (Admin, AdminUsers). 3. Query parameters: None. 4. Request JSON body: { "roleId": "<id of the Member role>", "capabilities": ["Nonsense", "AlsoWrong"] }. | D71: 1. HTTP 400 Bad Request response. 2. errors.capabilities mentions both Nonsense and AlsoWrong. | E71: 1. Backend is running. 2. Signed in as quantri@trustcabinet.local (AdminUsers). | F71: Pending
A72: ACC_API_IT52 | B72: Verify a missing capability list is refused rather than read as empty. | C72: 1. Send PUT request to /api/roles/capabilities. 2. Request headers: Content-Type: application/json; Authorization: Bearer <access token of quantri@trustcabinet.local> (Admin, AdminUsers). 3. Query parameters: None. 4. Request JSON body: { "roleId": "<id of the Secretary role>" }. | D72: 1. HTTP 400 Bad Request response with code "MSG17". 2. The Secretary role keeps its capabilities. | E72: 1. Backend is running. 2. Signed in as quantri@trustcabinet.local (AdminUsers). 3. The Secretary role has at least one capability. | F72: Pending
A73: ACC_API_IT53 | B73: Verify an empty capability list is accepted and removes every capability. | C73: 1. Send PUT request to /api/roles/capabilities. 2. Request headers: Content-Type: application/json; Authorization: Bearer <access token of quantri@trustcabinet.local> (Admin, AdminUsers). 3. Query parameters: None. 4. Request JSON body: { "roleId": "<id of the Secretary role>", "capabilities": [] }. | D73: 1. HTTP 200 OK response. 2. The Secretary role has no capability in the matrix. | E73: 1. Backend is running. 2. Signed in as quantri@trustcabinet.local (AdminUsers). | F73: Pending
A74: ACC_API_IT54 | B74: Verify a rejected matrix change carries a Vietnamese message. | C74: 1. Send PUT request to /api/roles/capabilities. 2. Request headers: Content-Type: application/json; Authorization: Bearer <access token of quantri@trustcabinet.local> (Admin, AdminUsers). 3. Query parameters: None. 4. Request JSON body: { "roleId": "<id of the Admin role>", "capabilities": [] }. | D74: 1. HTTP 400 Bad Request response. 2. message is "Cấu hình phân quyền không hợp lệ." (Vietnamese text). | E74: 1. Backend is running. 2. Signed in as quantri@trustcabinet.local (AdminUsers). | F74: Pending

Sheet Agenda
A2: Feature | B2: Agenda | P2: Passed
A3: Test requirement | B3: API tests for the agenda endpoints | P3: Failed
A4: Number of TCs | B4: 57 | P4: Pending
A5: Testing Round | B5: Passed | C5: Failed | D5: Pending | E5: N/A | P5: Skipped
A6: Round 1 | B6: =COUNTIF(F12:F106,"Passed") -> 0 | C6: =COUNTIF(F12:F106,"Failed") -> 0 | D6: =B4-B6-C6-E6 -> 57 | E6: =COUNTIF(F12:F106,"Skipped") -> 0
A7: Round 2 | B7: =COUNTIF(I12:I106,"Passed") -> 0 | C7: =COUNTIF(I12:I106,"Failed") -> 0 | D7: =B4-B7-C7-E7 -> 57 | E7: =COUNTIF(I12:I106,"Skipped") -> 0
A8: Round 3 | B8: =COUNTIF(L12:L106,"Passed") -> 0 | C8: =COUNTIF(L12:L106,"Failed") -> 0 | D8: =B4-B8-C8-E8 -> 57 | E8: =COUNTIF(L12:L106,"Skipped") -> 0
A10: Test Case ID | B10: Test Case Description | C10: Test Case Procedure | D10: Expected Results | E10: Pre-conditions | F10: Round 1 | G10: Test date | H10: Tester | I10: Round 2 | J10: Test date | K10: Tester | L10: Round 3 | M10: Test date | N10: Tester | O10: Note
A11: POST /api/meetings/{id}/agenda
A12: AGD_API_IT01 | B12: Verify the Secretary can plan the agenda in Draft, WaitingApproval, Rejected, Approved, Published and InProgress. | C12: 1. For a meeting in each of the six statuses, as its Secretary send POST /api/meetings/<id>/agenda with body { "title": " Báo cáo ", "presenterId": "<id of the Member>", "documentIds": ["<id of a meeting document>"] }. 2. Send GET /api/meetings/<id>/agenda. | D12: 1. Each create returns HTTP 201 Created with code "MSG60" ("Tạo mục nghị sự thành công.") and Location /api/meetings/<id>/agenda. 2. The agenda lists one item titled "Báo cáo" (trimmed) with the presenter and the linked document. | E12: 1. Backend is running. 2. One meeting per status, each with a Secretary, a Member and one uploaded document. | F12: Pending
A13: GET /api/meetings/{id}/agenda
A14: AGD_API_IT02 | B14: Verify the agenda requires sign-in, hides itself from outsiders and reports the caller's role. | C14: 1. GET /api/meetings/<id>/agenda without authentication. 2. As an outsider, GET the agenda of this meeting and of a random meeting id. 3. As the Secretary, GET the agenda. | D14: 1. Anonymous: HTTP 401 Unauthorized. 2. Outsider: HTTP 404 for both, with identical bodies. 3. Secretary: HTTP 200 OK with an empty items list and permissions for the Secretary role. | E14: 1. Backend is running. 2. A meeting with no agenda item, a Secretary and an unrelated outsider. | F14: Pending
A15: POST /api/meetings/{id}/agenda
A16: AGD_API_IT03 | B16: Verify an invalid agenda body returns MSG66 and writes nothing. | C16: 1. As the Secretary, POST /api/meetings/<id>/agenda with each body: presenterId "bad"; "Title" in the wrong case; title twice; an extra status; actualStartedAt; presenterName; {}; null; []. | D16: 1. Each request returns HTTP 400 Bad Request with code "MSG66" ("Thông tin mục nghị sự không hợp lệ.") and errors. 2. No agenda item is created. | E16: 1. Backend is running. 2. A Draft meeting with its Secretary signed in and no agenda item. | F16: Pending
A17: AGD_API_IT04 | B17: Verify malformed Unicode in a property name returns a validation error without changes. | C17: 1. As the Secretary, send create, update and reorder requests whose JSON property name is the lone surrogate \ud800, then \udc00. | D17: 1. Each request returns HTTP 400 with code "MSG66" (or "MSG143" for reorder). 2. The agenda and the realtime event count are unchanged. | E17: 1. Backend is running. 2. A meeting with agenda items and its Secretary signed in. | F17: Pending
A18: AGD_API_IT05 | B18: Verify field limits, duplicate ids, presenter and document checks. | C18: 1. As the Secretary, create items with: a 301-character title; a 4001-character description; an empty guest presenter id; both a guest and a member presenter; an outsider as presenter; the empty UUID as presenter; the same document twice; the empty UUID as document; a document of another meeting. | D18: 1. Each request returns HTTP 400 with code "MSG66" naming the field (title, description, presenter or documentIds). 2. No item is created. | E18: 1. Backend is running. 2. Two meetings with documents; the Secretary of the first is signed in. | F18: Pending
A19: PUT /api/meetings/{id}/agenda/{itemId}
A20: AGD_API_IT06 | B20: Verify update, delete and reorder keep fixed positions and document links. | C20: 1. Link the document to item 2 (PUT), then link it to item 1 (PUT). 2. DELETE item 2. 3. Reorder the remaining items with PUT /agenda/order. | D20: 1. Updates return HTTP 200 with code "MSG61"; the document moves to item 1. 2. Delete returns HTTP 200 with code "MSG62"; the document stays linked to item 1. 3. Reorder returns HTTP 200 with code "MSG63". | E20: 1. Backend is running. 2. A Draft meeting with three agenda items and one document. | F20: Pending
A21: POST /api/meetings/{id}/agenda/{itemId}/current
A22: AGD_API_IT07 | B22: Verify starting and completing items follows role, state and the server clock. | C22: 1. As the Secretary, POST /agenda/<item 1>/current and /agenda/<item 1>/complete. 2. As the Chair, start item 1, then try to start item 2. 3. As the Chair, complete item 1. | D22: 1. Secretary: HTTP 403 with code "MSG73" for start and "MSG74" for complete. 2. Chair start: HTTP 200 with code "MSG64"; second start: HTTP 409 with code "MSG72" ("Đã có mục nghị sự đang diễn ra."). 3. Complete: HTTP 200 with code "MSG65"; actual start and end times are set by the server. | E22: 1. Backend is running. 2. An InProgress meeting with a Chair, a Secretary and Pending items. | F22: Pending
A23: AGD_API_IT08 | B23: Verify an Ended meeting's agenda is read-only and a meeting not running cannot execute items. | C23: 1. On the Ended meeting, as the Secretary POST a new item and GET /agenda/editor-options. 2. As the Chair, start and complete an item. 3. Repeat start on a Published meeting that has not started. | D23: 1. Planning returns HTTP 409 with code "MSG67". 2. Start returns HTTP 409 with code "MSG73"; complete returns HTTP 409 with code "MSG74". | E23: 1. Backend is running. 2. An Ended meeting and a Published meeting with agenda items. | F23: Pending
A24: POST /api/meetings/{id}/agenda
A25: AGD_API_IT09 | B25: Verify each failed save rolls back and sends no realtime event. | C25: 1. Stop PostgreSQL just before each request: create (Secretary), update, delete, reorder, start (Chair), complete (Chair). | D25: 1. Create returns HTTP 503 with code "MSG68", update "MSG69", delete "MSG70", reorder "MSG71", start "MSG75", complete "MSG76". 2. Message: "Không lưu được thao tác nghị sự. Vui lòng thử lại.". 3. After restart the agenda is unchanged and no other viewer received an update. | E25: 1. Backend is running. 2. An InProgress meeting with agenda items; Chair and Secretary signed in. | F25: Pending
A26: GET /api/meetings/{id}/agenda
A27: AGD_API_IT10 | B27: Verify a read failure returns MSG128 and a realtime push failure does not undo a saved change. | C27: 1. Stop PostgreSQL and GET the agenda. 2. Restart PostgreSQL, stop the realtime hub delivery and create an item. | D27: 1. The read returns HTTP 500 with code "MSG128" ("Không tải được chương trình nghị sự."). 2. The create returns HTTP 201 with code "MSG60" and the item is saved. | E27: 1. Backend is running. 2. A meeting with three agenda items and its Secretary signed in. | F27: Pending
A28: POST /api/meetings/{id}/agenda
A29: AGD_API_IT11 | B29: Verify a system administrator, a presenter or another meeting's Secretary gain no agenda role. | C29: 1. Give the Member the system Admin role and make them presenter of item 1. 2. As the Member, create an item and start item 1. 3. As the Secretary of another meeting, create an item here. | D29: 1. Create returns HTTP 403 with code "MSG67"; start returns HTTP 403 with code "MSG73". 2. The other meeting's Secretary is refused. | E29: 1. Backend is running. 2. An InProgress meeting with agenda items and a second meeting with its own Secretary. | F29: Pending
A30: PUT /api/meetings/{id}/agenda/order
A31: AGD_API_IT12 | B31: Verify reorder can move Done and current items and a no-op keeps the update time. | C31: 1. Reorder four items so the Done item and the current item move. 2. Send the same order again. | D31: 1. The first reorder returns HTTP 200 with code "MSG63". 2. The repeat changes nothing; updatedAt stays the same. | E31: 1. Backend is running. 2. A meeting with four items: item 1 Done, item 3 InProgress. | F31: Pending
A32: PUT /api/meetings/{id}/agenda/{itemId}
A33: AGD_API_IT13 | B33: Verify unlinking a document does not delete it, and an inactive presenter must be replaced. | C33: 1. Set item 1 presenter to the Member with the document, then save it without the document. 2. Start and complete item 1 as the Chair. 3. Deactivate the Member and update item 1 keeping the Member as presenter. | D33: 1. Both updates return HTTP 200 with code "MSG61"; the document still exists in the meeting documents. 2. Start and complete succeed (MSG64, MSG65). 3. Keeping an inactive presenter is refused with code "MSG66". | E33: 1. Backend is running. 2. An InProgress meeting with a Chair, a Secretary, a Member and a document. | F33: Pending
A34: DELETE /api/meetings/{id}/agenda/{itemId}
A35: AGD_API_IT14 | B35: Verify a delete blocked by a database constraint keeps notes and the agenda. | C35: 1. Add a meeting note attached to item 1 and another note for the meeting. 2. As the Secretary, DELETE /agenda/<item 1>. | D35: 1. HTTP 503 with code "MSG70". 2. Both notes and the agenda item remain. | E35: 1. Backend is running. 2. A meeting with agenda items on PostgreSQL. | F35: Pending
A36: POST /api/meetings/{id}/agenda/{itemId}/complete
A37: AGD_API_IT15 | B37: Verify completing with an invalid actual time fails without changing the evidence. | C37: 1. Mark item 1 InProgress without an actual start time (test data). 2. As the Chair, POST /agenda/<item 1>/complete. | D37: 1. HTTP 503 with code "MSG76". 2. The item stays InProgress with no actual end time. | E37: 1. Backend is running. 2. An InProgress meeting on PostgreSQL. | F37: Pending
A38: POST /api/meetings/{id}/agenda
A39: AGD_API_IT16 | B39: Verify a failure linking several documents rolls back the new item. | C39: 1. Add a database trigger that fails when the document "Injected link failure" is linked. 2. As the Secretary, create an item linking a normal document and that document. | D39: 1. HTTP 503 with code "MSG68". 2. No new item and no document link is saved. | E39: 1. Backend is running. 2. A meeting with two documents on PostgreSQL. | F39: Pending
A40: POST /api/meetings/{id}/agenda/{itemId}/current
A41: AGD_API_IT17 | B41: Verify ending a meeting rolls back the agenda change and the history when the save fails. | C41: 1. As the Chair, start item 1. 2. End the meeting while the database fails on save. | D41: 1. The end is refused. 2. Item 1 stays InProgress and no end history row is written. | E41: 1. Backend is running. 2. An InProgress meeting on PostgreSQL. | F41: Pending
A42: GET /api/meetings/{id}/agenda
A43: AGD_API_IT18 | B43: Verify a cancelled request is cancelled, not reported as a business error. | C43: 1. Pause PostgreSQL, send GET /agenda and POST /agenda, and cancel both in the client before they answer. | D43: 1. The requests are cancelled; the backend log shows cancellation, not a failure code. | E43: 1. Backend is running. 2. A meeting with agenda items and its Secretary signed in. | F43: Pending
A44: POST /api/meetings/{id}/agenda
A45: AGD_API_IT19 | B45: Verify a slow realtime publish after commit does not lose or misreport the saved item. | C45: 1. Slow down the realtime hub so publishing takes longer than the request timeout. 2. As the Secretary, create the item "Committed". 3. Repeat with the publish failing after the timeout. | D45: 1. The item "Committed" is saved in both runs. 2. The response reports success; the late failure is only logged. | E45: 1. Backend is running. 2. A meeting with no agenda item on PostgreSQL. | F45: Pending
A46: Development agenda data
A47: AGD_API_IT20 | B47: Verify the agenda demo data only inserts and survives user edits and deleted items. | C47: 1. Start the backend on a development database with the demo accounts. 2. Rename the running demo meeting to "User edit" and delete its fourth agenda item. 3. Restart the backend. | D47: 1. After restart the title is still "User edit" and the deleted item is not recreated. | E47: 1. Backend is running. 2. Development database with thuky, chutoa and thanhvien. | F47: Pending
A48: POST /api/meetings/{id}/agenda
A49: AGD_API_IT21 | B49: Verify simultaneous creates get distinct positions. | C49: 1. As the Secretary, send 8 POST /agenda requests at the same time (Postman runner, parallel). | D49: 1. All 8 return HTTP 201. 2. The agenda has 11 items with 11 distinct positions 1 to 11. | E49: 1. Backend is running. 2. A meeting with three agenda items. | F49: Pending
A50: POST /api/meetings/{id}/agenda/{itemId}/current
A51: AGD_API_IT22 | B51: Verify two simultaneous starts have one winner and one current item. | C51: 1. As the Chair, send two start requests at the same time, for the same item and then for two different items. | D51: 1. One request returns HTTP 200 and the other HTTP 409. 2. Exactly one item is InProgress. | E51: 1. Backend is running. 2. An InProgress meeting with Pending items. | F51: Pending
A52: PUT /api/meetings/{id}/agenda/order
A53: AGD_API_IT23 | B53: Verify two reorders from the same snapshot do not silently overwrite each other. | C53: 1. GET the agenda and keep orderVersion. 2. Send two PUT /agenda/order at once with that orderVersion and different orders. | D53: 1. One returns HTTP 200 with code "MSG63". 2. The other returns HTTP 409 with code "MSG143" ("Chương trình nghị sự đã thay đổi. Vui lòng tải lại."). | E53: 1. Backend is running. 2. A meeting with three agenda items and its Secretary signed in. | F53: Pending
A54: PUT /api/meetings/{id}/agenda/{itemId}
A55: AGD_API_IT24 | B55: Verify an update waiting for the meeting lock rechecks state and role. | C55: 1. In psql, lock the meeting row (SELECT ... FOR UPDATE) and keep the transaction open. 2. As the Secretary, send PUT /agenda/<item 1> with title "Updated after lock". 3. Inside the open transaction, in turn: start the item, end the meeting, change the Secretary's role, remove the Secretary; then commit. | D55: 1. Item started: the update succeeds (HTTP 200, "MSG61"). 2. Meeting ended: HTTP 409 with code "MSG67". 3. Role changed: HTTP 403 with code "MSG67". 4. Secretary removed: HTTP 404. | E55: 1. Backend is running. 2. An InProgress meeting on PostgreSQL. | F55: Pending
A56: PUT /api/meetings/{id}/agenda/order
A57: AGD_API_IT25 | B57: Verify a reorder waiting behind a change to the item set detects the stale snapshot. | C57: 1. GET the agenda; lock the meeting row in psql. 2. Send PUT /agenda/order with the snapshot's orderVersion. 3. Inside the lock, start an item / delete an item / create an item, then commit. | D57: 1. The reorder returns HTTP 409 with code "MSG143" in each case. | E57: 1. Backend is running. 2. A meeting with three agenda items on PostgreSQL. | F57: Pending
A58: POST /api/meetings/{id}/agenda/{itemId}/current
A59: AGD_API_IT26 | B59: Verify ending the meeting saves the agenda only together with the meeting end. | C59: 1. As the Chair, start item 1. 2. End the meeting, then roll the end back (database failure). | D59: 1. Item 1 is closed only when the meeting end is saved; after the rollback it is still InProgress. | E59: 1. Backend is running. 2. An InProgress meeting on PostgreSQL. | F59: Pending
A60: GET /api/meetings/{id}/agenda (guest)
A61: AGD_API_IT27 | B61: Verify a guest sees the agenda with document names but no write permission and no user identities. | C61: 1. As the Secretary, link a document to item 1. 2. As an invited guest with a verified session, GET the agenda. | D61: 1. HTTP 200 OK. 2. Every permission is false. 3. Items show document metadata but no internal user ids or emails. | E61: 1. Backend is running. 2. A Published meeting with a verified guest invitation. | F61: Pending
A62: AGD_API_IT28 | B62: Verify a guest cannot use editor options or any change, even with a colliding user id. | C62: 1. As the guest, GET /agenda/editor-options, PUT /agenda/<item>/conclusion, POST /agenda, PUT /agenda/order, POST /agenda/<item>/current. 2. Repeat with a guest token whose subject equals the Secretary's id. | D62: 1. Every request returns HTTP 403 Forbidden. 2. The agenda and events are unchanged. | E62: 1. Backend is running. 2. A Published meeting with a verified guest invitation. | F62: Pending
A63: AGD_API_IT29 | B63: Verify the guest's access is checked again on every read. | C63: 1. As the guest, GET the agenda. 2. Revoke the invitation, expire the session, mark it unverified or remove the session; GET the agenda again after each. | D63: 1. The first read returns HTTP 200. 2. After each change the read returns HTTP 404. | E63: 1. Backend is running. 2. A Published meeting with a verified guest invitation. | F63: Pending
A64: AGD_API_IT30 | B64: Verify a guest sees the agenda only when a member could. | C64: 1. As an invited guest, GET the agenda of a Draft, WaitingApproval, Rejected, Approved, Published and Ended meeting. | D64: 1. Draft, WaitingApproval, Rejected and Approved return HTTP 404. 2. Published and Ended return HTTP 200. | E64: 1. Backend is running. 2. One meeting per status, each with a guest invitation. | F64: Pending
A65: AGD_API_IT31 | B65: Verify guest access is denied when the guest access adapter is not configured. | C65: 1. Run the backend with the default (unavailable) guest access adapter. 2. GET the agenda with a guest token. | D65: 1. HTTP 404 Not Found. | E65: 1. Backend is running. 2. A Published meeting with a guest invitation. | F65: Pending
A66: AGD_API_IT32 | B66: Verify an invalid identity, an expired token or an adapter failure never returns data. | C66: 1. GET the agenda with a guest token for an empty invitation id. 2. Make the guest store fail and GET the agenda. 3. GET the agenda with an expired guest token. | D66: 1. Invalid identity: HTTP 404. 2. Store failure: HTTP 500 with code "MSG128". 3. Expired token: HTTP 401. | E66: 1. Backend is running. 2. A Published meeting with a guest invitation. | F66: Pending
A67: Realtime /hubs/meetings
A68: AGD_API_IT33 | B68: Verify guest realtime updates are scoped to the meeting and the session and recipients are rechecked. | C68: 1. Open three guest sessions in separate browsers: two for this meeting (different sessions), one for another meeting; join each meeting's hub. 2. As the Secretary, change the agenda of this meeting. 3. Revoke one guest session and change the agenda again. | D68: 1. Both guests of this meeting receive agendaChanged; the other meeting's guest receives nothing. 2. After revocation only the remaining session receives the next change. | E68: 1. Backend is running. 2. Two Published meetings with guest invitations. | F68: Pending
A69: AGD_API_IT34 | B69: Verify realtime agenda changes reach only joined, authorized readers. | C69: 1. Open the meeting in browsers for the Secretary, the Member, an outsider and a member of another meeting; each joins this meeting's hub. 2. As the Secretary create an item, update it, reorder; as the Chair start and complete it. | D69: 1. The Secretary and the Member see each change live. 2. The outsider and the other meeting's member receive nothing. | E69: 1. Backend is running. 2. Two InProgress meetings on PostgreSQL. | F69: Pending
A70: AGD_API_IT35 | B70: Verify a viewer who loses access stops receiving updates. | C70: 1. The Member joins the hub and sees an agenda change. 2. Deactivate the Member / remove them / soft-remove them / mark them delegated. 3. As the Secretary, change the agenda again. | D70: 1. The first change arrives. 2. After the access change no further event arrives. | E70: 1. Backend is running. 2. A Published meeting with a Member. | F70: Pending
A71: AGD_API_IT36 | B71: Verify a no-op or failed write sends nothing and leaving is per connection. | C71: 1. The Member joins the hub in two tabs. 2. As the Secretary, save an item without changes, then make a failing write. 3. Leave the meeting in the first tab and make a real change. | D71: 1. No event for the no-op or the failed write. 2. After leaving, the second tab still receives the real change. | E71: 1. Backend is running. 2. A Published meeting with a Member. | F71: Pending
A72: AGD_API_IT37 | B72: Verify a token in the query string works only for the hub and an expiring connection closes. | C72: 1. GET /api/meetings/<id>/agenda?access_token=<member token> without an Authorization header. 2. POST /hubs/meetings/negotiate?negotiateVersion=1&access_token=<member token>. 3. Connect to the hub with a token about to expire and wait past expiry. | D72: 1. The API request returns HTTP 401. 2. The negotiate request returns HTTP 200. 3. The hub connection is closed when the token expires. | E72: 1. Backend is running. 2. A Published meeting with a Member. | F72: Pending
A73: GET /api/meetings/{id}/agenda
A74: AGD_API_IT38 | B74: Verify loading the agenda uses the same number of queries for 1 item or 50 items with documents. | C74: 1. Enable SQL logging. 2. GET the agenda of a meeting with 1 item, then of a meeting with 50 items, 4 documents each and a guest presenter. | D74: 1. Both reads return HTTP 200. 2. The number of SQL queries is the same for both. | E74: 1. Backend is running. 2. Two meetings on PostgreSQL as described. | F74: Pending
A75: AGD_API_IT39 | B75: Measure 100 active users reading the agenda and resynchronising in real time (not a deployment certification). | C75: 1. Create 100 users on the roster of a meeting with 50 items. 2. Have each user read the agenda and join the hub (load script). 3. Make one agenda change and measure when every client has resynchronised. | D75: 1. Every read succeeds. 2. All 100 clients receive the change; timings are recorded for information only. | E75: 1. Backend is running. 2. A local PostgreSQL test database and a load script. | F75: Pending
A76: DELETE /api/meetings/{id}/participants/{participantId}
A77: AGD_API_IT40 | B77: Verify removing a participant clears them as presenter of every item at once or rolls back. | C77: 1. Make the Member (or a guest) presenter of several items. 2. Remove the Member (or revoke the guest), once normally and once with a database failure. | D77: 1. On success, every item loses that presenter in one change. 2. On failure, the participant and all presenters are unchanged. | E77: 1. Backend is running. 2. A Published meeting with agenda items on PostgreSQL. | F77: Pending
A78: PUT /api/meetings/{id}/agenda/{itemId}/conclusion
A79: AGD_API_IT41 | B79: Verify a conclusion waiting for the meeting lock rechecks the minutes and the role. | C79: 1. Lock the meeting row in psql. 2. As the Secretary, PUT /agenda/<done item>/conclusion. 3. Inside the lock: create minutes / change the Secretary's role / remove the Secretary; commit. | D79: 1. With minutes: HTTP 409 with code "MSG273". 2. Role changed: HTTP 403 with code "MSG273". 3. Removed: HTTP 404. | E79: 1. Backend is running. 2. An InProgress meeting with a Done item on PostgreSQL. | F79: Pending
A80: PUT /api/meetings/{id}/agenda/{itemId}
A81: AGD_API_IT42 | B81: Verify assigning a presenter waiting for the lock rechecks removal or revocation. | C81: 1. Lock the meeting row in psql. 2. As the Secretary, set the guest (or Member) as presenter of item 1. 3. Inside the lock, revoke the guest (or remove the Member); commit. | D81: 1. The assignment is refused with code "MSG66"; item 1 keeps its presenter. | E81: 1. Backend is running. 2. A Published meeting with a guest and a Member on PostgreSQL. | F81: Pending
A82: PUT /api/meetings/{id}/agenda/{itemId}/conclusion
A83: AGD_API_IT43 | B83: Verify two simultaneous conclusions store one whole content, author and time. | C83: 1. As the Chair and the Secretary at the same time, PUT the conclusion "Chair" and "Secretary" for the same Done item. | D83: 1. Both requests succeed. 2. The stored conclusion is exactly one of the two, with that person as author and a matching time. | E83: 1. Backend is running. 2. An InProgress meeting with a Done item. | F83: Pending
A84: Agenda database migration
A85: AGD_API_IT44 | B85: Verify the agenda migration keeps old data, adds constraints and refuses a lossy downgrade. | C85: 1. Create a database at the migration before SynchronizeAgendaWithPoRequirements and insert legacy agenda data. 2. Upgrade to the latest migration. 3. Try to downgrade back. | D85: 1. After upgrade the legacy data is kept and the new constraints exist. 2. The downgrade stops with an error instead of losing data. | E85: 1. Backend is running. 2. A local PostgreSQL test database. | F85: Pending
A86: PUT /api/meetings/{id}/agenda/{itemId}
A87: AGD_API_IT45 | B87: Verify presenter and shared documents can be changed for Pending, InProgress and Done items. | C87: 1. For item 1 in each status, as the Secretary, set a guest presenter and link a document; then switch to a member presenter. | D87: 1. Each update returns HTTP 200 with code "MSG61". | E87: 1. Backend is running. 2. A meeting with a guest invitation and documents. | F87: Pending
A88: PUT /api/meetings/{id}/agenda/{itemId}/conclusion
A89: AGD_API_IT46 | B89: Verify the server decides when a conclusion can be written. | C89: 1. As the Chair and the Secretary, GET the agenda and PUT a conclusion for: InProgress meeting / InProgress item; InProgress / Done; Ended / Done; InProgress / Pending; Published / Done; and any meeting that already has minutes. | D89: 1. The first three return HTTP 200 with code "MSG271" ("Lưu kết luận mục nghị sự thành công."). 2. The others return HTTP 409 with code "MSG273". 3. canEditConclusion in the agenda matches each result. | E89: 1. Backend is running. 2. Meetings and items in those states. | F89: Pending
A90: AGD_API_IT47 | B90: Verify the conclusion body rejects invalid or forged fields. | C90: 1. As the Chair, PUT /agenda/<item>/conclusion with each body: {}; conclusion null; " "; 3; "Conclusion"; conclusion twice; an extra conclusionUpdatedById; an extra title. | D90: 1. Each request returns HTTP 400 with code "MSG272". 2. No conclusion is saved. | E90: 1. Backend is running. 2. An InProgress meeting with a started item. | F90: Pending
A91: AGD_API_IT48 | B91: Verify conclusion length, failure, permission and not-found answers. | C91: 1. As the Chair, save conclusions "A", 2000 characters and 1000 emoji, each with spaces around. 2. Save 2001 characters. 3. Send a non-JSON body, then stop the database and save. 4. As the Member, save a conclusion; as the Chair, save for an unknown item. | D91: 1. Valid lengths return HTTP 200 with code "MSG271" and are trimmed. 2. 2001 characters: HTTP 400 with code "MSG272". 3. Non-JSON: HTTP 415; database down: HTTP 503. 4. Member: HTTP 403 with code "MSG273"; unknown item: HTTP 404. | E91: 1. Backend is running. 2. An InProgress meeting with a started item. | F91: Pending
A92: POST /api/meetings/{id}/agenda/{itemId}/current
A93: AGD_API_IT49 | B93: Verify any Pending item can be started and an old presenter name is not an assignment. | C93: 1. Set a legacy presenter name "Historical name" on item 3. 2. As the Chair, GET the agenda and start item 3. | D93: 1. Every Pending item shows canSetCurrent true. 2. Item 3 starts (HTTP 200, "MSG64"); the legacy name does not notify anyone. | E93: 1. Backend is running. 2. An InProgress meeting with three Pending items. | F93: Pending
A94: PUT /api/meetings/{id}/agenda/{itemId}
A95: AGD_API_IT50 | B95: Verify presenter notifications use the right channel and only a presenter change notifies. | C95: 1. For a Draft, Approved, Published and InProgress meeting: set the Member as presenter of item 1, then change only the title, then switch to a guest presenter. | D95: 1. Every update returns HTTP 200 with code "MSG61". 2. In Draft and Approved no one is notified. 3. In Published and InProgress only the presenter changes notify the new presenter (the title change does not). | E95: 1. Backend is running. 2. One meeting per status with a Member and a guest invitation. | F95: Pending
A96: AGD_API_IT51 | B96: Verify a Secretary who makes themselves presenter is not notified. | C96: 1. Send PUT request to /api/meetings/<id>/agenda/<item 1>. 2. Request headers: Content-Type: application/json; Authorization: Bearer <access token of the meeting Secretary>. 3. Query parameters: None. 4. Request JSON body: { "title": "Báo cáo", "presenterId": "<id of the Secretary>" }. | D96: 1. HTTP 200 OK with code "MSG61". 2. The Secretary is the presenter. 3. No presenter notification is created. | E96: 1. Backend is running. 2. A Published meeting with agenda items. | F96: Pending
A97: AGD_API_IT52 | B97: Verify presenter notifications are not duplicated, recheck the recipient and a failure does not undo the change. | C97: 1. Make the notifier fail, then assign the Member as presenter. 2. Send the same assignment notification twice. 3. Remove the Member, then trigger the notification. | D97: 1. The assignment is saved even though the notification failed. 2. Only one notification is stored for the same assignment. 3. No notification goes to a removed member. | E97: 1. Backend is running. 2. A Published meeting with a Member on PostgreSQL. | F97: Pending
A98: AGD_API_IT53 | B98: Verify an invalid guest presenter rolls back the information and the links. | C98: 1. As the Secretary, update item 1 with title "Must roll back", a document and a guest presenter that belongs to another meeting, is revoked, or does not exist. | D98: 1. Each request returns HTTP 400 with code "MSG66". 2. Item 1 keeps its old title, presenter and documents. | E98: 1. Backend is running. 2. Two meetings, one with a revoked guest invitation. | F98: Pending
A99: PUT /api/meetings/{id}/agenda/order
A100: AGD_API_IT54 | B100: Verify reorder needs at least two items and refuses the old body format. | C100: 1. GET the agenda of a meeting with one item. 2. PUT /agenda/order with its orderVersion and the single id. 3. PUT /agenda/order with the old body format (a list of positions). | D100: 1. permissions.canReorder is false. 2. Both requests return HTTP 400 with code "MSG143" ("Danh sách sắp xếp phải chứa đúng mỗi mục nghị sự một lần."). | E100: 1. Backend is running. 2. A meeting with exactly one agenda item. | F100: Pending
A101: PUT /api/meetings/{id}/agenda/{itemId}/conclusion
A102: AGD_API_IT55 | B102: Verify minutes in any status lock the conclusion, even with empty content. | C102: 1. Create empty minutes for the meeting. 2. For each minutes status, as the Secretary PUT the conclusion "Locked". | D102: 1. Each request returns HTTP 409 with code "MSG273". 2. No conclusion is saved. | E102: 1. Backend is running. 2. An InProgress meeting with a started item. | F102: Pending
...

Sheet Attendance
A2: Feature | B2: Attendance | P2: Passed
A3: Test requirement | B3: API tests for the attendance endpoints | P3: Failed
A4: Number of TCs | B4: 12 | P4: Pending
A5: Testing Round | B5: Passed | C5: Failed | D5: Pending | E5: N/A | P5: Skipped
A6: Round 1 | B6: =COUNTIF(F12:F27,"Passed") -> 0 | C6: =COUNTIF(F12:F27,"Failed") -> 0 | D6: =B4-B6-C6-E6 -> 12 | E6: =COUNTIF(F12:F27,"Skipped") -> 0
A7: Round 2 | B7: =COUNTIF(I12:I27,"Passed") -> 0 | C7: =COUNTIF(I12:I27,"Failed") -> 0 | D7: =B4-B7-C7-E7 -> 12 | E7: =COUNTIF(I12:I27,"Skipped") -> 0
A8: Round 3 | B8: =COUNTIF(L12:L27,"Passed") -> 0 | C8: =COUNTIF(L12:L27,"Failed") -> 0 | D8: =B4-B8-C8-E8 -> 12 | E8: =COUNTIF(L12:L27,"Skipped") -> 0
A10: Test Case ID | B10: Test Case Description | C10: Test Case Procedure | D10: Expected Results | E10: Pre-conditions | F10: Round 1 | G10: Test date | H10: Tester | I10: Round 2 | J10: Test date | K10: Tester | L10: Round 3 | M10: Test date | N10: Tester | O10: Note
A11: GET /api/meetings/{id}/attendance
A12: ATT_API_IT01 | B12: Verify attendance access and private fields are decided by the server. | C12: 1. GET /api/meetings/<id>/attendance without authentication. 2. As an outsider, GET /attendance?page=-1. 3. As the Member, the Chair and the Secretary, GET /attendance. 4. As the Member and the Chair, POST /attendance with one entry. | D12: 1. Anonymous: HTTP 401; outsider: HTTP 404. 2. Member, Chair and Secretary can read (HTTP 200); the Member sees no other person's private details. 3. Only the Secretary may record; the Member and the Chair get HTTP 403. | E12: 1. Backend is running. 2. An InProgress meeting with Chair, Secretary, Member and one guest. | F12: Pending
A13: POST /api/meetings/{id}/attendance
A14: ATT_API_IT02 | B14: Verify a mixed batch saves each change with its own version and audit, and a no-op keeps the metadata. | C14: 1. As the Secretary, GET /attendance. 2. POST /attendance with { "entries": [ { "id": "<member seat id>", "kind": "Internal", "attendance": "Present", "expectedVersion": "<token from GET>" }, { "id": "<guest invitation id>", "kind": "Guest", "attendance": "Absent", "expectedVersion": "<token>" } ] }. 3. Send an entry with the attendance it already has. | D14: 1. Before saving, totals.unmarked is 4. 2. The save returns HTTP 200 with code "MSG147" ("Lưu điểm danh thành công.") and changedCount 2. 3. Each changed person has a new version, recorder and time, and an audit entry. 4. The no-op returns MSG147 and keeps the earlier recorder and time. | E14: 1. Backend is running. 2. An InProgress meeting with Chair, Secretary, Member and one guest. | F14: Pending
A15: ATT_API_IT03 | B15: Verify answering the invitation or changing role keeps the attendance token valid. | C15: 1. As the Secretary, mark the Member Present. 2. As the Member, accept the invitation; as the Secretary, change the Member's role to Secretary. 3. Save the Member's attendance with the token from before these changes. | D15: 1. The response and role changes succeed (MSG105, MSG100). 2. The attendance save with the earlier token is accepted (HTTP 200, MSG147). | E15: 1. Backend is running. 2. An InProgress meeting with a Member. | F15: Pending
A16: ATT_API_IT04 | B16: Verify the attendance body is validated strictly. | C16: 1. As the Secretary, POST /attendance with each body: {}; entries []; entries [null]; entries null; entries twice; an extra actorId; []; an entry with id "invalid". | D16: 1. Each request returns HTTP 400 with code "MSG148" ("Thông tin điểm danh không hợp lệ. Chọn Có mặt hoặc Vắng cho từng người ..."). | E16: 1. Backend is running. 2. An InProgress meeting and its Secretary signed in. | F16: Pending
A17: ATT_API_IT05 | B17: Verify invalid entries are rejected. | C17: 1. POST an entry with: kind "internal" (wrong case); attendance "Unknown"; the empty id; the same entry twice; no expectedVersion; attendance 1 (a number). | D17: 1. Each request returns HTTP 400 with code "MSG148". 2. No attendance changes. | E17: 1. Backend is running. 2. An InProgress meeting and its Secretary signed in. | F17: Pending
A18: ATT_API_IT06 | B18: Verify attendance can be recorded only while the meeting is InProgress. | C18: 1. For a Draft, WaitingApproval, Rejected, Approved, Published and Ended meeting, as the Secretary POST one attendance entry, then GET /attendance. | D18: 1. Each save returns HTTP 409 with code "MSG149" ("Chỉ được điểm danh khi cuộc họp đang diễn ra."). 2. permissions.canRecordAttendance is false. | E18: 1. Backend is running. 2. One meeting per status with a Secretary and a Member. | F18: Pending
A19: GET /api/meetings/{id}/attendance
A20: ATT_API_IT07 | B20: Verify legacy values are shown separately and can be corrected without rewriting others. | C20: 1. Set the Member to Excused and the guest to Delegated (legacy values) and deactivate the Member. 2. GET /attendance?pageSize=1. 3. Correct the guest to Present. | D20: 1. totals.legacy is 2 and the legacy values are shown as they are. 2. The correction saves only the guest; the Member keeps the legacy value. | E20: 1. Backend is running. 2. An InProgress meeting with a Member and a guest. | F20: Pending
A21: ATT_API_IT08 | B21: Verify a corrupt stored attendance is reported, not shown as unmarked. | C21: 1. In psql set the Member's attendance to "Corrupt" (then "999", then "present"). 2. As the Secretary, GET /attendance. | D21: 1. HTTP 500 with code "MSG289" ("Không tải được dữ liệu điểm danh."). 2. The stored value is left as it is. | E21: 1. Backend is running. 2. An InProgress meeting on PostgreSQL. | F21: Pending
A22: POST /api/meetings/{id}/attendance
A23: ATT_API_IT09 | B23: Verify a database failure at commit rolls back the updates, versions and audit together. | C23: 1. Add a deferred trigger that fails when an attendance audit row is committed. 2. As the Secretary, save the Member and the guest as Present. | D23: 1. HTTP 503 with code "MSG150". 2. Neither attendance, version nor audit row is saved. | E23: 1. Backend is running. 2. An InProgress meeting with a guest on PostgreSQL. | F23: Pending
A24: ATT_API_IT10 | B24: Verify a save failure rolls back the batch while a realtime failure keeps the commit. | C24: 1. Make the save fail and record two entries. 2. Make only the realtime push fail and record them again. | D24: 1. Save failure: HTTP 503 with code "MSG150"; versions stay 0 and no audit row exists. 2. Push failure: HTTP 200 with code "MSG147"; the attendance is saved. | E24: 1. Backend is running. 2. An InProgress meeting with a Member and a guest. | F24: Pending
A25: ATT_API_IT11 | B25: Verify a chunked request cannot bypass the body size limit. | C25: 1. Send POST request to /api/meetings/<id>/attendance. 2. Request headers: Content-Type: application/json; Content-Type: application/json; Transfer-Encoding: chunked; Authorization: Bearer <access token of the meeting Secretary>. 3. Query parameters: None. 4. Request JSON body: <more than 64 KiB sent in chunks>. | D25: 1. HTTP 413 with code "MSG87". | E25: 1. Backend is running. 2. An InProgress meeting and its Secretary signed in. | F25: Pending
A26: GET /api/meetings/{id}/attendance
A27: ATT_API_IT12 | B27: Verify read failures, bad queries, media type, size and wrong ids have stable codes. | C27: 1. Make the guest profile read fail and GET /attendance. 2. GET /attendance with page=0, page=1&page=2, pageSize=101, q=x, page=-1, page=2147483648. 3. POST /attendance with a text/plain body, then with an oversized body, then with ids of another meeting. | D27: 1. Read failure: HTTP 500 with code "MSG289". 2. Each bad query: HTTP 400 with code "MSG278" ("Tham số phân trang điểm danh không hợp lệ."). 3. text/plain: HTTP 415 with code "MSG34"; oversized: HTTP 413 with code "MSG87"; wrong ids: HTTP 400 with code "MSG148". | E27: 1. Backend is running. 2. An InProgress meeting and its Secretary signed in. | F27: Pending

Sheet Authentication
A2: Feature | B2: Authentication | P2: Passed
A3: Test requirement | B3: API tests for the authentication endpoints | P3: Failed
A4: Number of TCs | B4: 29 | P4: Pending
A5: Testing Round | B5: Passed | C5: Failed | D5: Pending | E5: N/A | P5: Skipped
A6: Round 1 | B6: =COUNTIF(F12:F44,"Passed") -> 0 | C6: =COUNTIF(F12:F44,"Failed") -> 0 | D6: =B4-B6-C6-E6 -> 29 | E6: =COUNTIF(F12:F44,"Skipped") -> 0
A7: Round 2 | B7: =COUNTIF(I12:I44,"Passed") -> 0 | C7: =COUNTIF(I12:I44,"Failed") -> 0 | D7: =B4-B7-C7-E7 -> 29 | E7: =COUNTIF(I12:I44,"Skipped") -> 0
A8: Round 3 | B8: =COUNTIF(L12:L44,"Passed") -> 0 | C8: =COUNTIF(L12:L44,"Failed") -> 0 | D8: =B4-B8-C8-E8 -> 29 | E8: =COUNTIF(L12:L44,"Skipped") -> 0
A10: Test Case ID | B10: Test Case Description | C10: Test Case Procedure | D10: Expected Results | E10: Pre-conditions | F10: Round 1 | G10: Test date | H10: Tester | I10: Round 2 | J10: Test date | K10: Tester | L10: Round 3 | M10: Test date | N10: Tester | O10: Note
A11: POST /api/auth/login
A12: AUTH_API_IT01 | B12: Verify POST /api/auth/login signs in with a valid email and password and returns the user. | C12: 1. Send POST request to /api/auth/login. 2. Request headers: Content-Type: application/json. 3. Request JSON body: { "email": "thuky@trustcabinet.local", "password": "TrustCabinet@2026" }. | D12: 1. HTTP 200 OK response. 2. Response JSON body contains accessToken, accessTokenExpiresAt and user. 3. user.email is "thuky@trustcabinet.local", user.roleName is "Thư ký". 4. user.capabilities lists the capabilities of the Secretary role (for example MeetingCreator). | E12: 1. Backend is running. 2. Account thuky@trustcabinet.local exists, is active and has the Secretary role. 3. User is not signed in. | F12: Pending
A13: AUTH_API_IT02 | B13: Verify POST /api/auth/login never returns the password or its hash. | C13: 1. Send POST request to /api/auth/login. 2. Request headers: Content-Type: application/json. 3. Request JSON body: { "email": "thuky@trustcabinet.local", "password": "TrustCabinet@2026" }. 4. Read the raw response body. | D13: 1. HTTP 200 OK response. 2. The response body contains no field named password or passwordHash. 3. The response body does not contain the text TrustCabinet@2026. | E13: 1. Backend is running. 2. Account thuky@trustcabinet.local exists and is active. | F13: Pending
A14: AUTH_API_IT03 | B14: Verify POST /api/auth/login returns MSG01 for an unknown email, a wrong password or empty fields. | C14: 1. Send POST request to /api/auth/login with body { "email": "khong-ton-tai@trustcabinet.local", "password": "TrustCabinet@2026" }. 2. Send POST request to /api/auth/login with body { "email": "thuky@trustcabinet.local", "password": "SaiMatKhau@2026" }. 3. Send POST request to /api/auth/login with body { "email": "", "password": "" }. 4. Request headers for each request: Content-Type: application/json. | D14: 1. Each request returns HTTP 401 Unauthorized. 2. Each response JSON body has code "MSG01". 3. The three responses are identical, so they do not reveal whether the email exists. | E14: 1. Backend is running. 2. Account thuky@trustcabinet.local exists and is active. 3. No account uses khong-ton-tai@trustcabinet.local. | F14: Pending
A15: AUTH_API_IT04 | B15: Verify POST /api/auth/login returns MSG02 for a deactivated account. | C15: 1. Send POST request to /api/auth/login. 2. Request headers: Content-Type: application/json. 3. Request JSON body: { "email": "thuky@trustcabinet.local", "password": "TrustCabinet@2026" }. | D15: 1. HTTP 401 Unauthorized response. 2. Response JSON body: { "code": "MSG02", "message": "Tài khoản không khả dụng. Vui lòng liên hệ quản trị viên." }. 3. No tc_refresh_token cookie is set. | E15: 1. Backend is running. 2. Account thuky@trustcabinet.local exists with the correct password but has been deactivated by an administrator. | F15: Pending
A16: AUTH_API_IT05 | B16: Verify POST /api/auth/login succeeds for a role that grants no capability. | C16: 1. Send POST request to /api/auth/login. 2. Request headers: Content-Type: application/json. 3. Request JSON body: { "email": "chutoa@trustcabinet.local", "password": "TrustCabinet@2026" }. | D16: 1. HTTP 200 OK response. 2. Response JSON body contains an accessToken. 3. user.capabilities is an empty list. | E16: 1. Backend is running. 2. Account chutoa@trustcabinet.local is active. 3. Its role has no capability ticked in the role matrix. | F16: Pending
A17: AUTH_API_IT06 | B17: Verify a rejected sign-in carries its Vietnamese message. | C17: 1. Send POST request to /api/auth/login. 2. Request headers: Content-Type: application/json. 3. Request JSON body: { "email": "thuky@trustcabinet.local", "password": "SaiMatKhau@2026" }. | D17: 1. HTTP 401 Unauthorized response. 2. Response JSON body: { "code": "MSG01", "message": "Email hoặc mật khẩu không đúng." }. | E17: 1. Backend is running. 2. Account thuky@trustcabinet.local exists and is active. | F17: Pending
A18: AUTH_API_IT07 | B18: Verify POST /api/auth/login puts the refresh token in an HttpOnly cookie and not in the body. | C18: 1. Send POST request to /api/auth/login. 2. Request headers: Content-Type: application/json. 3. Request JSON body: { "email": "thuky@trustcabinet.local", "password": "TrustCabinet@2026" }. 4. Inspect the Set-Cookie response header and the response body. | D18: 1. HTTP 200 OK response. 2. Set-Cookie header sets tc_refresh_token with HttpOnly, Secure, SameSite=Strict, Path=/api/auth and Max-Age=604800 (7 days). 3. The response body has no refreshToken field and does not contain the cookie value. | E18: 1. Backend is running. 2. Account thuky@trustcabinet.local exists and is active. | F18: Pending
A19: GET /api/auth/me
A20: AUTH_API_IT08 | B20: Verify GET /api/auth/me returns the signed-in user. | C20: 1. Sign in with POST /api/auth/login as thuky@trustcabinet.local / TrustCabinet@2026 and copy accessToken. 2. Send GET request to /api/auth/me. 3. Request headers: Authorization: Bearer <accessToken>. 4. Request body: None (GET request). | D20: 1. HTTP 200 OK response. 2. Response JSON body: email "thuky@trustcabinet.local", roleName "Thư ký" and the capabilities of the Secretary role. | E20: 1. Backend is running. 2. Account thuky@trustcabinet.local exists and is active. | F20: Pending
A21: AUTH_API_IT09 | B21: Verify GET /api/auth/me returns 401 when no access token is sent. | C21: 1. Send GET request to /api/auth/me. 2. Request headers: None (no authentication). 3. Request body: None (GET request). | D21: 1. HTTP 401 Unauthorized response. 2. No user information is returned. | E21: 1. Backend is running. 2. Request is sent without authentication. | F21: Pending
A22: AUTH_API_IT10 | B22: Verify GET /api/auth/me rejects a malformed or forged access token. | C22: 1. Send GET request to /api/auth/me with header Authorization: Bearer khong-phai-token. 2. Send GET request to /api/auth/me with header Authorization: Bearer eyJhbGciOiJIUzI1NiJ9.eyJzdWIiOiJrZSB0cm9tIn0.giaMaoChuKy (a token not signed by the server). 3. Request body: None (GET request). | D22: 1. Both requests return HTTP 401 Unauthorized. 2. No user information is returned. | E22: 1. Backend is running. | F22: Pending
A23: POST /api/auth/refresh
A24: AUTH_API_IT11 | B24: Verify POST /api/auth/refresh exchanges the refresh token for a new token pair. | C24: 1. Sign in with POST /api/auth/login as thuky@trustcabinet.local and keep the tc_refresh_token cookie. 2. Send POST request to /api/auth/refresh. 3. Request headers: Cookie: tc_refresh_token=<refresh token from step 1>. 4. Request body: None. | D24: 1. HTTP 200 OK response. 2. Response JSON body contains a new accessToken. 3. Set-Cookie header sets tc_refresh_token to a value different from the one sent. | E24: 1. Backend and Redis are running. 2. Account thuky@trustcabinet.local exists and is active. | F24: Pending
A25: AUTH_API_IT12 | B25: Verify POST /api/auth/refresh rejects a refresh token that was already used. | C25: 1. Sign in as thuky@trustcabinet.local and keep the tc_refresh_token cookie. 2. Send POST request to /api/auth/refresh with that cookie. 3. Send POST request to /api/auth/refresh again with the same, already used cookie. | D25: 1. The first refresh returns HTTP 200 OK. 2. The second refresh returns HTTP 401 Unauthorized. | E25: 1. Backend and Redis are running. 2. Account thuky@trustcabinet.local exists and is active. | F25: Pending
A26: AUTH_API_IT13 | B26: Verify POST /api/auth/refresh without the cookie answers like an expired session. | C26: 1. Send POST request to /api/auth/refresh. 2. Request headers: None (no tc_refresh_token cookie). 3. Request body: None. | D26: 1. HTTP 401 Unauthorized response. 2. Response JSON body: { "code": "MSG01", "message": "Phiên đăng nhập đã hết hạn. Vui lòng đăng nhập lại." }. | E26: 1. Backend is running. 2. Client holds no refresh token cookie. | F26: Pending
A27: AUTH_API_IT14 | B27: Verify POST /api/auth/refresh returns MSG02 once the account has been deactivated. | C27: 1. Sign in as thuky@trustcabinet.local and keep the tc_refresh_token cookie. 2. As quantri@trustcabinet.local, deactivate thuky@trustcabinet.local on the user management screen. 3. Send POST request to /api/auth/refresh with the cookie from step 1. | D27: 1. HTTP 401 Unauthorized response. 2. Response JSON body has code "MSG02". 3. The refresh token can no longer be used. | E27: 1. Backend and Redis are running. 2. Account thuky@trustcabinet.local is active at step 1. 3. Administrator quantri@trustcabinet.local is available. | F27: Pending
A28: AUTH_API_IT15 | B28: Verify a refused refresh clears the refresh token cookie. | C28: 1. Sign in as thuky@trustcabinet.local and keep the tc_refresh_token cookie. 2. Send POST request to /api/auth/refresh with that cookie. 3. Send POST request to /api/auth/refresh again with the same cookie. 4. Inspect the Set-Cookie header of the second response. | D28: 1. The second refresh returns HTTP 401 Unauthorized. 2. Set-Cookie header clears tc_refresh_token (empty value, Max-Age=0). | E28: 1. Backend and Redis are running. 2. Account thuky@trustcabinet.local exists and is active. | F28: Pending
A29: AUTH_API_IT16 | B29: Verify POST /api/auth/refresh ignores a refresh token sent in the request body. | C29: 1. Sign in as thuky@trustcabinet.local and copy the tc_refresh_token cookie value. 2. Send POST request to /api/auth/refresh without the cookie. 3. Request headers: Content-Type: application/json. 4. Request JSON body: { "refreshToken": "<value from step 1>" }. | D29: 1. HTTP 401 Unauthorized response. 2. No new token pair is issued. | E29: 1. Backend and Redis are running. 2. Account thuky@trustcabinet.local exists and is active. | F29: Pending
A30: POST /api/auth/logout
A31: AUTH_API_IT17 | B31: Verify POST /api/auth/logout ends the session on the server and clears the cookie. | C31: 1. Sign in as thuky@trustcabinet.local and keep the tc_refresh_token cookie. 2. Send POST request to /api/auth/logout with that cookie. 3. Send POST request to /api/auth/refresh with the same cookie. | D31: 1. Logout returns HTTP 204 No Content. 2. Logout response clears tc_refresh_token (Max-Age=0). 3. The refresh after logout returns HTTP 401 Unauthorized. | E31: 1. Backend and Redis are running. 2. Account thuky@trustcabinet.local exists and is active. | F31: Pending
A32: AUTH_API_IT18 | B32: Verify signing out twice is not an error. | C32: 1. Sign in as thuky@trustcabinet.local and keep the tc_refresh_token cookie. 2. Send POST request to /api/auth/logout with that cookie. 3. Send POST request to /api/auth/logout again with the same cookie. | D32: 1. Both requests return HTTP 204 No Content. 2. The second response does not reveal that the session had already ended. | E32: 1. Backend and Redis are running. 2. Account thuky@trustcabinet.local exists and is active. | F32: Pending
A33: AUTH_API_IT19 | B33: Verify POST /api/auth/logout clears the cookie even without a valid refresh token. | C33: 1. Send POST request to /api/auth/logout. 2. Request headers: None (no cookie). 3. Request body: None. | D33: 1. HTTP 204 No Content response. 2. Set-Cookie header clears tc_refresh_token (Max-Age=0). | E33: 1. Backend is running. 2. Client holds no refresh token. | F33: Pending
A34: POST /api/auth/google
A35: AUTH_API_IT20 | B35: Verify POST /api/auth/google signs in a linked, active account. | C35: 1. Sign in to Google in the browser with the Gmail account linked to thuky@trustcabinet.local and obtain its ID token from the login page. 2. Send POST request to /api/auth/google. 3. Request headers: Content-Type: application/json. 4. Request JSON body: { "idToken": "<Google ID token>" }. | D35: 1. HTTP 200 OK response. 2. Response JSON body contains accessToken and user with email thuky@trustcabinet.local and roleName "Thư ký". 3. Set-Cookie header sets tc_refresh_token. | E35: 1. Backend is running with Google sign-in enabled. 2. The Google account is linked to thuky@trustcabinet.local, which is active. | F35: Pending
A36: AUTH_API_IT21 | B36: Verify POST /api/auth/google returns the same response shape as password sign-in. | C36: 1. Obtain a Google ID token for the linked account. 2. Send POST request to /api/auth/google with body { "idToken": "<Google ID token>" }. 3. Compare the response body with the body of POST /api/auth/login. | D36: 1. HTTP 200 OK response. 2. Response JSON body has the fields accessToken, accessTokenExpiresAt and user, as /api/auth/login does. 3. The body has no refreshToken field. | E36: 1. Backend is running with Google sign-in enabled. 2. The Google account is linked to an active internal account. | F36: Pending
A37: AUTH_API_IT22 | B37: Verify POST /api/auth/google returns MSG03 for an empty or invalid ID token. | C37: 1. Send POST request to /api/auth/google with body { "idToken": "" }. 2. Send POST request to /api/auth/google with body { "idToken": "khong-phai-id-token" }. 3. Request headers for each request: Content-Type: application/json. | D37: 1. Each request returns HTTP 401 Unauthorized. 2. Each response JSON body: { "code": "MSG03", "message": "Đăng nhập bằng Google không thành công." }. | E37: 1. Backend is running with Google sign-in enabled. | F37: Pending
A38: AUTH_API_IT23 | B38: Verify POST /api/auth/google returns MSG05 for a Google account no internal account uses. | C38: 1. Sign in to Google with a Gmail account that has no TrustCabinet account (for example nguoi.la@gmail.com) and obtain its ID token. 2. Send POST request to /api/auth/google with body { "idToken": "<Google ID token>" }. | D38: 1. HTTP 401 Unauthorized response. 2. Response JSON body has code "MSG05". 3. No account is created. | E38: 1. Backend is running with Google sign-in enabled. 2. No internal account is linked to, or has the email of, that Google account. | F38: Pending
A39: AUTH_API_IT24 | B39: Verify an account an administrator created with a Gmail address signs in with Google without manual linking. | C39: 1. As quantri@trustcabinet.local, create an account whose email is the tester's Gmail address. 2. Sign in to Google with that Gmail account and obtain its ID token. 3. Send POST request to /api/auth/google with body { "idToken": "<Google ID token>" }. | D39: 1. HTTP 200 OK response with an access token. 2. The account is now linked to the Google account. 3. The audit log records one user.google_linked entry. | E39: 1. Backend is running with Google sign-in enabled. 2. The new account is active and not yet linked to any Google account. | F39: Pending
A40: AUTH_API_IT25 | B40: Verify POST /api/auth/google returns MSG02 for a deactivated linked account. | C40: 1. Obtain a Google ID token for the Google account linked to a deactivated account. 2. Send POST request to /api/auth/google with body { "idToken": "<Google ID token>" }. | D40: 1. HTTP 401 Unauthorized response. 2. Response JSON body has code "MSG02". | E40: 1. Backend is running with Google sign-in enabled. 2. The Google account is linked to an internal account that has been deactivated. | F40: Pending
A41: AUTH_API_IT26 | B41: Verify an account deactivated before its first Google sign-in returns MSG02. | C41: 1. Obtain a Google ID token for the Gmail address of the deactivated, unlinked account. 2. Send POST request to /api/auth/google with body { "idToken": "<Google ID token>" }. | D41: 1. HTTP 401 Unauthorized response. 2. Response JSON body: { "code": "MSG02", "message": "Tài khoản không khả dụng. Vui lòng liên hệ quản trị viên." }. 3. The account is not linked to the Google account. | E41: 1. Backend is running with Google sign-in enabled. 2. An internal account with that Gmail address exists, is deactivated and has never been linked to Google. | F41: Pending
A42: AUTH_API_IT27 | B42: Verify Google sign-in succeeds for a role that grants no capability. | C42: 1. Obtain a Google ID token for the Google account linked to chutoa@trustcabinet.local. 2. Send POST request to /api/auth/google with body { "idToken": "<Google ID token>" }. | D42: 1. HTTP 200 OK response. 2. user.capabilities is an empty list. | E42: 1. Backend is running with Google sign-in enabled. 2. The linked account is active and its role has no capability. | F42: Pending
A43: AUTH_API_IT28 | B43: Verify a rejected Google sign-in carries its Vietnamese message. | C43: 1. Obtain a Google ID token for a Gmail account with no TrustCabinet account. 2. Send POST request to /api/auth/google with body { "idToken": "<Google ID token>" }. | D43: 1. HTTP 401 Unauthorized response. 2. Response JSON body: { "code": "MSG05", "message": "Tài khoản Google này chưa được cấp quyền truy cập hệ thống." }. | E43: 1. Backend is running with Google sign-in enabled. | F43: Pending
A44: AUTH_API_IT29 | B44: Verify POST /api/auth/google is not available when Google sign-in is switched off. | C44: 1. Set Authentication:Google:Enabled to false and restart the backend. 2. Send POST request to /api/auth/google with body { "idToken": "<a valid Google ID token>" }. | D44: 1. HTTP 404 Not Found response. 2. No token is issued, even for a valid ID token. 3. POST /api/auth/login still works. | E44: 1. Backend is running with Google sign-in disabled. | F44: Pending

Sheet Calls
A2: Feature | B2: Calls | P2: Passed
A3: Test requirement | B3: API tests for the calls endpoints | P3: Failed
A4: Number of TCs | B4: 10 | P4: Pending
A5: Testing Round | B5: Passed | C5: Failed | D5: Pending | E5: N/A | P5: Skipped
A6: Round 1 | B6: =COUNTIF(F12:F24,"Passed") -> 0 | C6: =COUNTIF(F12:F24,"Failed") -> 0 | D6: =B4-B6-C6-E6 -> 10 | E6: =COUNTIF(F12:F24,"Skipped") -> 0
A7: Round 2 | B7: =COUNTIF(I12:I24,"Passed") -> 0 | C7: =COUNTIF(I12:I24,"Failed") -> 0 | D7: =B4-B7-C7-E7 -> 10 | E7: =COUNTIF(I12:I24,"Skipped") -> 0
A8: Round 3 | B8: =COUNTIF(L12:L24,"Passed") -> 0 | C8: =COUNTIF(L12:L24,"Failed") -> 0 | D8: =B4-B8-C8-E8 -> 10 | E8: =COUNTIF(L12:L24,"Skipped") -> 0
A10: Test Case ID | B10: Test Case Description | C10: Test Case Procedure | D10: Expected Results | E10: Pre-conditions | F10: Round 1 | G10: Test date | H10: Tester | I10: Round 2 | J10: Test date | K10: Tester | L10: Round 3 | M10: Test date | N10: Tester | O10: Note
A11: POST /api/meetings/{id}/call/join
A12: CALL_API_IT01 | B12: Verify an invited member sees the open room and gets a join token. | C12: 1. As the invited Member, GET /api/meetings/<id>/call. 2. POST /api/meetings/<id>/call/join. | D12: 1. The room has status "Open" and myRole "Member". 2. Join returns HTTP 200 with the room name of the meeting, the member's id as identity and a LiveKit token. | E12: 1. Backend is running. 2. An InProgress Online meeting with the Member invited. 3. LiveKit is configured. | F12: Pending
A13: CALL_API_IT02 | B13: Verify someone not invited gets the same empty 404 as for an unknown meeting. | C13: 1. As an outsider, GET /api/meetings/<id>/call and POST /api/meetings/<id>/call/join. | D13: 1. Both return HTTP 404 Not Found with an empty body. | E13: 1. Backend is running. 2. An InProgress Online meeting; the outsider is not on the roster. | F13: Pending
A14: CALL_API_IT03 | B14: Verify anonymous callers cannot join a call. | C14: 1. Send POST request to /api/meetings/<id>/call/join. 2. Request headers: None (no authentication). 3. Query parameters: None. 4. Request body: None. | D14: 1. HTTP 401 Unauthorized. | E14: 1. Backend is running. 2. Request is sent without authentication. | F14: Pending
A15: CALL_API_IT04 | B15: Verify join refusals carry their own code. | C15: 1. As the invited Member, join a Published (not started) Online meeting. 2. Join an InProgress InPerson meeting. | D15: 1. Not started: HTTP 409 with code "MSG117" (the room opens only while the meeting is in progress). 2. In person: HTTP 409 with code "MSG280" (this meeting is held in person, so it has no online room). | E15: 1. Backend is running. 2. Both meetings have the Member invited. | F15: Pending
A16: CALL_API_IT05 | B16: Verify joining returns 503 when LiveKit is not configured. | C16: 1. Send POST request to /api/meetings/<id>/call/join. 2. Request headers: Authorization: Bearer <access token of thanhvien@trustcabinet.local> (Member, no capability). 3. Query parameters: None. 4. Request body: None. | D16: 1. HTTP 503 with code "MSG281" ("Phòng họp trực tuyến chưa sẵn sàng. Vui lòng liên hệ quản trị viên."). | E16: 1. Backend is running. 2. An InProgress Online meeting with thanhvien invited. 3. LiveKit settings are removed from the backend configuration. | F16: Pending
A17: GET /api/meetings/{id}/call
A18: CALL_API_IT06 | B18: Verify database failures have their own codes. | C18: 1. Stop PostgreSQL. 2. As the Member, GET /call, POST /call/join and POST /call/participants/<id>/mute. | D18: 1. GET returns HTTP 500 with code "MSG283". 2. Join returns HTTP 500 with code "MSG118" ("Không thể vào phòng họp. Vui lòng thử lại."). 3. Mute returns HTTP 500 with code "MSG284" ("Không thể tắt micro. Vui lòng thử lại."). | E18: 1. Backend is running. 2. Signed in as a member of an InProgress Online meeting. | F18: Pending
A19: POST /api/meetings/{id}/call/participants/{userId}/mute
A20: CALL_API_IT07 | B20: Verify only the Chair can mute, and only someone in the room with a microphone. | C20: 1. As the Member, mute the Chair. 2. As the Chair, mute the Member before they join. 3. The Member joins with the microphone on; the Chair mutes them. | D20: 1. Member muting: HTTP 403 with code "MSG123" (only the Chair can mute). 2. Not in the room: HTTP 409 with code "MSG282". 3. In the room: HTTP 200 and the Member's microphone is muted. | E20: 1. Backend is running. 2. An InProgress Online meeting with Chair and Member; LiveKit configured. | F20: Pending
A21: CALL_API_IT08 | B21: Verify muting in a room that is not open returns MSG117. | C21: 1. Send POST request to /api/meetings/<id of the Ended meeting>/call/participants/<any user id>/mute. 2. Request headers: Authorization: Bearer <access token of the meeting Chair>. 3. Query parameters: None. 4. Request body: None. | D21: 1. HTTP 409 with code "MSG117". | E21: 1. Backend is running. 2. An Ended Online meeting whose Chair is signed in. | F21: Pending
A22: POST /api/livekit/webhook
A23: CALL_API_IT09 | B23: Verify a webhook with a bad signature is refused and a signed one is handled. | C23: 1. POST /api/livekit/webhook with body {} and no valid signature. 2. POST a participant_joined event signed with the LiveKit API secret. | D23: 1. Unsigned: HTTP 401 Unauthorized. 2. Signed: HTTP 200 OK and the participant's join is recorded for the meeting. | E23: 1. Backend is running. 2. LiveKit is configured with an API key and secret. | F23: Pending
A24: CALL_API_IT10 | B24: Verify the LiveKit webhook returns 503 when LiveKit is not configured. | C24: 1. Send POST request to /api/livekit/webhook. 2. Request headers: Content-Type: application/json; None (no authentication). 3. Query parameters: None. 4. Request JSON body: {}. | D24: 1. HTTP 503 Service Unavailable. | E24: 1. Backend is running. 2. LiveKit settings are removed from the backend configuration. | F24: Pending

Sheet Core
A2: Feature | B2: Core | P2: Passed
A3: Test requirement | B3: API tests for the core endpoints | P3: Failed
A4: Number of TCs | B4: 5 | P4: Pending
A5: Testing Round | B5: Passed | C5: Failed | D5: Pending | E5: N/A | P5: Skipped
A6: Round 1 | B6: =COUNTIF(F12:F17,"Passed") -> 0 | C6: =COUNTIF(F12:F17,"Failed") -> 0 | D6: =B4-B6-C6-E6 -> 5 | E6: =COUNTIF(F12:F17,"Skipped") -> 0
A7: Round 2 | B7: =COUNTIF(I12:I17,"Passed") -> 0 | C7: =COUNTIF(I12:I17,"Failed") -> 0 | D7: =B4-B7-C7-E7 -> 5 | E7: =COUNTIF(I12:I17,"Skipped") -> 0
A8: Round 3 | B8: =COUNTIF(L12:L17,"Passed") -> 0 | C8: =COUNTIF(L12:L17,"Failed") -> 0 | D8: =B4-B8-C8-E8 -> 5 | E8: =COUNTIF(L12:L17,"Skipped") -> 0
A10: Test Case ID | B10: Test Case Description | C10: Test Case Procedure | D10: Expected Results | E10: Pre-conditions | F10: Round 1 | G10: Test date | H10: Tester | I10: Round 2 | J10: Test date | K10: Tester | L10: Round 3 | M10: Test date | N10: Tester | O10: Note
A11: GET /api/health
A12: SYS_API_IT05 | B12: Verify GET /api/health answers ok with the service name. | C12: 1. Send GET request to /api/health. 2. Request headers: None (no authentication). 3. Query parameters: None. 4. Request body: None (GET request). | D12: 1. HTTP 200 OK. 2. Response JSON body: { "status": "ok", "service": "TrustCabinet.Web" }. | E12: 1. Backend is running. | F12: Pending
A13: SYS_API_IT06 | B13: Verify /api/health still answers JSON when the frontend is built into the backend. | C13: 1. Build the frontend (npm run build) and start the backend. 2. Send GET request to /api/health. | D13: 1. HTTP 200 OK with Content-Type application/json. | E13: 1. Backend is running. 2. The frontend has been built into wwwroot. | F13: Pending
A14: Frontend fallback
A15: SYS_API_IT07 | B15: Verify unknown API and hub paths return 404, not the web page. | C15: 1. With the frontend built, GET /api/duong-dan-khong-ton-tai, /api/users/notaguid and /hubs/khong-ton-tai. | D15: 1. Each returns HTTP 404 Not Found. 2. None returns the HTML of the web application. | E15: 1. Backend is running. 2. The frontend has been built into wwwroot. | F15: Pending
A16: SYS_API_IT08 | B16: Verify a real API route is not hidden by the web page fallback. | C16: 1. Send POST request to /api/users. 2. Request headers: None (no authentication). 3. Query parameters: None. 4. Request body: None. | D16: 1. HTTP 401 Unauthorized (the API answers, not the web page). | E16: 1. Backend is running. 2. The frontend has been built into wwwroot. | F16: Pending
A17: SYS_API_IT09 | B17: Verify a page route of the web application still serves index.html. | C17: 1. With the frontend built, open http://localhost:5225/meetings in the browser. | D17: 1. HTTP 200 OK and the TrustCabinet web application loads. | E17: 1. Backend is running. 2. The frontend has been built into wwwroot. | F17: Pending

Sheet Documents
A2: Feature | B2: Documents | P2: Passed
A3: Test requirement | B3: API tests for the documents endpoints | P3: Failed
A4: Number of TCs | B4: 91 | P4: Pending
A5: Testing Round | B5: Passed | C5: Failed | D5: Pending | E5: N/A | P5: Skipped
A6: Round 1 | B6: =COUNTIF(F12:F130,"Passed") -> 0 | C6: =COUNTIF(F12:F130,"Failed") -> 0 | D6: =B4-B6-C6-E6 -> 91 | E6: =COUNTIF(F12:F130,"Skipped") -> 0
A7: Round 2 | B7: =COUNTIF(I12:I130,"Passed") -> 0 | C7: =COUNTIF(I12:I130,"Failed") -> 0 | D7: =B4-B7-C7-E7 -> 91 | E7: =COUNTIF(I12:I130,"Skipped") -> 0
A8: Round 3 | B8: =COUNTIF(L12:L130,"Passed") -> 0 | C8: =COUNTIF(L12:L130,"Failed") -> 0 | D8: =B4-B8-C8-E8 -> 91 | E8: =COUNTIF(L12:L130,"Skipped") -> 0
A10: Test Case ID | B10: Test Case Description | C10: Test Case Procedure | D10: Expected Results | E10: Pre-conditions | F10: Round 1 | G10: Test date | H10: Tester | I10: Round 2 | J10: Test date | K10: Tester | L10: Round 3 | M10: Test date | N10: Tester | O10: Note
A11: POST /api/meetings/{id}/documents/upload
A12: DOC_API_IT01 | B12: Verify the Secretary uploads three PDFs and a DOCX into the meeting and their library folder. | C12: 1. As the Secretary, POST /api/meetings/<id>/documents/upload as multipart/form-data with files "Báo cáo Q3.pdf" (pageCounts 12), "Tờ trình.pdf" (3), "Phụ lục.pdf" (no count) and "Dự thảo.docx" (7). 2. Open the Secretary's personal library. | D12: 1. HTTP 201 Created with code "MSG161" ("Đã thêm tài liệu vào cuộc họp.") and addedCount 4. 2. The four documents appear in the meeting with their names and page counts. 3. The same four are in the Secretary's library, in a folder named after the meeting. | E12: 1. Backend is running. 2. A Published meeting and its Secretary signed in. 3. File storage (SeaweedFS or R2) is configured. | F12: Pending
A13: DOC_API_IT02 | B13: Verify the Chair may upload documents too. | C13: 1. As the Chair of a Draft meeting, upload a.pdf. | D13: 1. HTTP 201 with code "MSG161". | E13: 1. Backend is running. 2. A Draft meeting and its Chair signed in. | F13: Pending
A14: DOC_API_IT03 | B14: Verify a file that is not really a PDF or DOCX rejects the whole submission. | C14: 1. Upload ok.pdf together with: anh.pdf (a PNG image renamed); then macro.docx (a macro-enabled Word file); then broken.docx (a DOCX without its document part). | D14: 1. Each upload returns HTTP 400 with code "MSG164" and an error for the bad file. 2. ok.pdf is not added either; storage is unchanged. | E14: 1. Backend is running. 2. A Published meeting and its Secretary signed in. | F14: Pending
A15: DOC_API_IT04 | B15: Verify eleven files are over the submission limit. | C15: 1. Upload 11 PDF files in one request. | D15: 1. HTTP 400 with code "MSG288" ("Mỗi lần tải tối đa 10 tệp, tổng dung lượng không quá 200 MB."). 2. Nothing is added. | E15: 1. Backend is running. 2. A Published meeting and its Secretary signed in. | F15: Pending
A16: DOC_API_IT05 | B16: Verify a request declaring more than 200 MB is refused before it is read. | C16: 1. Upload one file big.pdf of 202 MB. | D16: 1. HTTP 400 with code "MSG288". 2. Nothing is stored. | E16: 1. Backend is running. 2. A Published meeting and its Secretary signed in. | F16: Pending
A17: DOC_API_IT06 | B17: Verify a single file over 50 MB is invalid. | C17: 1. Upload lon.pdf of 50 MB + 1 byte. | D17: 1. HTTP 400 with code "MSG164". 2. errors.files[0] mentions "50 MB". | E17: 1. Backend is running. 2. A Published meeting and its Secretary signed in. | F17: Pending
A18: DOC_API_IT07 | B18: Verify an upload with no file or a body that is not multipart is invalid. | C18: 1. POST a multipart body with only a pageCounts field. 2. POST a JSON body {}. | D18: 1. Both return HTTP 400 with code "MSG164". | E18: 1. Backend is running. 2. A Published meeting and its Secretary signed in. | F18: Pending
A19: DOC_API_IT08 | B19: Verify a Member or an organizer without a managing role is refused and an outsider gets 404. | C19: 1. Upload a.pdf as the Member, as the organizer (not Chair or Secretary) and as an outsider. | D19: 1. Member and organizer: HTTP 403 with code "MSG162" ("Bạn không còn quyền thêm tài liệu ..."). 2. Outsider: HTTP 404 with code "MSG156". | E19: 1. Backend is running. 2. A Published meeting with organizer, Chair, Secretary and Member. | F19: Pending
A20: DOC_API_IT09 | B20: Verify a removed Secretary loses access and a deactivated Chair is refused. | C20: 1. Remove the Secretary from the roster and deactivate the Chair. 2. Upload a file as each. | D20: 1. The removed Secretary gets HTTP 404 (or 403 "MSG162"). 2. The deactivated Chair gets HTTP 403. | E20: 1. Backend is running. 2. A Draft meeting with Chair and Secretary. | F20: Pending
A21: DOC_API_IT10 | B21: Verify an Ended meeting refuses uploads. | C21: 1. As the Secretary of an Ended meeting, upload a.pdf. | D21: 1. HTTP 409 with code "MSG172" ("Không thể thêm tài liệu sau khi cuộc họp đã kết thúc."). 2. Nothing is stored. | E21: 1. Backend is running. 2. An Ended meeting and its Secretary signed in. | F21: Pending
A22: DOC_API_IT11 | B22: Verify a Cancelled meeting refuses uploads. | C22: 1. As the Secretary of a Cancelled meeting, upload a.pdf. | D22: 1. HTTP 409 with code "MSG349" ("Cuộc họp đã huỷ nên không thay đổi được nữa."). 2. Nothing is stored. | E22: 1. Backend is running. 2. A Cancelled meeting and its Secretary signed in. | F22: Pending
A23: DOC_API_IT12 | B23: Verify a meeting that ends while files upload refuses them and deletes the stored objects. | C23: 1. Start a large upload as the Secretary. 2. While it is uploading, end the meeting as the Chair. | D23: 1. The upload returns HTTP 409 with code "MSG172". 2. The objects written to storage are deleted; nothing is added. | E23: 1. Backend is running. 2. An InProgress meeting with Chair and Secretary. | F23: Pending
... A35: DOC_API_IT24 | B35: Verify the agenda editor lists uploaded documents for linking. | C35: 1. Upload a.pdf to a Draft meeting. 2. GET /api/meetings/<id>/agenda/editor-options. | D35: 1. The uploaded document is listed among the documents that can be linked to an agenda item. | E35: 1. Backend is running. 2. A Draft meeting and its Secretary signed in. | F35: Pending
A36: GET /api/meetings/{id}/documents
A37: DOC_API_IT25 | B37: Verify a Member sees documents grouped by agenda item in order, with general documents and without removed ones. | C37: 1. As the Member, GET /api/meetings/<id>/documents. | D37: 1. HTTP 200 OK. 2. agendaItems are in agenda order; "Tờ trình.pdf" appears under items 1 and 3 with 12 pages and 2 comments; "Báo cáo.pdf" under item 2. 3. general lists documents not linked to any item. 4. Removed documents are not listed; currentAgendaItemId is item 2. | E37: 1. Backend is running. 2. A Published meeting with three agenda items (Done, InProgress, Pending) and documents as described, one of them removed. | F37: Pending
A38: DOC_API_IT26 | B38: Verify a meeting without documents returns empty groups and no current item. | C38: 1. Send GET request to /api/meetings/<id>/documents. 2. Request headers: Authorization: Bearer <access token of thanhvien@trustcabinet.local> (Member, no capability). 3. Query parameters: None. 4. Request body: None (GET request). | D38: 1. HTTP 200 OK. 2. currentAgendaItemId is null; agendaItems and general are empty. | E38: 1. Backend is running. 2. A Published meeting with no agenda and no documents; thanhvien is invited. | F38: Pending
A39: DOC_API_IT27 | B39: Verify the documents of an Ended meeting stay readable. | C39: 1. As the Member, GET the document list and the content of "Biên bản.pdf". | D39: 1. The list contains the document. 2. The content is returned byte for byte. | E39: 1. Backend is running. 2. An Ended meeting with "Biên bản.pdf". | F39: Pending
A40: DOC_API_IT28 | B40: Verify a caller who cannot view the meeting gets the same 404 as for a missing meeting. | C40: 1. As an outsider, GET the document list and the content of "Mật.pdf", and the list of a random meeting id. 2. As a Member of a Draft meeting, GET its document list. | D40: 1. Every request returns HTTP 404 with code "MSG156" and the same body. | E40: 1. Backend is running. 2. A Published meeting with "Mật.pdf" and a Draft meeting with a Member. | F40: Pending
A41: DOC_API_IT29 | B41: Verify a list read failure returns MSG157, not an empty list. | C41: 1. Send GET request to /api/meetings/<id>/documents. 2. Request headers: Authorization: Bearer <access token of thanhvien@trustcabinet.local> (Member, no capability). 3. Query parameters: None. 4. Request body: None (GET request). | D41: 1. HTTP 500 with code "MSG157" ("Không tải được danh sách tài liệu. Vui lòng thử lại."). | E41: 1. Backend is running. 2. thanhvien is invited to a Published meeting. 3. The PostgreSQL container is stopped after sign-in. | F41: Pending
A42: GET /api/meetings/{id}/documents/{documentId}/content
A43: DOC_API_IT30 | B43: Verify viewing streams the stored bytes unchanged as an attachment. | C43: 1. Send GET request to /api/meetings/<id>/documents/<id of "Báo cáo quý 3.pdf">/content. 2. Request headers: Authorization: Bearer <access token of thanhvien@trustcabinet.local> (Member, no capability). 3. Query parameters: None. 4. Request body: None (GET request). | D43: 1. HTTP 200 OK. 2. The body is exactly the uploaded file. 3. Content-Type is application/pdf and Content-Disposition names "Báo cáo quý 3.pdf". | E43: 1. Backend is running. 2. A Published meeting with "Báo cáo quý 3.pdf"; thanhvien is invited. | F43: Pending
A44: DOC_API_IT31 | B44: Verify documents of a Secret meeting can be viewed and are audited but cannot be downloaded. | C44: 1. As the Member, GET the content of "Tuyệt mật.pdf". 2. GET it with ?download=true. | D44: 1. Viewing returns the bytes and writes one document.viewed audit entry. 2. Downloading is refused (HTTP 403) and nothing is downloaded. | E44: 1. Backend is running. 2. A Secret meeting with "Tuyệt mật.pdf"; the Member is invited. | F44: Pending
A45: DOC_API_IT32 | B45: Verify downloading a document of a Confidential meeting is audited. | C45: 1. As the organizer, GET the content of "Hạn chế.pdf" with ?download=true. | D45: 1. The file is downloaded unchanged. 2. One document.downloaded audit entry is written. | E45: 1. Backend is running. 2. A Confidential meeting with "Hạn chế.pdf". | F45: Pending
A46: DOC_API_IT33 | B46: Verify a removed document and a document of another meeting return MSG156. | C46: 1. As the Member, GET the content of the removed "Đã gỡ.pdf". 2. GET this meeting's URL with the id of "Họp khác.pdf" from another meeting. | D46: 1. Both return HTTP 404 with code "MSG156". | E46: 1. Backend is running. 2. Two Published meetings as described. | F46: Pending
A47: DOC_API_IT34 | B47: Verify a Secret download checks the document belongs here before refusing, and refuses before touching storage. | C47: 1. With ?download=true, as the Member GET: a removed document, a document of another Secret meeting, a document whose file is missing from storage, and a normal document. | D47: 1. Removed and foreign documents return HTTP 404 with code "MSG156". 2. The other two are refused as Secret downloads without reading storage. | E47: 1. Backend is running. 2. Two Secret meetings with documents as described. | F47: Pending
A48: DOC_API_IT35 | B48: Verify a lookup failure returns MSG158 when viewing and MSG160 when downloading. | C48: 1. Stop PostgreSQL. 2. GET the content of "Báo cáo.pdf", then with ?download=true. | D48: 1. Viewing returns HTTP 503 with code "MSG158". 2. Downloading returns HTTP 503 with code "MSG160" ("Không tải về được tài liệu. Vui lòng thử lại."). | E48: 1. Backend is running. 2. A Published meeting with "Báo cáo.pdf"; the Member is signed in. | F48: Pending
A49: DOC_API_IT36 | B49: Verify a missing stored file returns MSG158 / MSG160 and is not audited. | C49: 1. Delete the object of "Mất.pdf" from storage. 2. GET its content, then with ?download=true. 3. Remove the storage configuration and GET again. | D49: 1. Each request returns HTTP 503 with code "MSG158" (view) or "MSG160" (download). 2. No audit entry is written. | E49: 1. Backend is running. 2. A Confidential meeting with "Mất.pdf". | F49: Pending
A50: DOC_API_IT37 | B50: Verify the content is withheld when the audit entry cannot be written. | C50: 1. Make writing the audit log fail. 2. As the Member, GET the content of "Mật.pdf". | D50: 1. HTTP 503 with code "MSG158". 2. No content is returned and no audit entry exists. | E50: 1. Backend is running. 2. A Secret meeting with "Mật.pdf". | F50: Pending
A51: Realtime /hubs/meetings
A52: DOC_API_IT38 | B52: Verify an upload notifies only readers who joined this meeting. | C52: 1. The Member joins this meeting's hub; a member of another meeting joins theirs; the Chair connects but does not join. 2. As the Secretary, upload a document. | D52: 1. Only the Member receives documentsChanged. | E52: 1. Backend is running. 2. Two Published meetings. | F52: Pending
A53: POST /api/meetings/{id}/documents
A54: DOC_API_IT39 | B54: Verify the Secretary adds own library documents as general documents under their current name. | C54: 1. Send POST request to /api/meetings/<id>/documents. 2. Request headers: Content-Type: application/json; Authorization: Bearer <access token of the meeting Secretary>. 3. Query parameters: None. 4. Request JSON body: { "documentIds": ["<id of Tờ trình.pdf>", "<id of Phụ lục.docx>", "<id of Tờ trình.pdf>"] }. | D54: 1. HTTP 201 with code "MSG161" and addedCount 2 (the duplicate is ignored). 2. Both appear as general documents under their current library names. | E54: 1. Backend is running. 2. The Secretary's library holds "Tờ trình.pdf" and "Phụ lục.docx". | F54: Pending
A55: DOC_API_IT40 | B55: Verify the library selection must be the actor's own, available and not yet in the meeting. | C55: 1. As the Chair, POST /documents with documentIds []; with the Member's a.pdf; with own a.pdf twice in a row; with a deleted library document. | D55: 1. Empty, someone else's or deleted documents return HTTP 400 with code "MSG249". 2. A document already in the meeting is not added again. | E55: 1. Backend is running. 2. The Chair's library holds a.pdf; the Member's holds b.pdf. | F55: Pending
A56: DOC_API_IT41 | B56: Verify adding from the library is for the current Chair or Secretary until the meeting ends. | C56: 1. As the Member, add their a.pdf. 2. As an outsider, add b.pdf. 3. As the Secretary, add c.pdf; end the meeting and try again. | D56: 1. Member: HTTP 403 with code "MSG162"; outsider: HTTP 404. 2. Secretary before the end: HTTP 201 with code "MSG161"; after the end: HTTP 409 with code "MSG172". | E56: 1. Backend is running. 2. A Published meeting; each user has one library document. | F56: Pending
A57: DELETE /api/meetings/{id}/documents/{documentId}
A58: DOC_API_IT42 | B58: Verify the Chair removes a document, keeping its comments, and it leaves every list. | C58: 1. The Member joins the meeting hub. 2. As the Chair, DELETE /api/meetings/<id>/documents/<document id>. 3. GET the document list and the agenda. | D58: 1. The removal succeeds. 2. The document is gone from the list and from the agenda item; its comment "Góp ý" is kept in the database. 3. The Member receives documentsChanged. | E58: 1. Backend is running. 2. A meeting document linked to an agenda item and with one comment. | F58: Pending
A59: DOC_API_IT43 | B59: Verify adding a removed file again creates a new document without the old comments. | C59: 1. Add "Lại.pdf" from the library and comment on it. 2. Remove it from the meeting. 3. Add "Lại.pdf" again. | D59: 1. The second add creates a new meeting document with a new id. 2. It has no comments; the old comments stay with the removed document. | E59: 1. Backend is running. 2. The Secretary's library holds "Lại.pdf". | F59: Pending
A60: DOC_API_IT44 | B60: Verify removal is refused to others, after the end, for another meeting's document and on failure. | C60: 1. As the Member, remove a document. 2. As the Secretary, remove a document of another meeting. 3. Stop PostgreSQL and remove; restart, end the meeting and remove. | D60: 1. Member: HTTP 403 with code "MSG169". 2. Other meeting's document: HTTP 404 with code "MSG170". 3. Database down: HTTP 503; after the end: HTTP 409 with code "MSG172". | E60: 1. Backend is running. 2. Two Published meetings with documents. | F60: Pending
A61: POST /api/meetings/{id}/agenda/{itemId}/documents
A62: DOC_API_IT45 | B62: Verify the Chair links meeting documents to an item, keeping their other links. | C62: 1. As the Chair, POST /api/meetings/<id>/agenda/<item 1>/documents with { "documentIds": ["<a.pdf>"] }. 2. POST /agenda/<item 2>/documents with { "documentIds": ["<a.pdf>", "<b.pdf>"] }. | D62: 1. Both return HTTP 200 with code "MSG238" ("Đã gắn tài liệu vào mục nghị sự."). 2. a.pdf is linked to both items; b.pdf to item 2. | E62: 1. Backend is running. 2. A meeting with two agenda items and documents a.pdf and b.pdf. | F62: Pending
A63: DOC_API_IT46 | B63: Verify linking checks the item and that every document is still in the meeting, all or none. | C63: 1. Remove b.pdf from the meeting. 2. Link a.pdf to an item of another meeting. 3. Link a.pdf and the removed b.pdf to an item of this meeting. | D63: 1. Another meeting's item: HTTP 404 with code "MSG242" ("Hãy chọn một mục nghị sự còn trong cuộc họp này."). 2. With the removed document: HTTP 404 with code "MSG170" and a.pdf is not linked either. | E63: 1. Backend is running. 2. Two meetings with agenda items; this one has a.pdf and b.pdf. | F63: Pending
A64: DOC_API_IT47 | B64: Verify linking is refused to others, after the end and on failure. | C64: 1. As the Member, link a document. 2. As the Secretary, link with the database failing; then end the meeting and link. | D64: 1. Member: HTTP 403 with code "MSG240". 2. Database failure: HTTP 503; after the end: HTTP 409 with code "MSG172". | E64: 1. Backend is running. 2. A Published meeting with an agenda item and a document. | F64: Pending
A65: POST /api/meetings/{id}/agenda/{itemId}/documents/from-library
A66: DOC_API_IT48 | B66: Verify adding from the library to an item adds it to the meeting and links it in one go. | C66: 1. Send POST request to /api/meetings/<id>/agenda/<item id>/documents/from-library. 2. Request headers: Content-Type: application/json; Authorization: Bearer <access token of the meeting Chair>. 3. Query parameters: None. 4. Request JSON body: { "documentIds": ["<id of Từ kho.pdf>"] }. | D66: 1. HTTP 200 with code "MSG238". 2. "Từ kho.pdf" is a new meeting document linked to the item. | E66: 1. Backend is running. 2. The Chair's library holds "Từ kho.pdf"; the meeting has an agenda item. | F66: Pending
A67: POST /api/meetings/{id}/agenda/{itemId}/documents/upload
A68: DOC_API_IT49 | B68: Verify an upload into an item past the storage limit adds nothing. | C68: 1. Fill the system storage until only 10 bytes are free. 2. As the Secretary, upload x.pdf into an agenda item. | D68: 1. HTTP 409 with code "MSG346" (storage is full). 2. No meeting document and no link is added. | E68: 1. Backend is running. 2. FileStorage:MaxTotalGigabytes is set so the limit can be reached. | F68: Pending
A69: DOC_API_IT50 | B69: Verify an upload into an item adds it to the library folder, the meeting and the item. | C69: 1. As the Secretary, upload "Tải thẳng.pdf" (2 pages) to /api/meetings/<id>/agenda/<item>/documents/upload. | D69: 1. HTTP 200 with code "MSG238". 2. The file is in the Secretary's meeting folder, in the meeting and linked to the item. | E69: 1. Backend is running. 2. A meeting with an agenda item and its Secretary signed in. | F69: Pending
A70: DELETE /api/meetings/{id}/agenda/{itemId}/documents/{documentId}
A71: DOC_API_IT51 | B71: Verify unlinking drops one link and the document stays in the meeting. | C71: 1. Link a document to items 1 and 2. 2. As the Chair, DELETE /agenda/<item 1>/documents/<document id>. | D71: 1. HTTP 200 with code "MSG239" ("Đã gỡ tài liệu khỏi mục nghị sự."). 2. The document is still linked to item 2 and still in the meeting. | E71: 1. Backend is running. 2. A meeting with two agenda items and a document. | F71: Pending
A72: DOC_API_IT52 | B72: Verify unlinking is refused to others, for a removed document, an unknown item, after the end and on failure. | C72: 1. As the Member, unlink. 2. As the Secretary, unlink the removed b.pdf, unlink from an unknown item, unlink with the database down, and unlink after the meeting ends. | D72: 1. Member: HTTP 403 with code "MSG241". 2. Removed document: HTTP 404 with code "MSG170"; unknown item: HTTP 404 with code "MSG242". 3. Database down: HTTP 503; after the end: HTTP 409 with code "MSG172". | E72: 1. Backend is running. 2. A Published meeting with a linked a.pdf and a removed b.pdf. | F72: Pending
A73: POST /api/meetings/{id}/documents
A74: DOC_API_IT53 | B74: Verify every document change is refused once the meeting is cancelled. | C74: 1. Cancel the meeting. 2. As the Secretary, upload, add from the library, remove, link and unlink. | D74: 1. Every request returns HTTP 409 with code "MSG349". | E74: 1. Backend is running. 2. A meeting with an item, a linked document and a library document. | F74: Pending
A75: Realtime /hubs/meetings
A76: DOC_API_IT54 | B76: Verify every document change tells the meeting room to reload its documents. | C76: 1. The Member joins the meeting hub. 2. As the Secretary, add from the library, link, unlink, upload into the item and remove. | D76: 1. The Member receives one documentsChanged event for each change. | E76: 1. Backend is running. 2. A meeting with an agenda item and two library documents. | F76: Pending
A77: POST /api/meetings/{id}/documents
A78: DOC_API_IT55 | B78: Verify changes are refused to a removed manager, another meeting's Chair and a deactivated account. | C78: 1. Remove the Chair from the roster and try to add, link and remove. 2. As the Chair of another meeting, try the same. 3. Deactivate the Secretary and try the same. | D78: 1. Every request is refused (HTTP 403 or 404); nothing changes. | E78: 1. Backend is running. 2. Two meetings with documents and agenda items. | F78: Pending
A79: POST /api/meetings/{id}/documents/{documentId}/comments
A80: DOC_API_IT56 | B80: Verify a Member comments on a PDF page and a DOCX comment has no page. | C80: 1. As the Member, POST /api/meetings/<id>/documents/<pdf id>/comments with { "body": " Xem lại số liệu ", "pageNumber": 3 }. 2. POST a comment on the DOCX with pageNumber 3. | D80: 1. Both return HTTP 201 with code "MSG199" ("Đã gửi góp ý."). 2. The PDF comment is "Xem lại số liệu" on page 3. 3. The DOCX comment has no page number. | E80: 1. Backend is running. 2. A Published meeting with a PDF and a DOCX; the Member is invited. | F80: Pending
A81: DOC_API_IT57 | B81: Verify a reply to a reply joins the thread of the top-level comment. | C81: 1. As the Member, post "Gốc" on page 2. 2. As the Chair, reply to it; as the Member, reply to the Chair's reply. | D81: 1. Both replies belong to the thread of "Gốc" and keep page 2. | E81: 1. Backend is running. 2. A Published meeting with a PDF. | F81: Pending
A82: DOC_API_IT58 | B82: Verify a comment must have text within the length limit. | C82: 1. Post { "body": " " }. 2. Post a body of 4001 characters. | D82: 1. Blank: HTTP 400 with code "MSG200" ("Hãy nhập nội dung góp ý."). 2. Too long: HTTP 400 with code "MSG348" ("Nội dung vượt quá độ dài cho phép."). | E82: 1. Backend is running. 2. A Published meeting with a document. | F82: Pending
A83: DOC_API_IT59 | B83: Verify comments become read-only once the meeting has ended. | C83: 1. As the Member, post "Muộn". 2. GET the comments. | D83: 1. Posting returns HTTP 409 with code "MSG251". 2. Reading returns HTTP 200 with canComment false. | E83: 1. Backend is running. 2. An Ended meeting with a document. | F83: Pending
A84: DOC_API_IT60 | B84: Verify comments become read-only once the meeting is cancelled. | C84: 1. As the Member, post a comment; GET the comments. | D84: 1. Posting returns HTTP 409 with code "MSG349". 2. Reading still works with canComment false. | E84: 1. Backend is running. 2. A meeting cancelled after it was Published, with a document. | F84: Pending
A85: DOC_API_IT61 | B85: Verify the organizer and the approver comment like anyone who can view the meeting. | C85: 1. As the organizer and as the assigned approver (not on the roster), post a comment. | D85: 1. Both return HTTP 201 with code "MSG199". | E85: 1. Backend is running. 2. A Published meeting with a document and an assigned approver. | F85: Pending
A86: DOC_API_IT62 | B86: Verify outsiders, removed documents and other meetings' documents get the same answer. | C86: 1. As an outsider, read and post comments. 2. Remove the document; as the Member, read and post. 3. As the Member, use this meeting's URL with another meeting's document id. | D86: 1. Every request returns HTTP 404 with code "MSG156". | E86: 1. Backend is running. 2. Two Published meetings with documents. | F86: Pending
A87: GET /api/meetings/{id}/documents/{documentId}/comments
A88: DOC_API_IT63 | B88: Verify the same file in two meetings has two separate discussions. | C88: 1. Add the same library file to two meetings. 2. Comment on it in the first meeting; read the comments in the second. | D88: 1. The second meeting shows no comments. | E88: 1. Backend is running. 2. Two Published meetings; the Secretary owns the file. | F88: Pending
A89: DOC_API_IT64 | B89: Verify failures to save or load comments answer their own codes. | C89: 1. Make the save fail and post "Lỗi". 2. Stop PostgreSQL and read the comments. | D89: 1. Saving returns HTTP 503 with code "MSG202". 2. Reading returns an error code instead of an empty list. | E89: 1. Backend is running. 2. A Published meeting with a document. | F89: Pending
A90: POST /api/folders
A91: DOC_API_IT65 | B91: Verify the owner creates nested folders, duplicate names are allowed and they show in the library. | C91: 1. POST /api/folders with { "name": " Báo cáo " }. 2. POST /api/folders with { "name": "Quý 3", "parentId": "<id of Báo cáo>" } twice. 3. GET the library. | D91: 1. Each create returns HTTP 201 with code "MSG187" ("Đã tạo thư mục."); the name is trimmed to "Báo cáo". 2. Two subfolders "Quý 3" exist under "Báo cáo". | E91: 1. Backend is running. 2. Signed in as an active user. | F91: Pending
A92: DOC_API_IT66 | B92: Verify a folder name must not be blank or too long. | C92: 1. POST /api/folders with { "name": " " }. 2. POST with a name of 401 characters. | D92: 1. Blank: HTTP 400 with code "MSG188" ("Hãy nhập tên thư mục."). 2. Too long: HTTP 400 with code "MSG348". | E92: 1. Backend is running. 2. Signed in as an active user. | F92: Pending
A93: DOC_API_IT67 | B93: Verify someone else's folder cannot be a parent, renamed or deleted. | C93: 1. Create a folder under another user's "Riêng". 2. PUT /api/folders/<Riêng>/name, PUT /api/folders/<Riêng>/parent, DELETE /api/folders/<Riêng>. | D93: 1. As parent: HTTP 404 with code "MSG179". 2. Rename, move and delete: HTTP 404 with code "MSG175". | E93: 1. Backend is running. 2. Another user owns the folder "Riêng". | F93: Pending
A94: DOC_API_IT68 | B94: Verify a sixth folder level is refused on create and on move. | C94: 1. Create folders "Cấp 1" to "Cấp 5" nested. 2. Create a folder inside "Cấp 5". 3. Move "Có con" (which has a subfolder) into "Cấp 4". | D94: 1. Both return HTTP 409 with code "MSG189" (folders nest at most 5 levels). | E94: 1. Backend is running. 2. Signed in as an active user. | F94: Pending
A95: PUT /api/folders/{id}/parent
A96: DOC_API_IT69 | B96: Verify a folder cannot move into itself or a subfolder but can move to the root. | C96: 1. Move "Gốc" into itself, into "Con", into "Cháu". 2. Move "Con" to the root ({ "parentId": null }). | D96: 1. The first three return HTTP 409 with code "MSG193". 2. The move to the root succeeds. | E96: 1. Backend is running. 2. Folders Gốc > Con > Cháu exist. | F96: Pending
A97: DOC_API_IT70 | B97: Verify two crossing moves at once never make a cycle. | C97: 1. At the same time, move A into B and B into A. | D97: 1. Exactly one move succeeds; the other is refused. 2. No folder is its own ancestor. | E97: 1. Backend is running. 2. Two root folders A and B. | F97: Pending
A98: PUT /api/folders/{id}/name
A99: DOC_API_IT71 | B99: Verify renaming a folder keeps its place and contents. | C99: 1. Send PUT request to /api/folders/<id of Cũ>/name. 2. Request headers: Content-Type: application/json; Authorization: Bearer <access token of the folder owner>. 3. Query parameters: None. 4. Request JSON body: { "name": "Mới" }. | D99: 1. HTTP 200 with code "MSG191" ("Đã đổi tên thư mục."). 2. The folder is named "Mới", stays in the same place and still contains a.pdf. | E99: 1. Backend is running. 2. The owner has folder "Cũ" containing a.pdf. | F99: Pending
A100: DELETE /api/folders/{id}
A101: DOC_API_IT72 | B101: Verify only an empty folder can be deleted. | C101: 1. DELETE "Có tài liệu" (contains a document), "Có con" (contains a folder), then "Rỗng" (empty) twice. | D101: 1. The first two return HTTP 409 with code "MSG196" ("Chỉ xoá được thư mục rỗng."). 2. "Rỗng" is deleted (HTTP 200, "MSG197"); the second delete returns HTTP 404 with code "MSG175". | E101: 1. Backend is running. 2. The owner has the three folders described. | F101: Pending
A102: POST /api/folders
A103: DOC_API_IT73 | B103: Verify folder changes that cannot be saved answer their own codes. | C103: 1. Stop PostgreSQL. 2. Create a folder, rename one, move one, delete one. | D103: 1. Create: HTTP 503 with code "MSG190". 2. Rename: HTTP 503 with code "MSG192". 3. Move and delete answer their own 503 codes; nothing changes. | E103: 1. Backend is running. 2. The owner has the folder "Thư mục". | F103: Pending
A104: POST /api/documents/upload
A105: DOC_API_IT74 | B105: Verify the owner uploads into a folder and sees the documents and the storage used. | C105: 1. POST /api/documents/upload?folderId=<Hồ sơ> with "Tờ trình.pdf" (3 pages) and "Dự thảo.docx". 2. GET the library at that folder. | D105: 1. HTTP 201 with code "MSG177" ("Đã tải tài liệu lên kho của bạn.") and addedCount 2. 2. Both documents are listed in "Hồ sơ"; the storage used increases by their size. | E105: 1. Backend is running. 2. The owner has the folder "Hồ sơ". | F105: Pending
A106: DOC_API_IT75 | B106: Verify the library upload checks the destination, the files and the limits. | C106: 1. Upload into another user's folder. 2. Upload to the root. 3. Upload 11 files; upload a PNG renamed .pdf. | D106: 1. Another user's folder: HTTP 404 with code "MSG179". 2. Root: HTTP 201 with code "MSG177". 3. 11 files: HTTP 400 with code "MSG288"; fake PDF: HTTP 400 with code "MSG164". | E106: 1. Backend is running. 2. Signed in as an active user. | F106: Pending
A107: DOC_API_IT76 | B107: Verify an upload past the storage limit adds nothing. | C107: 1. Fill the system storage until only 10 bytes are free. 2. Upload a.pdf to the library. | D107: 1. HTTP 409 with code "MSG346". 2. Nothing is stored. | E107: 1. Backend is running. 2. FileStorage:MaxTotalGigabytes is set so the limit can be reached. | F107: Pending
A108: DOC_API_IT77 | B108: Verify the storage limit is the whole system's, whoever filled it. | C108: 1. Another user fills the storage to 10 bytes free. 2. As a meeting Secretary, upload x.pdf to the meeting. | D108: 1. HTTP 409 with code "MSG346". 2. No meeting document is added. | E108: 1. Backend is running. 2. FileStorage:MaxTotalGigabytes is set so the limit can be reached. | F108: Pending
A109: DOC_API_IT78 | B109: Verify two uploads at once near the limit let only one in. | C109: 1. Leave room for 1.5 copies of x.pdf. 2. Upload x.pdf twice at the same time. | D109: 1. One upload returns HTTP 201 and the other HTTP 409 with code "MSG346". | E109: 1. Backend is running. 2. FileStorage:MaxTotalGigabytes is set so the limit can be reached. | F109: Pending
A110: DOC_API_IT79 | B110: Verify a refused upload gives its reserved room back. | C110: 1. Stop the file storage. 2. Upload r.pdf; check the storage used. | D110: 1. HTTP 503. 2. The storage used is the same as before. | E110: 1. Backend is running. 2. Signed in as an active user. | F110: Pending
A111: DOC_API_IT80 | B111: Verify a failed store adds nothing and leaves no object. | C111: 1. Make the storage fail on the second file. 2. Upload a.pdf and b.pdf. | D111: 1. HTTP 503 with code "MSG178". 2. a.pdf is removed from storage; no document is added. | E111: 1. Backend is running. 2. Signed in as an active user. | F111: Pending
A112: GET /api/documents
A113: DOC_API_IT81 | B113: Verify search and the type filter stay within the current location. | C113: 1. At the root, search "Báo cáo". 2. Filter the root by type pdf. 3. Search "100%". | D113: 1. The root search finds "Báo cáo quý 3.pdf" and "Báo cáo quý 4.docx" but not the one inside "Thư mục". 2. The pdf filter shows only PDFs. 3. "100%" finds "100%_xong.pdf" (% is matched literally). | E113: 1. Backend is running. 2. The owner has the four documents described. | F113: Pending
...

Sheet Email
A2: Feature | B2: Email | P2: Passed
A3: Test requirement | B3: API tests for the email endpoints | P3: Failed
A4: Number of TCs | B4: 4 | P4: Pending
A5: Testing Round | B5: Passed | C5: Failed | D5: Pending | E5: N/A | P5: Skipped
A6: Round 1 | B6: =COUNTIF(F12:F15,"Passed") -> 0 | C6: =COUNTIF(F12:F15,"Failed") -> 0 | D6: =B4-B6-C6-E6 -> 4 | E6: =COUNTIF(F12:F15,"Skipped") -> 0
A7: Round 2 | B7: =COUNTIF(I12:I15,"Passed") -> 0 | C7: =COUNTIF(I12:I15,"Failed") -> 0 | D7: =B4-B7-C7-E7 -> 4 | E7: =COUNTIF(I12:I15,"Skipped") -> 0
A8: Round 3 | B8: =COUNTIF(L12:L15,"Passed") -> 0 | C8: =COUNTIF(L12:L15,"Failed") -> 0 | D8: =B4-B8-C8-E8 -> 4 | E8: =COUNTIF(L12:L15,"Skipped") -> 0
A10: Test Case ID | B10: Test Case Description | C10: Test Case Procedure | D10: Expected Results | E10: Pre-conditions | F10: Round 1 | G10: Test date | H10: Tester | I10: Round 2 | J10: Test date | K10: Tester | L10: Round 3 | M10: Test date | N10: Tester | O10: Note
A11: POST /api/email/resend/webhook
A12: SYS_API_IT01 | B12: Verify the email webhook returns 503 when no webhook secret is configured. | C12: 1. Send POST request to /api/email/resend/webhook. 2. Request headers: Content-Type: application/json; None (no authentication). 3. Query parameters: None. 4. Request JSON body: {}. | D12: 1. HTTP 503 Service Unavailable. | E12: 1. Backend is running. 2. Email:Resend:WebhookSecret is not set. | F12: Pending
A13: SYS_API_IT02 | B13: Verify an unsigned webhook request returns 401 without needing a sign-in. | C13: 1. Send POST request to /api/email/resend/webhook. 2. Request headers: Content-Type: application/json; None (no authentication). 3. Query parameters: None. 4. Request JSON body: {}. | D13: 1. HTTP 401 Unauthorized. 2. No email status changes. | E13: 1. Backend is running. 2. Email:Resend:WebhookSecret is set. | F13: Pending
A14: SYS_API_IT03 | B14: Verify the raw body and the svix headers reach the receiver unchanged. | C14: 1. POST /api/email/resend/webhook with Content-Type: application/json, headers svix-id: msg_1, svix-timestamp: 1793088000, svix-signature: v1,<valid signature> and body { "type" : "email.delivered" }. 2. Repeat with an event type the system ignores, then with a malformed event. | D14: 1. A recorded event returns HTTP 200 and the email is marked delivered. 2. An ignored event returns HTTP 200 and changes nothing. 3. A malformed event returns HTTP 400. 4. The body is passed on byte for byte (spaces kept). | E14: 1. Backend is running. 2. The webhook secret is set and a sent email exists. | F14: Pending
A15: SYS_API_IT04 | B15: Verify a receiver error returns 500 so Resend retries. | C15: 1. Stop PostgreSQL. 2. Send a correctly signed webhook. | D15: 1. HTTP 500 Internal Server Error, so the provider sends it again later. | E15: 1. Backend is running. 2. The webhook secret is set. | F15: Pending

Sheet Meetings
A2: Feature | B2: Meetings | P2: Passed
A3: Test requirement | B3: API tests for the meetings endpoints | P3: Failed
A4: Number of TCs | B4: 94 | P4: Pending
A5: Testing Round | B5: Passed | C5: Failed | D5: Pending | E5: N/A | P5: Skipped
A6: Round 1 | B6: =COUNTIF(F12:F115,"Passed") -> 0 | C6: =COUNTIF(F12:F115,"Failed") -> 0 | D6: =B4-B6-C6-E6 -> 94 | E6: =COUNTIF(F12:F115,"Skipped") -> 0
A7: Round 2 | B7: =COUNTIF(I12:I115,"Passed") -> 0 | C7: =COUNTIF(I12:I115,"Failed") -> 0 | D7: =B4-B7-C7-E7 -> 94 | E7: =COUNTIF(I12:I115,"Skipped") -> 0
A8: Round 3 | B8: =COUNTIF(L12:L115,"Passed") -> 0 | C8: =COUNTIF(L12:L115,"Failed") -> 0 | D8: =B4-B8-C8-E8 -> 94 | E8: =COUNTIF(L12:L115,"Skipped") -> 0
A10: Test Case ID | B10: Test Case Description | C10: Test Case Procedure | D10: Expected Results | E10: Pre-conditions | F10: Round 1 | G10: Test date | H10: Tester | I10: Round 2 | J10: Test date | K10: Tester | L10: Round 3 | M10: Test date | N10: Tester | O10: Note
A11: GET /api/meetings
A12: MEET_API_IT01 | B12: Verify GET /api/meetings requires authentication and an active account. | C12: 1. Send GET request to /api/meetings without authentication. 2. Send GET request to /api/meetings with the access token of an account that has since been deactivated. | D12: 1. The anonymous request returns HTTP 401 Unauthorized. 2. The deactivated account's request returns HTTP 403 Forbidden. | E12: 1. Backend is running. 2. A member account signed in, kept the access token and was then deactivated. | F12: Pending
A13: MEET_API_IT02 | B13: Verify GET /api/meetings returns only meetings the caller may see, with paging metadata. | C13: 1. Send GET request to /api/meetings?status=Draft&q=Giao&page=1&pageSize=1&sortBy=createdAt&sortDir=asc. 2. Request headers: Authorization: Bearer <access token of thuky@trustcabinet.local> (Secretary, MeetingCreator). 3. Query parameters: status=Draft; q=Giao; page=1; pageSize=1; sortBy=createdAt; sortDir=asc. 4. Request body: None (GET request). | D13: 1. HTTP 200 OK response. 2. page 1, pageSize 1, totalCount 1, totalPages 1. 3. items holds exactly the organizer's own Draft "Giao ban % tuần". 4. The other creator's meeting with the same title is not returned. | E13: 1. Backend is running. 2. thuky@trustcabinet.local owns a Draft titled "Giao ban % tuần". 3. Another creator owns a Draft with the same title that thuky is not related to. | F13: Pending
A14: MEET_API_IT03 | B14: Verify GET /api/meetings returns an empty page for no match or a page beyond the end. | C14: 1. Send GET request to /api/meetings?status=Ended as thuky@trustcabinet.local. 2. Send GET request to /api/meetings?page=99 as the same user. | D14: 1. Both requests return HTTP 200 OK. 2. items is empty; for the first request totalCount and totalPages are 0. | E14: 1. Backend is running. 2. thuky@trustcabinet.local has one Draft meeting and no Ended meeting. | F14: Pending
A15: MEET_API_IT04 | B15: Verify GET /api/meetings returns MSG32 with field errors for an invalid query. | C15: 1. Send GET request to /api/meetings?status=Wrong&page=0. 2. Request headers: Authorization: Bearer <access token of thuky@trustcabinet.local> (Secretary, MeetingCreator). 3. Query parameters: status=Wrong; page=0. 4. Request body: None (GET request). | D15: 1. HTTP 400 Bad Request response. 2. Response JSON body: code "MSG32", message "Tiêu chí danh sách cuộc họp không hợp lệ.". 3. errors has status and page. | E15: 1. Backend is running. 2. Signed in as thuky@trustcabinet.local. | F15: Pending
A16: MEET_API_IT05 | B16: Verify GET /api/meetings returns MSG38 with 500 when the database read fails. | C16: 1. Send GET request to /api/meetings. 2. Request headers: Authorization: Bearer <access token of thuky@trustcabinet.local> (Secretary, MeetingCreator). 3. Query parameters: None. 4. Request body: None (GET request). | D16: 1. HTTP 500 Internal Server Error response. 2. Response JSON body: code "MSG38", message "Không thể tải danh sách cuộc họp. Vui lòng thử lại.". | E16: 1. Backend is running. 2. Signed in as thuky@trustcabinet.local. 3. The PostgreSQL container is stopped after sign-in. | F16: Pending
A17: MEET_API_IT06 | B17: Verify GET /api/meetings returns MSG38 when the account check fails. | C17: 1. Send GET request to /api/meetings. 2. Request headers: Authorization: Bearer <access token of thuky@trustcabinet.local> (Secretary, MeetingCreator). 3. Query parameters: None. 4. Request body: None (GET request). | D17: 1. HTTP 500 Internal Server Error response with code "MSG38". 2. No meeting list is read. | E17: 1. Backend is running. 2. Signed in as thuky@trustcabinet.local. 3. PostgreSQL becomes unreachable before the request (stop the container). | F17: Pending
A18: POST /api/meetings
A19: MEET_API_IT07 | B19: Verify POST /api/meetings creates a Draft and returns a Location that GET can read. | C19: 1. Send POST request to /api/meetings. 2. Request headers: Content-Type: application/json; Authorization: Bearer <access token of thuky@trustcabinet.local> (Secretary, MeetingCreator). 3. Query parameters: None. 4. Request JSON body: { "title": "Giao ban tuần", "plannedStartTime": "<tomorrow 09:00+07:00>", "plannedEndTime": "<tomorrow 10:00+07:00>", "mode": "InPerson", "location": "Phòng họp A", "sensitivity": "Internal", "description": "Kế hoạch tuần.", "participants": [{ "userId": "<id of chutoa>", "role": "Chair" }] }. 5. Send GET request to the URL in the Location header. | D19: 1. HTTP 201 Created response with Location /api/meetings/<new id>. 2. Response JSON body: code "MSG29", message "Tạo cuộc họp thành công.", meeting.status "Draft", organizer is thuky. 3. GET on the Location returns HTTP 200 OK with the same meeting. | E19: 1. Backend is running. 2. Signed in as thuky@trustcabinet.local (MeetingCreator). 3. chutoa@trustcabinet.local is active. | F19: Pending
A20: MEET_API_IT08 | B20: Verify creating a meeting needs participants (MSG277) and the roster cannot be changed through PUT. | C20: 1. Send POST request to /api/meetings as thuky with a valid body but "participants": []. 2. Send it again with "participants": [{ "userId": "<id of chutoa>", "role": "Chair" }]. 3. Send PUT request to /api/meetings/<new id> with the same body including participants. | D20: 1. The first request returns HTTP 400 Bad Request with code "MSG277" and an error on participants; no meeting is created. 2. The second returns HTTP 201 Created; chair is chutoa, secretaries is empty. 3. The PUT returns HTTP 400 Bad Request with code "MSG31" (participants are not editable here). | E20: 1. Backend is running. 2. Signed in as thuky@trustcabinet.local (MeetingCreator). | F20: Pending
A21: MEET_API_IT09 | B21: Verify POST /api/meetings returns every validation error without saving. | C21: 1. Send POST request to /api/meetings. 2. Request headers: Content-Type: application/json; Authorization: Bearer <access token of thuky@trustcabinet.local> (Secretary, MeetingCreator). 3. Query parameters: None. 4. Request JSON body: { "title": " ", "mode": "Wrong", "plannedStartTime": "<tomorrow 09:00+07:00>", "plannedEndTime": "<tomorrow 10:00+07:00>", "participants": [{ "userId": "<id of chutoa>", "role": "Chair" }] }. | D21: 1. HTTP 400 Bad Request response. 2. Response JSON body: code "MSG31", message "Thông tin cuộc họp không hợp lệ.". 3. errors has title and mode. 4. No meeting is created. | E21: 1. Backend is running. 2. Signed in as thuky@trustcabinet.local (MeetingCreator). | F21: Pending
A22: MEET_API_IT10 | B22: Verify POST /api/meetings requires the planned start and end time. | C22: 1. Send POST request to /api/meetings. 2. Request headers: Content-Type: application/json; Authorization: Bearer <access token of thuky@trustcabinet.local> (Secretary, MeetingCreator). 3. Query parameters: None. 4. Request JSON body: { "title": "Giao ban tuần" }. | D22: 1. HTTP 400 Bad Request response with code "MSG31". 2. errors has plannedStartTime and plannedEndTime. 3. No meeting is created. | E22: 1. Backend is running. 2. Signed in as thuky@trustcabinet.local (MeetingCreator). | F22: Pending
A23: MEET_API_IT11 | B23: Verify POST /api/meetings rejects a start in the past and an end not after the start. | C23: 1. Send POST request to /api/meetings as thuky with plannedStartTime 2 hours ago and plannedEndTime 1 hour ago. 2. Send POST request with plannedStartTime and plannedEndTime both <tomorrow 09:00+07:00>. | D23: 1. Both requests return HTTP 400 Bad Request with code "MSG31". 2. The first has errors.plannedStartTime "Thời gian bắt đầu phải sau thời điểm hiện tại.". 3. The second has an error on plannedEndTime. 4. No meeting is created. | E23: 1. Backend is running. 2. Signed in as thuky@trustcabinet.local (MeetingCreator). | F23: Pending
A24: MEET_API_IT12 | B24: Verify POST /api/meetings fills the meeting-level defaults. | C24: 1. Send POST request to /api/meetings. 2. Request headers: Content-Type: application/json; Authorization: Bearer <access token of thuky@trustcabinet.local> (Secretary, MeetingCreator). 3. Query parameters: None. 4. Request JSON body: { "title": "Giao ban tuần", "plannedStartTime": "<tomorrow 09:00+07:00>", "plannedEndTime": "<tomorrow 10:30+07:00>", "onlineLink": " ", "participants": [{ "userId": "<id of thuky>", "role": "Chair" }] }. | D24: 1. HTTP 201 Created response. 2. meeting.mode is "InPerson" and meeting.sensitivity is "Normal". 3. The blank onlineLink is stored as empty and the 90-minute schedule is returned as sent. | E24: 1. Backend is running. 2. Signed in as thuky@trustcabinet.local (MeetingCreator). | F24: Pending
A25: MEET_API_IT13 | B25: Verify POST /api/meetings rejects an online link longer than 1000 characters. | C25: 1. Send POST request to /api/meetings. 2. Request headers: Content-Type: application/json; Authorization: Bearer <access token of thuky@trustcabinet.local> (Secretary, MeetingCreator). 3. Query parameters: None. 4. Request JSON body: { ...valid meeting..., "mode": "Online", "onlineLink": "https://meet.example.com/<more than 1000 characters>" }. | D25: 1. HTTP 400 Bad Request response with an error on onlineLink. | E25: 1. Backend is running. 2. Signed in as thuky@trustcabinet.local (MeetingCreator). | F25: Pending
A26: MEET_API_IT14 | B26: Verify an approver sent by the client when creating a meeting is ignored. | C26: 1. Send POST request to /api/meetings. 2. Request headers: Content-Type: application/json; Authorization: Bearer <access token of thuky@trustcabinet.local> (Secretary, MeetingCreator). 3. Query parameters: None. 4. Request JSON body: { ...valid meeting..., "assignedApproverId": "<id of chutoa>" }. | D26: 1. HTTP 201 Created response. 2. meeting.assignedApproverId is null; an approver is chosen only when submitting. | E26: 1. Backend is running. 2. Signed in as thuky@trustcabinet.local (MeetingCreator). | F26: Pending
A27: MEET_API_IT15 | B27: Verify POST /api/meetings returns MSG35 with 500 when it cannot be saved. | C27: 1. Send POST request to /api/meetings. 2. Request headers: Content-Type: application/json; Authorization: Bearer <access token of thuky@trustcabinet.local> (Secretary, MeetingCreator). 3. Query parameters: None. 4. Request JSON body: { ...valid meeting... }. | D27: 1. HTTP 500 Internal Server Error response. 2. Response JSON body: code "MSG35", message "Không thể tạo cuộc họp. Vui lòng thử lại.". 3. No meeting is created. | E27: 1. Backend is running. 2. Signed in as thuky@trustcabinet.local (MeetingCreator). 3. The PostgreSQL container is stopped after sign-in. | F27: Pending
A28: MEET_API_IT16 | B28: Verify anonymous callers and callers without MeetingCreator are stopped by the gate. | C28: 1. Send GET request to /api/meetings/<any id> without authentication. 2. As quantri@trustcabinet.local (AdminUsers only), send POST /api/meetings with a valid body. 3. As the same user, send GET /api/meetings/approvers. | D28: 1. The anonymous request returns HTTP 401 Unauthorized. 2. The POST and the approvers request return HTTP 403 Forbidden. 3. No meeting is created. | E28: 1. Backend is running. 2. quantri@trustcabinet.local has AdminUsers but not MeetingCreator. | F28: Pending
A29: GET /api/meetings/approvers
A30: MEET_API_IT17 | B30: Verify GET /api/meetings/approvers lists the accounts that may approve. | C30: 1. Send GET request to /api/meetings/approvers. 2. Request headers: Authorization: Bearer <access token of thuky@trustcabinet.local> (Secretary, MeetingCreator). 3. Query parameters: None. 4. Request body: None (GET request). | D30: 1. HTTP 200 OK response. 2. The body is a list of { id, fullName }, sorted by name, for example "An Nguyễn" then "Bình Trần". | E30: 1. Backend is running. 2. Signed in as thuky@trustcabinet.local (MeetingCreator). 3. Two active accounts "An Nguyễn" and "Bình Trần" have MeetingApprover. | F30: Pending
A31: MEET_API_IT18 | B31: Verify the approver list never offers the caller, even when the caller can approve. | C31: 1. Give thuky's role MeetingApprover as well. 2. Send GET request to /api/meetings/approvers as thuky, with and without another approver ("An Nguyễn") in the system. | D31: 1. HTTP 200 OK response each time. 2. thuky never appears in the list. 3. "An Nguyễn" appears when that account exists; otherwise the list is empty. | E31: 1. Backend is running. 2. Signed in as thuky@trustcabinet.local (MeetingCreator and MeetingApprover). | F31: Pending
A32: MEET_API_IT19 | B32: Verify GET /api/meetings/approvers returns MSG130 with 503 when the approvers cannot be read. | C32: 1. Send GET request to /api/meetings/approvers. 2. Request headers: Authorization: Bearer <access token of thuky@trustcabinet.local> (Secretary, MeetingCreator). 3. Query parameters: None. 4. Request body: None (GET request). | D32: 1. HTTP 503 Service Unavailable response. 2. Response JSON body: code "MSG130", message "Không thể tải danh sách người duyệt. Vui lòng thử lại.". | E32: 1. Backend is running. 2. Signed in as thuky@trustcabinet.local (MeetingCreator). 3. The PostgreSQL container is stopped after sign-in. | F32: Pending
A33: MEET_API_IT20 | B33: Verify GET /api/meetings/approvers returns MSG130 when the caller's account check fails. | C33: 1. Send GET request to /api/meetings/approvers. 2. Request headers: Authorization: Bearer <access token of thuky@trustcabinet.local> (Secretary, MeetingCreator). 3. Query parameters: None. 4. Request body: None (GET request). | D33: 1. HTTP 503 Service Unavailable response with code "MSG130". | E33: 1. Backend is running. 2. Signed in as thuky@trustcabinet.local. 3. PostgreSQL becomes unreachable just before the request. | F33: Pending
A34: MEET_API_IT21 | B34: Verify GET /api/meetings/approvers returns MSG130 when the database times out. | C34: 1. Send GET request to /api/meetings/approvers. 2. Request headers: Authorization: Bearer <access token of thuky@trustcabinet.local> (Secretary, MeetingCreator). 3. Query parameters: None. 4. Request body: None (GET request). | D34: 1. HTTP 503 Service Unavailable response with code "MSG130". | E34: 1. Backend is running. 2. Signed in as thuky@trustcabinet.local. 3. The database is slowed so the query times out (for example pause the PostgreSQL container). | F34: Pending
A35: MEET_API_IT22 | B35: Verify cancelling the approver request stops the server work. | C35: 1. Send GET request to /api/meetings/approvers as thuky while the database is paused. 2. Cancel the request in the client (close the Postman request) before it answers. | D35: 1. The request is cancelled on the client. 2. The backend log shows the request was cancelled, not an error response. | E35: 1. Backend is running. 2. Signed in as thuky@trustcabinet.local. 3. The PostgreSQL container is paused so the request waits. | F35: Pending
A36: GET /api/meetings/{id}
A37: MEET_API_IT23 | B37: Verify a missing meeting and another creator's meeting return the same empty 404. | C37: 1. As thuky, create a Draft and copy its id. 2. As a second creator, send GET request to /api/meetings/<that id>. 3. As the second creator, send GET request to /api/meetings/<random UUID>. | D37: 1. Both requests return HTTP 404 Not Found with an empty body. 2. The two answers cannot be told apart. | E37: 1. Backend is running. 2. A second active account with MeetingCreator exists and is unrelated to thuky's meeting. | F37: Pending
A38: MEET_API_IT24 | B38: Verify the assigned approver can read the meeting without MeetingCreator. | C38: 1. Send GET request to /api/meetings/<id of the WaitingApproval meeting>. 2. Request headers: Authorization: Bearer <access token of chutoa@trustcabinet.local> (Chair). 3. Query parameters: None. 4. Request body: None (GET request). | D38: 1. HTTP 200 OK response with the meeting. | E38: 1. Backend is running. 2. A meeting is WaitingApproval with chutoa@trustcabinet.local as its assigned approver. 3. chutoa is active and has no MeetingCreator. | F38: Pending
A39: MEET_API_IT25 | B39: Verify an invited participant can read a Published meeting without MeetingCreator. | C39: 1. Send GET request to /api/meetings/<id of the Published meeting>. 2. Request headers: Authorization: Bearer <access token of thanhvien@trustcabinet.local> (Member, no capability). 3. Query parameters: None. 4. Request body: None (GET request). | D39: 1. HTTP 200 OK response with the meeting. | E39: 1. Backend is running. 2. A Published meeting lists thanhvien@trustcabinet.local as an active participant. | F39: Pending
A40: MEET_API_IT26 | B40: Verify related readers see a meeting only in the statuses they are allowed to. | C40: 1. For each status (Draft, WaitingApproval, Rejected, Approved, Published, InProgress, Ended, Cancelled), prepare one meeting with chutoa as assigned approver and thanhvien as participant. 2. Send GET request to each meeting as chutoa and as thanhvien. | D40: 1. The approver gets HTTP 200 OK from WaitingApproval onwards and 404 for a Draft. 2. The participant gets HTTP 200 OK only from Published onwards and 404 before. 3. A refused read is an empty 404, never 403. | E40: 1. Backend is running. 2. Meetings in every status exist for one organizer. | F40: Pending
A41: MEET_API_IT27 | B41: Verify GET /api/meetings/{id} returns MSG37 with 500 when the database fails. | C41: 1. Send GET request to /api/meetings/<any id>. 2. Request headers: Authorization: Bearer <access token of thuky@trustcabinet.local> (Secretary, MeetingCreator). 3. Query parameters: None. 4. Request body: None (GET request). | D41: 1. HTTP 500 Internal Server Error response. 2. Response JSON body: code "MSG37", message "Không thể tải thông tin cuộc họp. Vui lòng thử lại.". | E41: 1. Backend is running. 2. Signed in as thuky@trustcabinet.local. 3. The PostgreSQL container is stopped after sign-in. | F41: Pending
A42: MEET_API_IT28 | B42: Verify GET /api/meetings/{id} keeps MSG37 when the account check fails. | C42: 1. Send GET request to /api/meetings/<any id>. 2. Request headers: Authorization: Bearer <access token of thuky@trustcabinet.local> (Secretary, MeetingCreator). 3. Query parameters: None. 4. Request body: None (GET request). | D42: 1. HTTP 500 Internal Server Error response with code "MSG37". | E42: 1. Backend is running. 2. Signed in as thuky@trustcabinet.local. 3. PostgreSQL becomes unreachable just before the request. | F42: Pending
A43: PUT /api/meetings/{id}
A44: MEET_API_IT29 | B44: Verify PUT /api/meetings/{id} updates an owned Draft and ignores fields the client may not set. | C44: 1. Send PUT request to /api/meetings/<id of thuky's Draft>. 2. Request headers: Content-Type: application/json; Authorization: Bearer <access token of thuky@trustcabinet.local> (Secretary, MeetingCreator). 3. Query parameters: None. 4. Request JSON body: { "title": "Đã cập nhật", "plannedStartTime": "<tomorrow 09:30+07:00>", "plannedEndTime": "<tomorrow 10:30+07:00>", "mode": "Hybrid", "location": "Phòng họp B", "onlineLink": "https://meet.example.com/a", "sensitivity": "Confidential", "description": "Mới", "status": "Published", "createdById": "<another id>" }. | D44: 1. HTTP 200 OK response. 2. Response JSON body: code "MSG30", message "Cập nhật cuộc họp thành công.". 3. The meeting shows the new title, schedule, mode, location and sensitivity. 4. status stays Draft and the organizer stays thuky. | E44: 1. Backend is running. 2. Signed in as thuky@trustcabinet.local, who owns a Draft. | F44: Pending
A45: MEET_API_IT30 | B45: Verify a Rejected meeting can be edited without restarting approval. | C45: 1. Send PUT request to /api/meetings/<id of the Rejected meeting>. 2. Request headers: Content-Type: application/json; Authorization: Bearer <access token of thuky@trustcabinet.local> (Secretary, MeetingCreator). 3. Query parameters: None. 4. Request JSON body: { ...valid meeting with a new title... }. | D45: 1. HTTP 200 OK response with code "MSG30". 2. status stays Rejected. 3. The rejection with reason "Cần bổ sung số liệu" is still in the history. | E45: 1. Backend is running. 2. thuky@trustcabinet.local owns a meeting that was rejected with reason "Cần bổ sung số liệu". | F45: Pending
A46: MEET_API_IT31 | B46: Verify a meeting that is WaitingApproval, Approved, InProgress or Ended cannot be edited (MSG33). | C46: 1. For each meeting, send PUT request to /api/meetings/<id> as thuky with any body. | D46: 1. Each request returns HTTP 409 Conflict. 2. Response JSON body: code "MSG33", message "Cuộc họp này không thể chỉnh sửa được nữa.". 3. No meeting changes. | E46: 1. Backend is running. 2. thuky owns one meeting in each of the statuses WaitingApproval, Approved, InProgress and Ended. | F46: Pending
A47: MEET_API_IT32 | B47: Verify rescheduling a Published meeting returns MSG138 and notifies every invitee. | C47: 1. Send PUT request to /api/meetings/<id of the Published meeting>. 2. Request headers: Content-Type: application/json; Authorization: Bearer <access token of thuky@trustcabinet.local> (Secretary, MeetingCreator). 3. Query parameters: None. 4. Request JSON body: { ...same meeting..., "plannedStartTime": "<day after tomorrow 09:00+07:00>", "plannedEndTime": "<day after tomorrow 11:00+07:00>", "location": "Phòng họp B" }. 5. Open the notification bell of each invitee. | D47: 1. HTTP 200 OK response. 2. Response JSON body: code "MSG138", message "Đã dời lịch cuộc họp. Người được mời sẽ nhận thông báo.". 3. Each invitee receives one reschedule notification. 4. The history records the reschedule. | E47: 1. Backend is running. 2. thuky owns a Published meeting with several invitees. | F47: Pending
A48: MEET_API_IT33 | B48: Verify the organizer is not notified of their own reschedule. | C48: 1. Send PUT request to /api/meetings/<id of the Published meeting>. 2. Request headers: Content-Type: application/json; Authorization: Bearer <access token of thuky@trustcabinet.local> (Secretary, MeetingCreator). 3. Query parameters: None. 4. Request JSON body: { ...same meeting with the start moved one day later... }. | D48: 1. HTTP 200 OK response. 2. Every other invitee is notified. 3. thuky, who is also on the roster, gets no notification. | E48: 1. Backend is running. 2. thuky owns a Published meeting and is also its Chair on the roster. | F48: Pending
A49: MEET_API_IT34 | B49: Verify a Published meeting refuses changes outside the schedule. | C49: 1. Send PUT request to /api/meetings/<id of the Published meeting>. 2. Request headers: Content-Type: application/json; Authorization: Bearer <access token of thuky@trustcabinet.local> (Secretary, MeetingCreator). 3. Query parameters: None. 4. Request JSON body: { "title": "Tên mới", "sensitivity": "Secret", ...new schedule one day later... }. | D49: 1. HTTP 400 Bad Request response with code "MSG31". 2. Errors name the locked fields (title, sensitivity). 3. Nothing changes and no notification is sent. | E49: 1. Backend is running. 2. thuky owns a Published meeting. | F49: Pending
A50: MEET_API_IT35 | B50: Verify rescheduling a Published meeting needs a start in the future. | C50: 1. Send PUT request to /api/meetings/<id of the Published meeting>. 2. Request headers: Content-Type: application/json; Authorization: Bearer <access token of thuky@trustcabinet.local> (Secretary, MeetingCreator). 3. Query parameters: None. 4. Request JSON body: { ...same meeting..., "plannedStartTime": "<30 minutes ago>", "plannedEndTime": "<30 minutes from now>" }. | D50: 1. HTTP 400 Bad Request response with an error on plannedStartTime. 2. Nothing changes. | E50: 1. Backend is running. 2. thuky owns a Published meeting. | F50: Pending
A51: MEET_API_IT36 | B51: Verify saving a Published meeting without changes notifies nobody. | C51: 1. Send PUT request to /api/meetings/<id of the Published meeting>. 2. Request headers: Content-Type: application/json; Authorization: Bearer <access token of thuky@trustcabinet.local> (Secretary, MeetingCreator). 3. Query parameters: None. 4. Request JSON body: { ...exactly the current values... }. | D51: 1. HTTP 200 OK response with code "MSG30". 2. No history entry and no notification are created. | E51: 1. Backend is running. 2. thuky owns a Published meeting. | F51: Pending
A52: MEET_API_IT37 | B52: Verify an online Published meeting ignores a stored location the form cannot show. | C52: 1. Send PUT request to /api/meetings/<id of the online Published meeting>. 2. Request headers: Content-Type: application/json; Authorization: Bearer <access token of thuky@trustcabinet.local> (Secretary, MeetingCreator). 3. Query parameters: None. 4. Request JSON body: { ...same meeting..., "mode": "Online", "location": "" }. | D52: 1. HTTP 200 OK response with code "MSG30". 2. It is not treated as a reschedule: no history entry, no notification. | E52: 1. Backend is running. 2. thuky owns an Online Published meeting whose stored location is "Trực tuyến". | F52: Pending
A53: MEET_API_IT38 | B53: Verify the meeting status is checked before invalid JSON is parsed. | C53: 1. Send PUT request to /api/meetings/<id of a WaitingApproval meeting> as thuky with Content-Type: application/json and body {. 2. Repeat with body { "title": 42 }. | D53: 1. Both requests return HTTP 409 Conflict with code "MSG33", not a JSON error. | E53: 1. Backend is running. 2. thuky owns a WaitingApproval meeting. | F53: Pending
A54: MEET_API_IT39 | B54: Verify invalid JSON on an editable meeting returns MSG31. | C54: 1. Send PUT request to /api/meetings/<id of a Draft> as thuky with Content-Type: application/json and body {. 2. Repeat for a Rejected meeting. | D54: 1. Both requests return HTTP 400 Bad Request with code "MSG31" ("Nội dung JSON không hợp lệ."). | E54: 1. Backend is running. 2. thuky owns a Draft and a Rejected meeting. | F54: Pending
A55: MEET_API_IT40 | B55: Verify the status is checked before a missing or wrong Content-Type is refused. | C55: 1. Send PUT request to /api/meetings/<id of a Draft> with Content-Type: text/plain and body {}. 2. Send PUT request to the same Draft with no Content-Type. 3. Send the same two requests to a WaitingApproval meeting. | D55: 1. For the Draft both requests return HTTP 415 Unsupported Media Type with code "MSG34" ("Content-Type phải là application/json."). 2. For the WaitingApproval meeting both return HTTP 409 Conflict with code "MSG33". | E55: 1. Backend is running. 2. thuky owns a Draft and a WaitingApproval meeting. | F55: Pending
... A58: MEET_API_IT43 | B58: Verify PUT /api/meetings/{id} returns MSG36 with 500 when it cannot be saved. | C58: 1. Send PUT request to /api/meetings/<id of a Draft>. 2. Request headers: Content-Type: application/json; Authorization: Bearer <access token of thuky@trustcabinet.local> (Secretary, MeetingCreator). 3. Query parameters: None. 4. Request JSON body: { "title": "Không được lưu", ...other fields valid... }. | D58: 1. HTTP 500 Internal Server Error response. 2. Response JSON body: code "MSG36", message "Không thể cập nhật cuộc họp. Vui lòng thử lại.". | E58: 1. Backend is running. 2. thuky owns a Draft. 3. The PostgreSQL container is stopped just before saving. | F58: Pending
A59: GET /api/meetings/{id}/submission-readiness
A60: MEET_API_IT44 | B60: Verify submission readiness does not need agenda items and changes nothing. | C60: 1. Send GET request to /api/meetings/<id of a complete Draft>/submission-readiness. 2. Request headers: Authorization: Bearer <access token of thuky@trustcabinet.local> (Secretary, MeetingCreator). 3. Query parameters: None. 4. Request body: None (GET request). | D60: 1. HTTP 200 OK response. 2. ready is true and errors is empty. 3. The meeting stays Draft; nothing is saved. | E60: 1. Backend is running. 2. thuky owns a Draft with title, schedule and a Chair, but no agenda item. | F60: Pending
A61: MEET_API_IT45 | B61: Verify readiness and submit on an Approved meeting return MSG41 without side effects. | C61: 1. Send GET request to /api/meetings/<id of an Approved meeting>/submission-readiness as thuky. 2. Send POST request to /api/meetings/<id>/transitions with body { "action": "SubmitForApproval", "assignedApproverId": "<id of chutoa>" }. | D61: 1. Both requests return HTTP 409 Conflict with code "MSG41" ("Cuộc họp không còn ở trạng thái Draft hoặc Rejected."). 2. The meeting stays Approved; no history or notification is added. | E61: 1. Backend is running. 2. thuky owns an Approved meeting. | F61: Pending
A62: MEET_API_IT46 | B62: Verify readiness and history return MSG136 and MSG131 with 503 on a temporary read failure. | C62: 1. Send GET request to /api/meetings/<id>/submission-readiness as thuky. 2. Send GET request to /api/meetings/<id>/history as thuky. | D62: 1. Readiness returns HTTP 503 with code "MSG136" ("Không thể tải dữ liệu quy trình cuộc họp. Vui lòng thử lại."). 2. History returns HTTP 503 with code "MSG131" ("Không thể kiểm tra tài khoản để thực hiện thao tác cuộc họp. Vui lòng thử lại."). | E62: 1. Backend is running. 2. thuky owns a Draft. 3. PostgreSQL is made unreachable just before each request. | F62: Pending
A63: POST /api/meetings/{id}/transitions
A64: MEET_API_IT47 | B64: Verify SubmitForApproval moves a Draft to WaitingApproval and returns the history. | C64: 1. Send POST request to /api/meetings/0199ac54-d000-7000-8000-000000000019/transitions. 2. Request headers: Content-Type: application/json; Authorization: Bearer <access token of thuky@trustcabinet.local> (Secretary, MeetingCreator). 3. Query parameters: None. 4. Request JSON body: { "action": "SubmitForApproval", "assignedApproverId": "<id of chutoa from GET /api/meetings/approvers>" }. | D64: 1. HTTP 200 OK response. 2. status is "WaitingApproval" and assignedApproverId is chutoa. 3. The history now has a SubmitForApproval entry by thuky. 4. chutoa receives a notification. | E64: 1. Backend is running. 2. The demo Draft "SCRUM-19 — Luồng duyệt và công bố (demo)" exists, owned by thuky, with an agenda item. | F64: Pending
A65: MEET_API_IT48 | B65: Verify submit returns MSG81 when the meeting is incomplete and MSG82 for an ineligible approver. | C65: 1. Clear the title of thuky's Draft, then send POST /api/meetings/<id>/transitions with { "action": "SubmitForApproval", "assignedApproverId": "<id of chutoa>" }. 2. Restore the title "Giao ban tuần", remove MeetingApprover from chutoa's role, and send the same request. | D65: 1. The first request returns HTTP 400 Bad Request with code "MSG81" ("Cuộc họp chưa đủ thông tin để gửi duyệt."). 2. The second returns HTTP 400 Bad Request with code "MSG82" ("Người duyệt không hợp lệ hoặc không còn quyền duyệt cuộc họp."). 3. The meeting stays Draft. | E65: 1. Backend is running. 2. thuky owns a Draft. | F65: Pending
A66: MEET_API_IT49 | B66: Verify an organizer cannot submit a meeting to themselves for approval (MSG82), whatever its sensitivity. | C66: 1. For a Normal, Internal, Confidential and Secret Draft owned by thuky, send POST /api/meetings/<id>/transitions with { "action": "SubmitForApproval", "assignedApproverId": "<id of thuky>" }. | D66: 1. Each request returns HTTP 400 Bad Request with code "MSG82". 2. No status, history or notification is written. | E66: 1. Backend is running. 2. thuky has both MeetingCreator and MeetingApprover. 3. thuky owns four Drafts, one per sensitivity, each with a Chair and an agenda item. | F66: Pending
A67: MEET_API_IT50 | B67: Verify a Rejected meeting can be resubmitted directly and keeps the earlier rejection. | C67: 1. Send GET request to /api/meetings/<id>/submission-readiness as thuky. 2. Send POST request to /api/meetings/<id>/transitions with { "action": "SubmitForApproval", "assignedApproverId": "<id of the new approver>" }. | D67: 1. Readiness returns HTTP 200 OK with ready true. 2. Submit returns HTTP 200 OK with code "MSG78"; status is WaitingApproval with the new approver. 3. The history has 2 entries; the earlier rejection with reason "Cần bổ sung số liệu" is unchanged. | E67: 1. Backend is running. 2. thuky owns a Rejected meeting rejected by a former approver with reason "Cần bổ sung số liệu". 3. A different active approver exists. | F67: Pending
A68: MEET_API_IT51 | B68: Verify each transition returns its own success code. | C68: 1. As the assigned approver (chutoa), send { "action": "Approve" } to a WaitingApproval meeting. 2. As chutoa, send { "action": "Reject", "reason": "Cần bổ sung số liệu" } to another WaitingApproval meeting. 3. As thuky, send { "action": "ReturnToDraft" } to a Rejected meeting. 4. As thuky, send { "action": "Publish" } to an Approved meeting with a Chair and a Secretary. | D68: 1. Approve returns HTTP 200 with code "MSG43" ("Đã duyệt cuộc họp."). 2. Reject returns HTTP 200 with code "MSG44" ("Đã từ chối cuộc họp."). 3. ReturnToDraft returns HTTP 200 with code "MSG79" ("Đã đưa cuộc họp về bản nháp."). 4. Publish returns HTTP 200 with code "MSG45" ("Đã công bố cuộc họp."). | E68: 1. Backend is running. 2. Meetings in the needed statuses exist; chutoa has MeetingApprover, thuky has MeetingCreator. | F68: Pending
A69: MEET_API_IT52 | B69: Verify a transition from the wrong status returns its own conflict code. | C69: 1. As chutoa, send { "action": "Approve" } to a Rejected meeting. 2. As thuky, send { "action": "ReturnToDraft" } to a Draft. 3. As thuky, send { "action": "Publish" } to a Draft. | D69: 1. Approve returns HTTP 409 with code "MSG132". 2. ReturnToDraft returns HTTP 409 with code "MSG133". 3. Publish returns HTTP 409 with code "MSG46". 4. No status changes. | E69: 1. Backend is running. 2. Meetings in the needed statuses exist. | F69: Pending
A70: MEET_API_IT53 | B70: Verify a transition that cannot be saved returns its own code. | C70: 1. Stop PostgreSQL just before each request. 2. As thuky, submit a complete Draft. 3. As chutoa, approve a WaitingApproval meeting. 4. As thuky, publish an Approved meeting with its roster. | D70: 1. Submit returns HTTP 503 with code "MSG42". 2. Approve returns HTTP 503 with code "MSG88". 3. Publish returns HTTP 503 with code "MSG47". 4. The message of each is "Không thể chuyển trạng thái cuộc họp. Vui lòng thử lại.". | E70: 1. Backend is running. 2. Meetings in the needed statuses exist. | F70: Pending
A71: MEET_API_IT54 | B71: Verify a rejection reason longer than 1000 characters returns MSG84. | C71: 1. Send POST request to /api/meetings/<id of the WaitingApproval meeting>/transitions. 2. Request headers: Content-Type: application/json; Authorization: Bearer <access token of chutoa@trustcabinet.local> (Chair). 3. Query parameters: None. 4. Request JSON body: { "action": "Reject", "reason": "<1001 characters>" }. | D71: 1. HTTP 400 Bad Request response with code "MSG84" ("Lý do từ chối không được vượt quá 1.000 ký tự."). 2. The meeting stays WaitingApproval. | E71: 1. Backend is running. 2. chutoa is the assigned approver of a WaitingApproval meeting. | F71: Pending
A72: MEET_API_IT55 | B72: Verify a Reject with a null reason is refused as a missing reason. | C72: 1. Send POST request to /api/meetings/<id of the WaitingApproval meeting>/transitions. 2. Request headers: Content-Type: application/json; Authorization: Bearer <access token of chutoa@trustcabinet.local> (Chair). 3. Query parameters: None. 4. Request JSON body: { "action": "Reject", "reason": null }. | D72: 1. HTTP 400 Bad Request response with a required-reason error. 2. The meeting stays WaitingApproval. | E72: 1. Backend is running. 2. chutoa is the assigned approver of a WaitingApproval meeting. | F72: Pending
A73: MEET_API_IT56 | B73: Verify transitions require JSON and return MSG34 otherwise. | C73: 1. Send POST request to /api/meetings/<id of a Draft>/transitions. 2. Request headers: Content-Type: application/json; Content-Type: text/plain; Authorization: Bearer <access token of thuky@trustcabinet.local>. 3. Query parameters: None. 4. Request JSON body: {}. | D73: 1. HTTP 415 Unsupported Media Type response with code "MSG34". | E73: 1. Backend is running. 2. thuky owns a Draft. | F73: Pending
A74: MEET_API_IT57 | B74: Verify transitions refuse unknown fields, a null reason on ReturnToDraft and numeric actions. | C74: 1. Send { "action": "ReturnToDraft", "status": "Draft" } to /api/meetings/<id>/transitions as thuky. 2. Send { "action": "ReturnToDraft", "reason": null }. 3. Send { "action": 4 }. | D74: 1. Each request returns HTTP 400 Bad Request with code "MSG80" ("Yêu cầu chuyển trạng thái không hợp lệ."). 2. The meeting does not change. | E74: 1. Backend is running. 2. thuky owns a WaitingApproval meeting with an assigned approver. | F74: Pending
A75: MEET_API_IT58 | B75: Verify the action must be one exact name; nothing is published otherwise. | C75: 1. Send POST /api/meetings/<id>/transitions as thuky with each action value: "4", "04", "+4", "SubmitForApproval,Publish", "Publish,Publish", " Publish ", "publish". | D75: 1. Every request returns HTTP 400 Bad Request with code "MSG80". 2. The meeting stays Approved and has no new history. | E75: 1. Backend is running. 2. thuky owns an Approved meeting with a Chair and a Secretary. | F75: Pending
... A82: MEET_API_IT65 | B82: Verify Publish succeeds without a separate meeting session and returns MSG45. | C82: 1. Send POST request to /api/meetings/<id of the Approved meeting>/transitions. 2. Request headers: Content-Type: application/json; Authorization: Bearer <access token of thuky@trustcabinet.local> (Secretary, MeetingCreator). 3. Query parameters: None. 4. Request JSON body: { "action": "Publish" }. | D82: 1. HTTP 200 OK response with code "MSG45". 2. status is Published and the history has a Publish entry. 3. Invitations are queued for the roster. | E82: 1. Backend is running. 2. thuky owns an Approved meeting with an active Chair and Secretary. | F82: Pending
A83: POST /api/meetings/{id}/transitions (Cancel)
A84: MEET_API_IT66 | B84: Verify Cancel returns MSG261 and the meeting with its cancellation. | C84: 1. Send POST request to /api/meetings/<id of a Draft>/transitions. 2. Request headers: Content-Type: application/json; Authorization: Bearer <access token of thuky@trustcabinet.local> (Secretary, MeetingCreator). 3. Query parameters: None. 4. Request JSON body: { "action": "Cancel", "reason": "Đổi kế hoạch" }. | D84: 1. HTTP 200 OK response. 2. Response JSON body: code "MSG261" ("Đã huỷ cuộc họp."), meeting.status "Cancelled". 3. meeting.cancellation.reason is "Đổi kế hoạch" with who cancelled and when. | E84: 1. Backend is running. 2. thuky owns a Draft. | F84: Pending
A85: MEET_API_IT67 | B85: Verify Cancel without a reason returns MSG262. | C85: 1. Send { "action": "Cancel" } to /api/meetings/<id>/transitions as thuky. 2. Send { "action": "Cancel", "reason": " " }. | D85: 1. Both requests return HTTP 400 Bad Request with code "MSG262" ("Cần nhập lý do huỷ cuộc họp."). 2. The meeting stays Draft. | E85: 1. Backend is running. 2. thuky owns a Draft. | F85: Pending
A86: MEET_API_IT68 | B86: Verify a cancellation reason over 1000 characters returns MSG345. | C86: 1. Send POST request to /api/meetings/<id of a Draft>/transitions. 2. Request headers: Content-Type: application/json; Authorization: Bearer <access token of thuky@trustcabinet.local> (Secretary, MeetingCreator). 3. Query parameters: None. 4. Request JSON body: { "action": "Cancel", "reason": "<1001 characters>" }. | D86: 1. HTTP 400 Bad Request response with code "MSG345" ("Lý do huỷ không được vượt quá 1.000 ký tự."). | E86: 1. Backend is running. 2. thuky owns a Draft. | F86: Pending
A87: MEET_API_IT69 | B87: Verify a meeting that has started cannot be cancelled (409 MSG263). | C87: 1. Send POST request to /api/meetings/<id of the InProgress meeting>/transitions. 2. Request headers: Content-Type: application/json; Authorization: Bearer <access token of thuky@trustcabinet.local> (Secretary, MeetingCreator). 3. Query parameters: None. 4. Request JSON body: { "action": "Cancel", "reason": "Muộn rồi" }. | D87: 1. HTTP 409 Conflict response with code "MSG263" ("Cuộc họp này không còn có thể huỷ."). 2. The meeting stays InProgress. | E87: 1. Backend is running. 2. thuky owns a meeting that is InProgress. | F87: Pending
A88: MEET_API_IT70 | B88: Verify someone who is not the organizer cannot cancel (403 MSG263). | C88: 1. Send POST request to /api/meetings/<id of the WaitingApproval meeting>/transitions. 2. Request headers: Content-Type: application/json; Authorization: Bearer <access token of chutoa@trustcabinet.local> (Chair). 3. Query parameters: None. 4. Request JSON body: { "action": "Cancel", "reason": "Không phải của tôi" }. | D88: 1. HTTP 403 Forbidden response with code "MSG263". 2. The meeting stays WaitingApproval. | E88: 1. Backend is running. 2. chutoa is the assigned approver (and has MeetingCreator) of a meeting owned by thuky. | F88: Pending
A89: MEET_API_IT71 | B89: Verify a cancellation that cannot be saved returns MSG264. | C89: 1. Send POST request to /api/meetings/<id of a Draft>/transitions. 2. Request headers: Content-Type: application/json; Authorization: Bearer <access token of thuky@trustcabinet.local> (Secretary, MeetingCreator). 3. Query parameters: None. 4. Request JSON body: { "action": "Cancel", "reason": "Đổi kế hoạch" }. | D89: 1. HTTP 503 Service Unavailable response with code "MSG264" ("Không thể huỷ cuộc họp. Vui lòng thử lại."). | E89: 1. Backend is running. 2. thuky owns a Draft. 3. The PostgreSQL container is stopped just before the request. | F89: Pending
A90: POST /api/meetings/{id}/transitions (TransferOrganizer)
A91: MEET_API_IT72 | B91: Verify an administrator can transfer a deactivated organizer's meeting (MSG89) with typed history. | C91: 1. Send POST request to /api/meetings/<id of the Approved meeting>/transitions. 2. Request headers: Content-Type: application/json; Authorization: Bearer <access token of quantri@trustcabinet.local> (Admin, AdminUsers). 3. Query parameters: None. 4. Request JSON body: { "action": "TransferOrganizer", "organizerId": "<id of the replacement organizer>" }. | D91: 1. HTTP 200 OK response. 2. Response JSON body: code "MSG89" ("Đã chuyển cuộc họp cho người tổ chức mới."), meetingId, status "Approved". 3. The history records the previous and new organizer; the approver is unchanged. 4. The new organizer is notified. | E91: 1. Backend is running. 2. The organizer of an Approved meeting has been deactivated. 3. The replacement is active and has MeetingCreator. 4. Signed in as quantri@trustcabinet.local (AdminUsers). | F91: Pending
A92: MEET_API_IT73 | B92: Verify a recovery administrator receives no sensitive meeting content. | C92: 1. As quantri, send GET /api/meetings/<id> and GET /api/meetings/<id>/history. 2. As quantri, send the TransferOrganizer transition for the meeting. | D92: 1. Both GET requests return HTTP 404 Not Found. 2. The transfer returns HTTP 200 OK with code "MSG89" but no title, description or location. | E92: 1. Backend is running. 2. A Secret meeting titled "Restricted title for recovery" belongs to a deactivated organizer. 3. quantri is not related to the meeting. | F92: Pending
A93: MEET_API_IT74 | B93: Verify the transfer rechecks AdminUsers even with an old access token. | C93: 1. Send POST request to /api/meetings/<id>/transitions. 2. Request headers: Content-Type: application/json; Authorization: Bearer <administrator token issued before the role lost AdminUsers>. 3. Query parameters: None. 4. Request JSON body: { "action": "TransferOrganizer", "organizerId": "<id of the replacement>" }. | D93: 1. HTTP 404 Not Found response. 2. The organizer is not changed; no history or notification is written. | E93: 1. Backend is running. 2. The administrator's role lost AdminUsers after the token was issued. | F93: Pending
A94: MEET_API_IT75 | B94: Verify the transfer body is strict and other actions do not accept organizerId. | C94: 1. As quantri, send each body to /api/meetings/<id>/transitions: { "action": "TransferOrganizer" }; with "organizerId": null; with "organizerId": 23; with the all-zero UUID; with an extra "reason": null; with an extra "assignedApproverId"; with organizerId given twice; and { "action": "Publish", "organizerId": "<id>" }. | D94: 1. Every request returns HTTP 400 Bad Request with code "MSG80". 2. No history or notification is written. | E94: 1. Backend is running. 2. A meeting of a deactivated organizer exists. 3. Signed in as quantri@trustcabinet.local (AdminUsers). | F94: Pending
A95: MEET_API_IT76 | B95: Verify an invalid replacement returns MSG134 and a failed save returns MSG88. | C95: 1. Deactivate the replacement, then send the TransferOrganizer request as quantri. 2. Reactivate the replacement, stop PostgreSQL and send the request again. | D95: 1. The first returns HTTP 400 with code "MSG134" ("Người tổ chức mới không hợp lệ hoặc không còn quyền tạo cuộc họp."). 2. The second returns HTTP 503 with code "MSG88". 3. The organizer stays the previous one. | E95: 1. Backend is running. 2. A meeting of a deactivated organizer exists. 3. Signed in as quantri@trustcabinet.local (AdminUsers). | F95: Pending
A96: GET /api/meetings/{id}/history
A97: MEET_API_IT77 | B97: Verify the assigned Secretary can read the detail, the list entry and the rejection before publication. | C97: 1. For a Draft, a Rejected and an Approved meeting with the Secretary on the roster, send GET /api/meetings/<id>, GET /api/meetings and GET /api/meetings/<id>/history as the Secretary. | D97: 1. All requests return HTTP 200 OK. 2. The meeting appears in the Secretary's list. 3. The history shows the rejection reason "Lý do dành cho thư ký". | E97: 1. Backend is running. 2. An active member is on the roster as Secretary (accepted, not delegated). | F97: Pending
A98: MEET_API_IT78 | B98: Verify an invalid Secretary assignment does not grant access to the history. | C98: 1. As each user, send GET /api/meetings/<id of the Rejected meeting>/history: a user with only the global Secretary role; a Secretary of another meeting; a Secretary who delegated; a Secretary whose seat points to a delegate. | D98: 1. Every request returns HTTP 404 Not Found. | E98: 1. Backend is running. 2. A Rejected meeting exists; none of these users is its active Secretary. | F98: Pending
A99: MEET_API_IT79 | B99: Verify the current assigned approver sees the full history. | C99: 1. Send GET request to /api/meetings/<id of the Rejected meeting>/history. 2. Request headers: Authorization: Bearer <access token of chutoa@trustcabinet.local> (Chair). 3. Query parameters: None. 4. Request body: None (GET request). | D99: 1. HTTP 200 OK response. 2. items include the Reject entry with reason "Cần bổ sung số liệu". | E99: 1. Backend is running. 2. chutoa is the current assigned approver and rejected the meeting with reason "Cần bổ sung số liệu". | F99: Pending
A100: MEET_API_IT80 | B100: Verify a participant of a Published meeting sees a redacted timeline. | C100: 1. Send GET request to /api/meetings/<id of the Published meeting>/history. 2. Request headers: Authorization: Bearer <access token of thanhvien@trustcabinet.local> (Member, no capability). 3. Query parameters: None. 4. Request body: None (GET request). | D100: 1. HTTP 200 OK response. 2. The timeline lists the steps but hides the internal rejection reason "Lý do nội bộ". | E100: 1. Backend is running. 2. thanhvien is a participant of a Published meeting that was once rejected with reason "Lý do nội bộ". | F100: Pending
A101: MEET_API_IT81 | B101: Verify the assigned Chair can read the meeting before publication, with organizer-only details hidden. | C101: 1. As the Chair, send GET /api/meetings/<id> and GET /api/meetings/<id>/history. | D101: 1. Both requests return HTTP 200 OK. 2. The history hides the reason meant only for the organizer and secretary and the previous organizer id. | E101: 1. Backend is running. 2. An active member is the accepted Chair of a Rejected meeting. | F101: Pending
A102: MEET_API_IT82 | B102: Verify an approver left on a Draft from old data is not treated as the current approver. | C102: 1. As that approver, send GET /api/meetings/<id>, GET /api/meetings/<id>/history and GET /api/meetings. | D102: 1. Detail and history return HTTP 404 Not Found. 2. The meeting does not appear in the approver's list. | E102: 1. Backend is running. 2. A Draft still stores a former approver from legacy data. | F102: Pending
A103: MEET_API_IT83 | B103: Verify a page far beyond the end returns an empty page. | C103: 1. Send GET request to /api/meetings/<id>/history?page=2147483647&pageSize=100. 2. Request headers: Authorization: Bearer <access token of thuky@trustcabinet.local> (Secretary, MeetingCreator). 3. Query parameters: page=2147483647; pageSize=100. 4. Request body: None (GET request). | D103: 1. HTTP 200 OK response. 2. items is empty and totalCount is 1. | E103: 1. Backend is running. 2. thuky owns a meeting with one history entry. | F103: Pending
A104: MEET_API_IT84 | B104: Verify a page whose offset cannot be represented returns MSG86. | C104: 1. Send GET request to /api/meetings/<id>/history?page=2147483647&pageSize=100. 2. Request headers: Authorization: Bearer <access token of thuky@trustcabinet.local> (Secretary, MeetingCreator). 3. Query parameters: page=2147483647; pageSize=100. 4. Request body: None (GET request). | D104: 1. HTTP 400 Bad Request response with code "MSG86" ("Tham số truy vấn không hợp lệ."). | E104: 1. Backend is running. 2. thuky owns a meeting whose history count is too large for that offset (test data). | F104: Pending
A105: Meeting workflow (PostgreSQL)
A106: MEET_API_IT85 | B106: Verify the organizer recovers a meeting from an ineligible approver and resubmits to a new one. | C106: 1. Submit thuky's Draft to approver A. 2. Remove MeetingApprover from A (or deactivate A). 3. As thuky, send { "action": "ReturnToDraft" }. 4. Submit again to approver B. | D106: 1. ReturnToDraft returns HTTP 200 with code "MSG79". 2. The second submit returns HTTP 200; the approver is B. 3. The history keeps every earlier step. | E106: 1. Backend runs on PostgreSQL. 2. Two approvers A and B exist. | F106: Pending
A107: MEET_API_IT86 | B107: Verify a legacy missing or self assignment can be withdrawn and history stays unchanged. | C107: 1. As thuky, send { "action": "ReturnToDraft" } to the legacy WaitingApproval meeting. 2. Submit it to a new approver. | D107: 1. Both requests succeed. 2. The original SubmitForApproval history row is unchanged. | E107: 1. Backend runs on PostgreSQL. 2. A WaitingApproval meeting has no approver or thuky as approver (legacy data). | F107: Pending
A108: MEET_API_IT87 | B108: Verify an administrator transfers an Approved meeting and the new organizer publishes it. | C108: 1. Deactivate the organizer of an Approved meeting. 2. As quantri, transfer the meeting to the replacement. 3. As the replacement, publish the meeting. | D108: 1. Transfer returns HTTP 200 with code "MSG89". 2. Publish returns HTTP 200 with code "MSG45". 3. History holds both steps and earlier rows are unchanged. | E108: 1. Backend runs on PostgreSQL. 2. The meeting has an active Chair and Secretary. | F108: Pending
A109: MEET_API_IT88 | B109: Verify the history can be read while another transaction locks the meeting row. | C109: 1. In psql, run BEGIN; SELECT id FROM meetings WHERE id = '<id>' FOR UPDATE; and keep the transaction open. 2. Send GET /api/meetings/<id>/history as thuky. | D109: 1. The history request returns HTTP 200 OK without waiting for the lock. | E109: 1. Backend runs on PostgreSQL. 2. thuky owns the meeting. | F109: Pending
A110: MEET_API_IT89 | B110: Verify the development demo meeting is ready and can be published without reseeding. | C110: 1. Start the backend on a fresh development database. 2. As thuky, submit the demo meeting to chutoa; as chutoa, approve it; as thuky, publish it. 3. Restart the backend. | D110: 1. Each step succeeds (MSG78, MSG43, MSG45). 2. After restart the demo stays Published and is not recreated. | E110: 1. Backend is running. 2. Fresh development database with the seeded demo accounts. | F110: Pending
...

Sheet Notifications
A2: Feature | B2: Notifications | P2: Passed
A3: Test requirement | B3: API tests for the notifications endpoints | P3: Failed
A4: Number of TCs | B4: 5 | P4: Pending
A5: Testing Round | B5: Passed | C5: Failed | D5: Pending | E5: N/A | P5: Skipped
A6: Round 1 | B6: =COUNTIF(F12:F16,"Passed") -> 0 | C6: =COUNTIF(F12:F16,"Failed") -> 0 | D6: =B4-B6-C6-E6 -> 5 | E6: =COUNTIF(F12:F16,"Skipped") -> 0
A7: Round 2 | B7: =COUNTIF(I12:I16,"Passed") -> 0 | C7: =COUNTIF(I12:I16,"Failed") -> 0 | D7: =B4-B7-C7-E7 -> 5 | E7: =COUNTIF(I12:I16,"Skipped") -> 0
A8: Round 3 | B8: =COUNTIF(L12:L16,"Passed") -> 0 | C8: =COUNTIF(L12:L16,"Failed") -> 0 | D8: =B4-B8-C8-E8 -> 5 | E8: =COUNTIF(L12:L16,"Skipped") -> 0
A10: Test Case ID | B10: Test Case Description | C10: Test Case Procedure | D10: Expected Results | E10: Pre-conditions | F10: Round 1 | G10: Test date | H10: Tester | I10: Round 2 | J10: Test date | K10: Tester | L10: Round 3 | M10: Test date | N10: Tester | O10: Note
A11: GET /api/notifications
A12: SYS_API_IT10 | B12: Verify notifications and their realtime hub require a valid sign-in. | C12: 1. GET /api/notifications without authentication. 2. POST /hubs/notifications/negotiate without authentication. | D12: 1. Both return HTTP 401 Unauthorized. | E12: 1. Backend is running. 2. Request is sent without authentication. | F12: Pending
A13: SYS_API_IT11 | B13: Verify the list, mark-all-read and target check only touch the signed-in user's notifications. | C13: 1. As thuky, GET /api/notifications. 2. POST /api/notifications/read-all. 3. GET the target of the other user's notification. | D13: 1. The list contains only "Thông báo của tôi". 2. Mark-all-read changes only thuky's notifications. 3. The other user's notification is not found (HTTP 404). | E13: 1. Backend is running. 2. thuky has the notification "Thông báo của tôi"; thanhvien has "Thông báo người khác". | F13: Pending
A14: SYS_API_IT12 | B14: Verify a deactivated account cannot read notifications even with a valid token. | C14: 1. Send GET request to /api/notifications. 2. Request headers: Authorization: Bearer <access token of an account that has since been deactivated>. 3. Query parameters: None. 4. Request body: None (GET request). | D14: 1. HTTP 403 Forbidden. | E14: 1. Backend is running. 2. The account signed in, kept its token and was then deactivated. | F14: Pending
A15: SYS_API_IT13 | B15: Verify the notification list returns MSG40 with 500 when the account check fails. | C15: 1. Send GET request to /api/notifications. 2. Request headers: Authorization: Bearer <access token of thuky@trustcabinet.local> (Secretary, MeetingCreator). 3. Query parameters: None. 4. Request body: None (GET request). | D15: 1. HTTP 500 with code "MSG40" ("Không thể tải thông báo. Vui lòng thử lại."). | E15: 1. Backend is running. 2. Signed in as thuky@trustcabinet.local. 3. The PostgreSQL container is stopped after sign-in. | F15: Pending
A16: SYS_API_IT14 | B16: Verify the backend can run without the background notification worker (test configuration). | C16: 1. Start the backend with the notification worker disabled. 2. GET /api/notifications as thuky. | D16: 1. The API still answers HTTP 200. 2. No reminder is created in the background while the worker is off. | E16: 1. Backend configuration that disables the notification worker. | F16: Pending

Sheet Participants
A2: Feature | B2: Participants | P2: Passed
A3: Test requirement | B3: API tests for the participants endpoints | P3: Failed
A4: Number of TCs | B4: 31 | P4: Pending
A5: Testing Round | B5: Passed | C5: Failed | D5: Pending | E5: N/A | P5: Skipped
A6: Round 1 | B6: =COUNTIF(F12:F52,"Passed") -> 0 | C6: =COUNTIF(F12:F52,"Failed") -> 0 | D6: =B4-B6-C6-E6 -> 31 | E6: =COUNTIF(F12:F52,"Skipped") -> 0
A7: Round 2 | B7: =COUNTIF(I12:I52,"Passed") -> 0 | C7: =COUNTIF(I12:I52,"Failed") -> 0 | D7: =B4-B7-C7-E7 -> 31 | E7: =COUNTIF(I12:I52,"Skipped") -> 0
A8: Round 3 | B8: =COUNTIF(L12:L52,"Passed") -> 0 | C8: =COUNTIF(L12:L52,"Failed") -> 0 | D8: =B4-B8-C8-E8 -> 31 | E8: =COUNTIF(L12:L52,"Skipped") -> 0
A10: Test Case ID | B10: Test Case Description | C10: Test Case Procedure | D10: Expected Results | E10: Pre-conditions | F10: Round 1 | G10: Test date | H10: Tester | I10: Round 2 | J10: Test date | K10: Tester | L10: Round 3 | M10: Test date | N10: Tester | O10: Note
A11: GET /api/meetings/{id}/participants
A12: PART_API_IT01 | B12: Verify the roster requires sign-in, hides the meeting from outsiders and reports read and write failures. | C12: 1. Send GET /api/meetings/<id>/participants without authentication. 2. Send it as an outsider who is not on the roster. 3. Stop PostgreSQL and send it as the meeting Secretary. 4. Restart PostgreSQL; as the Secretary send POST /api/meetings/<id>/participants with { "userIds": ["<outsider id>"], "role": "Member" } and no If-Match header. | D12: 1. Anonymous: HTTP 401 Unauthorized. 2. Outsider: HTTP 404 Not Found. 3. Read failure: HTTP 500 with code "MSG95" ("Không tải được danh sách thành phần hoặc phản hồi lời mời."). 4. Missing If-Match: HTTP 400 with code "MSG276". | E12: 1. Backend is running. 2. A Published meeting has an organizer, a Chair, a Secretary and a Member. 3. An active outsider account exists. | F12: Pending
A13: PART_API_IT02 | B13: Verify each meeting status allows reading, managing and responding as the state matrix says. | C13: 1. For each status Draft, WaitingApproval, Rejected, Approved, Published, InProgress, Ended: as the Secretary and the Chair, send GET /api/meetings/<id>/participants. 2. As the Secretary, add the outsider as Member (POST /participants with the current If-Match). 3. As the Member, send PUT /api/meetings/<id>/invitation-response with { "response": "Accepted" }. | D13: 1. Reading the roster returns HTTP 200 OK for the Secretary and the Chair in every status. 2. Adding returns HTTP 201 with code "MSG96" in Draft, Rejected, Approved, Published and InProgress, and HTTP 409 with code "MSG98" in WaitingApproval and Ended. 3. Responding is allowed only in Published, InProgress and Ended; otherwise it is refused. | E13: 1. Backend is running. 2. One meeting per status exists with an organizer, a Chair, a Secretary and a Member. | F13: Pending
A14: GET /api/meetings/participant-options
A15: PART_API_IT03 | B15: Verify a meeting creator can find active people and create a meeting without AdminUsers. | C15: 1. Sign in as an account whose role has only MeetingCreator. 2. Send GET /api/meetings/participant-options?q=<part of a name>. 3. Create a meeting with POST /api/meetings using one of the returned people as Chair. | D15: 1. The lookup returns HTTP 200 OK with active people only. 2. The meeting is created with HTTP 201 and code "MSG29". | E15: 1. Backend is running. 2. A role with only MeetingCreator exists and is held by the tester's account. | F15: Pending
A16: POST /api/meetings/{id}/participants
