Workbook

Sheet Cover
B2: UNIT TEST DOCUMENT
A4: Project Name | B4: TrustCabinet | E4: Creator | F4: TrustCabinet Team
A5: Project Code | B5: SEP490-G116 | E5: Issue Date | F5: 2026-10-29
A6: Document Code | B6: =B5&"_UT_v"&F6 -> SEP490-G116_UT_v2.0 | E6: Version | F6: 2.0
A9: Record of change
A10: Effective Date | B10: Version | C10: Change Item | D10: *A,D,M | E10: Change description | F10: Reference
A11: 2026-10-23 | B11: 1.0 | C11: Report 5 | D11: A | E11: Generate test documents from source
A12: 2026-10-29 | B12: 2.0 | C12: Report 5.1 | D12: M | E12: New template: one sheet per module | F12: Report-5.1_Unit Test.xls

Sheet Test Cases
D1: TEST CASE LIST
B3: Project Name | D3: =Cover!B4 -> TrustCabinet
B4: Project Code | D4: =Cover!B5 -> SEP490-G116
B5: Test Environment Setup Description | D5: 1. Runtime: .NET SDK 10.0.401 (global.json), xUnit test project tests/TrustCabinet.Web.Tests 2. Database: none; unit tests run in process with fakes and stubs 3. Web browser: not required 4. Command: dotnet test TrustCabinet.sln
B8: No | C8: Module Name | D8: Sheet Name | E8: Description | F8: Pre-Condition
B9: 1 | C9: Access | D9: Access | E9: 71 methods, 80 cases | F9: None (in-process fakes)
B10: 2 | C10: Agenda | D10: Agenda | E10: 4 methods, 7 cases | F10: None (in-process fakes)
B11: 3 | C11: Attendance | D11: Attendance | E11: 15 methods, 28 cases | F11: None (in-process fakes)
B12: 4 | C12: Authentication | D12: Authentication | E12: 76 methods, 91 cases | F12: None (in-process fakes)
B13: 5 | C13: Calls | D13: Calls | E13: 22 methods, 29 cases | F13: None (in-process fakes)
B14: 6 | C14: Documents | D14: Documents | E14: 9 methods, 19 cases | F14: None (in-process fakes)
B15: 7 | C15: Email | D15: Email | E15: 22 methods, 34 cases | F15: None (in-process fakes)
B16: 8 | C16: Meetings | D16: Meetings | E16: 105 methods, 207 cases | F16: None (in-process fakes)
B17: 9 | C17: Notifications | D17: Notifications | E17: 1 methods, 1 cases | F17: None (in-process fakes)
B18: 10 | C18: Participants | D18: Participants | E18: 40 methods, 66 cases | F18: None (in-process fakes)
B19: 11 | C19: Recordings | D19: Recordings | E19: 4 methods, 4 cases | F19: None (in-process fakes)
B20: 12 | C20: Users | D20: Users | E20: 79 methods, 88 cases | F20: None (in-process fakes)

Sheet Test Statistics
A2: UNIT TEST STATISTICS
A4: Project Name | B4: =Cover!B4 -> TrustCabinet | D4: Creator | F4: TrustCabinet Team
A5: Project Code | B5: =Cover!B5 -> SEP490-G116 | D5: Reviewer/Approver | F5: Pending review
A6: Document Code | B6: =B5&"_"&"Test Report"&"_v"&Cover!F6 -> SEP490-G116_Test Report_v2.0 | D6: Issue Date | F6: 2026-10-29
A7: Notes
A11: No | B11: Function code | C11: Passed | D11: Failed | E11: Untested | F11: N | G11: A | H11: B | I11: Total Test Cases
A12: 1 | B12: Access | C12: ='Access'!B5 -> 0 | D12: ='Access'!C5 -> 0 | E12: ='Access'!B3-'Access'!B5-'Access'!C5 -> 80 | F12: ='Access'!B9 -> 36 | G12: ='Access'!C9 -> 43 | H12: ='Access'!D9 -> 1 | I12: ='Access'!B3 -> 80
A13: 2 | B13: Agenda | C13: ='Agenda'!B5 -> 0 | D13: ='Agenda'!C5 -> 0 | E13: ='Agenda'!B3-'Agenda'!B5-'Agenda'!C5 -> 7 | F13: ='Agenda'!B9 -> 2 | G13: ='Agenda'!C9 -> 1 | H13: ='Agenda'!D9 -> 4 | I13: ='Agenda'!B3 -> 7
A14: 3 | B14: Attendance | C14: ='Attendance'!B5 -> 0 | D14: ='Attendance'!C5 -> 0 | E14: ='Attendance'!B3-'Attendance'!B5-'Attendance'!C5 -> 28 | F14: ='Attendance'!B9 -> 23 | G14: ='Attendance'!C9 -> 4 | H14: ='Attendance'!D9 -> 1 | I14: ='Attendance'!B3 -> 28
A15: 4 | B15: Authentication | C15: ='Authentication'!B5 -> 0 | D15: ='Authentication'!C5 -> 0 | E15: ='Authentication'!B3-'Authentication'!B5-'Authentication'!C5 -> 91 | F15: ='Authentication'!B9 -> 46 | G15: ='Authentication'!C9 -> 45 | H15: ='Authentication'!D9 -> 0 | I15: ='Authentication'!B3 -> 91
A16: 5 | B16: Calls | C16: ='Calls'!B5 -> 0 | D16: ='Calls'!C5 -> 0 | E16: ='Calls'!B3-'Calls'!B5-'Calls'!C5 -> 29 | F16: ='Calls'!B9 -> 22 | G16: ='Calls'!C9 -> 7 | H16: ='Calls'!D9 -> 0 | I16: ='Calls'!B3 -> 29
A17: 6 | B17: Documents | C17: ='Documents'!B5 -> 0 | D17: ='Documents'!C5 -> 0 | E17: ='Documents'!B3-'Documents'!B5-'Documents'!C5 -> 19 | F17: ='Documents'!B9 -> 9 | G17: ='Documents'!C9 -> 3 | H17: ='Documents'!D9 -> 7 | I17: ='Documents'!B3 -> 19
A18: 7 | B18: Email | C18: ='Email'!B5 -> 0 | D18: ='Email'!C5 -> 0 | E18: ='Email'!B3-'Email'!B5-'Email'!C5 -> 34 | F18: ='Email'!B9 -> 20 | G18: ='Email'!C9 -> 14 | H18: ='Email'!D9 -> 0 | I18: ='Email'!B3 -> 34
A19: 8 | B19: Meetings | C19: ='Meetings'!B5 -> 0 | D19: ='Meetings'!C5 -> 0 | E19: ='Meetings'!B3-'Meetings'!B5-'Meetings'!C5 -> 207 | F19: ='Meetings'!B9 -> 86 | G19: ='Meetings'!C9 -> 104 | H19: ='Meetings'!D9 -> 17 | I19: ='Meetings'!B3 -> 207
A20: 9 | B20: Notifications | C20: ='Notifications'!B5 -> 0 | D20: ='Notifications'!C5 -> 0 | E20: ='Notifications'!B3-'Notifications'!B5-'Notifications'!C5 -> 1 | F20: ='Notifications'!B9 -> 1 | G20: ='Notifications'!C9 -> 0 | H20: ='Notifications'!D9 -> 0 | I20: ='Notifications'!B3 -> 1
A21: 10 | B21: Participants | C21: ='Participants'!B5 -> 0 | D21: ='Participants'!C5 -> 0 | E21: ='Participants'!B3-'Participants'!B5-'Participants'!C5 -> 66 | F21: ='Participants'!B9 -> 46 | G21: ='Participants'!C9 -> 19 | H21: ='Participants'!D9 -> 1 | I21: ='Participants'!B3 -> 66
A22: 11 | B22: Recordings | C22: ='Recordings'!B5 -> 0 | D22: ='Recordings'!C5 -> 0 | E22: ='Recordings'!B3-'Recordings'!B5-'Recordings'!C5 -> 4 | F22: ='Recordings'!B9 -> 2 | G22: ='Recordings'!C9 -> 0 | H22: ='Recordings'!D9 -> 2 | I22: ='Recordings'!B3 -> 4
A23: 12 | B23: Users | C23: ='Users'!B5 -> 0 | D23: ='Users'!C5 -> 0 | E23: ='Users'!B3-'Users'!B5-'Users'!C5 -> 88 | F23: ='Users'!B9 -> 40 | G23: ='Users'!C9 -> 40 | H23: ='Users'!D9 -> 8 | I23: ='Users'!B3 -> 88
B26: Sub total | C26: =SUM(C12:C25) -> 0 | D26: =SUM(D12:D25) -> 0 | E26: =SUM(E12:E25) -> 654 | F26: =SUM(F12:F25) -> 333 | G26: =SUM(G12:G25) -> 280 | H26: =SUM(H12:H25) -> 41 | I26: =SUM(I12:I25) -> 654
B28: Test coverage | D28: =IFERROR((C26+D26)*100/I26,0) -> 0 | E28: %
B29: Test successful coverage | D29: =IFERROR(C26*100/I26,0) -> 0 | E29: %
B30: Normal case | D30: =IFERROR(F26*100/I26,0) -> 50.92 | E30: %
B31: Abnormal case | D31: =IFERROR(G26*100/I26,0) -> 42.81 | E31: %
B32: Boundary case | D32: =IFERROR(H26*100/I26,0) -> 6.27 | E32: %

Sheet Access
A2: Code Module | B2: Access | T2: Passed
A3: Number of TCs | B3: =COUNTIF(A12:A162,"UTC*") -> 80 | T3: Failed
A4: Testing Round | B4: Passed | C4: Failed | D4: Pending | T4: Pending
A5: Round 1 | B5: =COUNTIF($F$12:$F$162,B$4) -> 0 | C5: =COUNTIF($F$12:$F$162,C$4) -> 0 | D5: =COUNTIF($F$12:$F$162,D$4) -> 80 | T5: N/A
A6: Round 2 | B6: =COUNTIF($I$12:$I$162,B$4) -> 0 | C6: =COUNTIF($I$12:$I$162,C$4) -> 0 | D6: =COUNTIF($I$12:$I$162,D$4) -> 80
A7: Round 3 | B7: =COUNTIF($L$12:$L$162,B$4) -> 0 | C7: =COUNTIF($L$12:$L$162,C$4) -> 0 | D7: =COUNTIF($L$12:$L$162,D$4) -> 80
A8: Testing Type | B8: Normal | C8: Abnormal | D8: Boundary | T8: N/A
A9: Count | B9: =COUNTIF($E$12:$E$162,B$8) -> 36 | C9: =COUNTIF($E$12:$E$162,C$8) -> 43 | D9: =COUNTIF($E$12:$E$162,D$8) -> 1
A11: Test Case ID | B11: Pre-conditions | C11: Input parameters | D11: Expected Results | E11: Type | F11: Round 1 | G11: Test date | H11: Tester | I11: Round 2 | J11: Test date | K11: Tester | L11: Round 3 | M11: Test date | N11: Tester | O11: Defect IDs | P11: Note
A12: Pushes_capabilities_changed_to_each_account_by_its_user_id
A13: UTC001 | B13: 1. CapabilitiesChangePublisher runs in process; its dependencies are fakes or stubs. 2. hub = new NotificationWorkerTests.FakeHubContext(). | C13: [first, second] | D13: Return: 1. hub.ClientsImpl.SelectedUsers: [first.ToString("D"), second.ToString("D")] 2. hub.ClientsImpl.Proxy.Calls: exactly one item 3. call.Method: "capabilitiesChanged" 4. call.Args: empty Exception: N/A Log Message: N/A | E13: Normal | F13: Pending | I13: Pending | L13: Pending
A14: Sends_nothing_when_nobody_holds_the_role
A15: UTC002 | B15: 1. CapabilitiesChangePublisher runs in process; its dependencies are fakes or stubs. 2. hub = new NotificationWorkerTests.FakeHubContext(). | C15: [] | D15: Return: empty Exception: N/A Log Message: N/A | E15: Normal | F15: Pending | I15: Pending | L15: Pending
A16: Every_capability_in_the_enum_is_described
A17: UTC003 | B17: 1. PermissionCatalog runs in process; its dependencies are fakes or stubs. | C17: N/A | D17: Return: 1. PermissionCatalog.All.Count: Enum.GetValues<Capability>().Length 2. PermissionCatalog.All: every item passes the check Exception: N/A Log Message: N/A | E17: Normal | F17: Pending | I17: Pending | L17: Pending
A18: Code_is_the_enum_name_so_the_api_and_the_table_agree
A19: UTC004 | B19: 1. PermissionCatalog runs in process; its dependencies are fakes or stubs. | C19: N/A | D19: Return: Enum.GetValues<Capability>().Select(c => c).ToArray() Exception: N/A Log Message: N/A | E19: Normal | F19: Pending | I19: Pending | L19: Pending
A20: Matrix_lists_every_role_even_one_with_no_capabilities
A21: UTC005 | B21: 1. RolePermissionService runs in process; its dependencies are fakes or stubs. | C21: N/A | D21: Return: BuiltInRoles.All.Count Exception: N/A Log Message: N/A | E21: Normal | F21: Pending | I21: Pending | L21: Pending
A22: Matrix_lists_built_in_roles_first_then_custom_roles_by_creation
A23: UTC006 | B23: 1. RolePermissionService runs in process; its dependencies are fakes or stubs. 2. older = new Role { Name = "Uỷ viên thường trực", CreatedAt = DateTimeOffset.UtcNow.AddDays(-1) }. 3. newer = new Role { Name = "Thư ký phó", Description = "Hỗ trợ thư ký." }. 4. _roles.WithRole(newer).WithRole(older). | C23: N/A | D23: Return: 1. Roles.Select(r => r.Id): [.. BuiltInRoles.All, older.Id, newer.Id] 2. Roles.Take(4): every item passes the check Exception: N/A Log Message: N/A | E23: Normal | F23: Pending | I23: Pending | L23: Pending
A24: Matrix_returns_the_seeded_defaults
A25: UTC007 | B25: 1. RolePermissionService runs in process; its dependencies are fakes or stubs. | C25: N/A | D25: Return: [Capability.AdminUsers] Exception: N/A Log Message: N/A | E25: Normal | F25: Pending | I25: Pending | L25: Pending
A26: Matrix_carries_the_whole_capability_catalogue
A27: UTC008 | B27: 1. RolePermissionService runs in process; its dependencies are fakes or stubs. | C27: N/A | D27: Return: 1. Capabilities.Count: Enum.GetValues<Capability>().Length 2. Capabilities: every item passes the check Exception: N/A Log Message: N/A | E27: Normal | F27: Pending | I27: Pending | L27: Pending
A28: Update_saves_the_requested_capabilities
A29: UTC009 | B29: 1. RolePermissionService runs in process; its dependencies are fakes or stubs. | C29: BuiltInRoles.Member; [Capability.MeetingCreator]; _actorId | D29: Return: true Exception: N/A Log Message: N/A | E29: Normal | F29: Pending | I29: Pending | L29: Pending
A30: Update_can_remove_every_capability_from_a_role
A31: UTC010 | B31: 1. RolePermissionService runs in process; its dependencies are fakes or stubs. | C31: BuiltInRoles.Secretary; []; _actorId | D31: Return: true Exception: N/A Log Message: N/A | E31: Normal | F31: Pending | I31: Pending | L31: Pending
A32: Update_records_the_change_with_before_and_after
A33: UTC011 | B33: 1. RolePermissionService runs in process; its dependencies are fakes or stubs. | C33: BuiltInRoles.Member; [Capability.MeetingCreator]; _actorId | D33: Return: 1. _audit.Records: exactly one item 2. record.Action: AuditActions.RolePermissionsUpdated 3. record.ObjectType: AuditActions.RoleObjectType 4. record.ActorId: _actorId 5. record.ObjectId: BuiltInRoles.Member 6. Name: "Thành viên" 7. … and 2 more Exception: N/A Log Message: N/A | E33: Normal | F33: Pending | I33: Pending | L33: Pending
A34: Update_tells_everyone_holding_the_role_and_nobody_else
A35: UTC012 | B35: 1. RolePermissionService runs in process; its dependencies are fakes or stubs. 2. _roles.WithActiveUser(BuiltInRoles.Member, affected). 3. _roles.WithActiveUser(BuiltInRoles.Chair, untouched). | C35: BuiltInRoles.Member; [Capability.MeetingCreator]; _actorId | D35: Return: 1. _publisher.Notified: contains affected 2. _publisher.Notified: does not contain untouched Exception: N/A Log Message: N/A | E35: Normal | F35: Pending | I35: Pending | L35: Pending
A36: Update_tells_the_role_when_a_capability_is_taken_away_too
A37: UTC013 | B37: 1. RolePermissionService runs in process; its dependencies are fakes or stubs. 2. _roles.WithActiveUser(BuiltInRoles.Secretary, secretary). | C37: BuiltInRoles.Secretary; []; _actorId | D37: Return: [secretary] Exception: N/A Log Message: N/A | E37: Normal | F37: Pending | I37: Pending | L37: Pending
A38: Accounts_are_told_after_the_transaction_commits_not_inside_it
A39: UTC014 | B39: 1. RolePermissionService runs in process; its dependencies are fakes or stubs. | C39: N/A | D39: Return: 1. _invariant.IsInsideWrite: false 2. result.Succeeded: true 3. _publisher.Notified.Count: 2 Exception: N/A Log Message: N/A | E39: Normal | F39: Pending | I39: Pending | L39: Pending
A40: The_matrix_change_survives_the_push_failing
A41: UTC015 | B41: 1. RolePermissionService runs in process; its dependencies are fakes or stubs. 2. _roles.WithActiveUser(BuiltInRoles.Member, Guid.CreateVersion7()). 3. _publisher.OnPublish = () => throw new InvalidOperationException("Hub khong phan hoi"). | C41: BuiltInRoles.Member; [Capability.MeetingCreator]; _actorId | D41: Return: true Exception: N/A Log Message: N/A | E41: Abnormal | F41: Pending | I41: Pending | L41: Pending
A42: The_update_runs_under_the_shared_invariant_lock
A43: UTC016 | B43: 1. RolePermissionService runs in process; its dependencies are fakes or stubs. | C43: BuiltInRoles.Member; [Capability.MeetingCreator]; _actorId | D43: Return: 1 Exception: N/A Log Message: N/A | E43: Normal | F43: Pending | I43: Pending | L43: Pending
A44: Update_that_changes_nothing_writes_nothing
A45: UTC017 | B45: 1. RolePermissionService runs in process; its dependencies are fakes or stubs. 2. _roles.WithActiveUser(BuiltInRoles.Admin, member). | C45: BuiltInRoles.Admin; [Capability.AdminUsers]; _actorId | D45: Return: true Exception: N/A Log Message: N/A | E45: Normal | F45: Pending | I45: Pending | L45: Pending
A46: Update_ignores_duplicates_in_the_request
A47: UTC018 | B47: 1. RolePermissionService runs in process; its dependencies are fakes or stubs. | C47: BuiltInRoles.Member; [Capability.MeetingCreator, Capability.MeetingCreator]; _actorId | D47: Return: true Exception: N/A Log Message: N/A | E47: Abnormal | F47: Pending | I47: Pending | L47: Pending
A48: Update_refuses_to_remove_admin_users_from_the_last_role_holding_it
A49: UTC019 | B49: 1. RolePermissionService runs in process; its dependencies are fakes or stubs. | C49: BuiltInRoles.Admin; []; _actorId | D49: Return: 1. Outcome: RolePermissionOutcome.InvalidConfiguration 2. Errors.Keys: contains "adminUsers" Exception: N/A Log Message: N/A | E49: Boundary | F49: Pending | I49: Pending | L49: Pending
A50: Update_allows_moving_admin_users_to_a_role_that_has_active_users
A51: UTC020 | B51: 1. RolePermissionService runs in process; its dependencies are fakes or stubs. 2. _roles.WithCapabilities(BuiltInRoles.Secretary, Capability.MinutesEditor, Capability.AdminUsers). 3. _roles.WithActiveUser(BuiltInRoles.Secretary, Guid.CreateVersion7()). | C51: BuiltInRoles.Admin; []; _actorId | D51: Return: true Exception: N/A Log Message: N/A | E51: Normal | F51: Pending | I51: Pending | L51: Pending
A52: Update_refuses_to_move_admin_users_to_a_role_nobody_holds
A53: UTC021 | B53: 1. RolePermissionService runs in process; its dependencies are fakes or stubs. 2. _roles.WithCapabilities(BuiltInRoles.Member, Capability.AdminUsers). | C53: BuiltInRoles.Admin; []; _actorId | D53: Return: 1. Outcome: RolePermissionOutcome.InvalidConfiguration 2. Errors.Keys: contains "adminUsers" Exception: N/A Log Message: N/A | E53: Abnormal | F53: Pending | I53: Pending | L53: Pending
A54: Update_refuses_when_the_only_administrator_account_is_inactive
A55: UTC022 | B55: 1. RolePermissionService runs in process; its dependencies are fakes or stubs. 2. _roles.WithNoUsers(). | C55: BuiltInRoles.Secretary; [Capability.MinutesEditor]; _actorId | D55: Return: 1. Outcome: RolePermissionOutcome.InvalidConfiguration 2. Errors.Keys: contains "adminUsers" Exception: N/A Log Message: N/A | E55: Abnormal | F55: Pending | I55: Pending | L55: Pending
A56: Granting_admin_users_to_a_role_with_users_is_allowed
A57: UTC023 | B57: 1. RolePermissionService runs in process; its dependencies are fakes or stubs. 2. _roles.WithActiveUser(BuiltInRoles.Secretary, Guid.CreateVersion7()). | C57: BuiltInRoles.Secretary; [Capability.AdminUsers]; _actorId | D57: Return: true Exception: N/A Log Message: N/A | E57: Normal | F57: Pending | I57: Pending | L57: Pending
A58: Update_refuses_an_unknown_role
A59: UTC024 | B59: 1. RolePermissionService runs in process; its dependencies are fakes or stubs. | C59: Guid.CreateVersion7(); [Capability.MeetingCreator]; _actorId | D59: Return: 1. Outcome: RolePermissionOutcome.InvalidConfiguration 2. Errors.Keys: contains "roleId" Exception: N/A Log Message: N/A | E59: Abnormal | F59: Pending | I59: Pending | L59: Pending
A60: Update_configures_a_custom_role_like_any_other
A61: UTC025 | B61: 1. RolePermissionService runs in process; its dependencies are fakes or stubs. 2. deputy = new Role { Name = "Thư ký phó" }. 3. _roles.WithRole(deputy). | C61: deputy.Id; [Capability.MinutesEditor]; _actorId | D61: Return: true Exception: N/A Log Message: N/A | E61: Normal | F61: Pending | I61: Pending | L61: Pending
A62: A_custom_role_can_take_over_administration
A63: UTC026 | B63: 1. RolePermissionService runs in process; its dependencies are fakes or stubs. 2. board = new Role { Name = "Ban quản trị" }. | C63: board.Id; [Capability.AdminUsers]; _actorId | D63: Return: 1. (NewService().UpdateAsync( board.Id, [Capability.AdminUsers], _actorId)).Succeeded: true 2. result.Succeeded: true 3. _roles.CapabilitiesOf(BuiltInRoles.Admin): empty Exception: N/A Log Message: N/A | E63: Normal | F63: Pending | I63: Pending | L63: Pending
A64: Update_refuses_an_unknown_capability
A65: UTC027 | B65: 1. RolePermissionService runs in process; its dependencies are fakes or stubs. | C65: BuiltInRoles.Member; [(Capability)(-1)]; _actorId | D65: Return: 1. Outcome: RolePermissionOutcome.InvalidConfiguration 2. Errors.Keys: contains "capabilities" Exception: N/A Log Message: N/A | E65: Abnormal | F65: Pending | I65: Pending | L65: Pending
A66: Update_answers_save_failed_when_the_database_refuses
A67: UTC028 | B67: 1. RolePermissionService runs in process; its dependencies are fakes or stubs. 2. _roles.NextSaveThrows = new DbUpdateException("the database said no"). | C67: BuiltInRoles.Member; [Capability.MeetingCreator]; _actorId | D67: Return: 1. Outcome: RolePermissionOutcome.SaveFailed 2. Matrix: null Exception: N/A Log Message: N/A | E67: Abnormal | F67: Pending | I67: Pending | L67: Pending
A68: List_puts_built_in_roles_first_then_custom_roles_by_creation
A69: UTC029 | B69: 1. RoleService runs in process; its dependencies are fakes or stubs. 2. older = new Role { Name = "Uỷ viên", CreatedAt = DateTimeOffset.UtcNow.AddDays(-2) }. 3. newer = new Role { Name = "Thư ký phó" }. 4. _roles.WithRole(newer).WithRole(older).WithUsers(BuiltInRoles.Chair, 3). | C69: N/A | D69: Return: 1. Select(r => r.Id): [.. BuiltInRoles.All, older.Id, newer.Id] 2. First().UserCount: 3 3. Select(r => r.IsBuiltIn): [true, true, true, true, false, false] Exception: N/A Log Message: N/A | E69: Normal | F69: Pending | I69: Pending | L69: Pending
A70: Create_saves_the_role_with_its_capabilities_and_answers_with_it
A71: UTC030 | B71: 1. RoleService runs in process; its dependencies are fakes or stubs. | C71: new NewRole("Thư ký phó", "Hỗ trợ thư ký soạn biên bản.", ["MinutesEd…; _actorId | D71: Return: true Exception: N/A Log Message: N/A | E71: Normal | F71: Pending | I71: Pending | L71: Pending
A72: Create_records_role_created_with_what_was_created
A73: UTC031 | B73: 1. RoleService runs in process; its dependencies are fakes or stubs. | C73: new NewRole("Thư ký phó", "Hỗ trợ.", ["MinutesEditor", "MeetingCreato…; _actorId | D73: Return: 1. _audit.Records: exactly one item 2. record.Action: AuditActions.RoleCreated 3. record.ObjectType: AuditActions.RoleObjectType 4. record.ObjectId: result.Role.Id 5. record.ActorId: _actorId 6. details.Name: "Thư ký phó" 7. … and 2 more Exception: N/A Log Message: N/A | E73: Normal | F73: Pending | I73: Pending | L73: Pending
A74: Create_goes_through_the_administrator_invariant_guard
A75: UTC032 | B75: 1. RoleService runs in process; its dependencies are fakes or stubs. | C75: new NewRole("Thư ký phó", null, ["AdminUsers"]); _actorId | D75: Return: 1 Exception: N/A Log Message: N/A | E75: Normal | F75: Pending | I75: Pending | L75: Pending
A76: Create_without_capabilities_is_valid
A77: UTC033 | B77: 1. RoleService runs in process; its dependencies are fakes or stubs. | C77: new NewRole("Khách mời thường trực", null, null); _actorId | D77: Return: true Exception: N/A Log Message: N/A | E77: Normal | F77: Pending | I77: Pending | L77: Pending
A78: Create_trims_the_name_and_collapses_inner_whitespace
A79: UTC034 | B79: 1. RoleService runs in process; its dependencies are fakes or stubs. | C79: new NewRole(" Thư ký \t phó ", " Mô tả ", []); _actorId | D79: Return: 1. Role.Name: "Thư ký phó" 2. Role.Description: "Mô tả" Exception: N/A Log Message: N/A | E79: Normal | F79: Pending | I79: Pending | L79: Pending
A80: Create_stores_a_blank_description_as_null
A81: UTC035 | B81: 1. RoleService runs in process; its dependencies are fakes or stubs. | C81: description=null | D81: Return: null Exception: N/A Log Message: N/A | E81: Abnormal | F81: Pending | I81: Pending | L81: Pending
A82: UTC036 | B82: 1. RoleService runs in process; its dependencies are fakes or stubs. | C82: description="" | D82: Return: null Exception: N/A Log Message: N/A | E82: Abnormal | F82: Pending | I82: Pending | L82: Pending
A83: UTC037 | B83: 1. RoleService runs in process; its dependencies are fakes or stubs. | C83: description=" " | D83: Return: null Exception: N/A Log Message: N/A | E83: Abnormal | F83: Pending | I83: Pending | L83: Pending
A84: Create_answers_MSG20_for_a_missing_name
A85: UTC038 | B85: 1. RoleService runs in process; its dependencies are fakes or stubs. | C85: name=null | D85: Return: 1. Outcome: RoleOutcome.InvalidInformation 2. Errors!["name"]: "Tên vai trò không được để trống." Exception: N/A Log Message: N/A | E85: Abnormal | F85: Pending | I85: Pending | L85: Pending
A86: UTC039 | B86: 1. RoleService runs in process; its dependencies are fakes or stubs. | C86: name="" | D86: Return: 1. Outcome: RoleOutcome.InvalidInformation 2. Errors!["name"]: "Tên vai trò không được để trống." Exception: N/A Log Message: N/A | E86: Abnormal | F86: Pending | I86: Pending | L86: Pending
A87: UTC040 | B87: 1. RoleService runs in process; its dependencies are fakes or stubs. | C87: name=" \t " | D87: Return: 1. Outcome: RoleOutcome.InvalidInformation 2. Errors!["name"]: "Tên vai trò không được để trống." Exception: N/A Log Message: N/A | E87: Abnormal | F87: Pending | I87: Pending | L87: Pending
A88: Create_accepts_64_characters_and_refuses_65
A89: UTC041 | B89: 1. RoleService runs in process; its dependencies are fakes or stubs. | C89: new NewRole(new string('a', 64), null, []); _actorId | D89: Return: 1. atLimit.Succeeded: true 2. overLimit.Outcome: RoleOutcome.InvalidInformation 3. overLimit.Errors.Keys: contains "name" Exception: N/A Log Message: N/A | E89: Abnormal | F89: Pending | I89: Pending | L89: Pending
A90: Create_measures_the_name_after_collapsing_whitespace
A91: UTC042 | B91: 1. RoleService runs in process; its dependencies are fakes or stubs. | C91: new NewRole(padded, null, []); _actorId | D91: Return: 1. result.Succeeded: true 2. result.Role.Name.Length: 64 Exception: N/A Log Message: N/A | E91: Normal | F91: Pending | I91: Pending | L91: Pending
A92: Create_refuses_a_description_over_256_characters
A93: UTC043 | B93: 1. RoleService runs in process; its dependencies are fakes or stubs. | C93: new NewRole("Thư ký phó", new string('m', 257), []); _actorId | D93: Return: 1. Outcome: RoleOutcome.InvalidInformation 2. Errors.Keys: contains "description" Exception: N/A Log Message: N/A | E93: Abnormal | F93: Pending | I93: Pending | L93: Pending
A94: Create_names_every_unknown_capability
A95: UTC044 | B95: 1. RoleService runs in process; its dependencies are fakes or stubs. | C95: new NewRole("Thư ký phó", null, ["MinutesEditor", "DeleteEverything",…; _actorId | D95: Return: RoleOutcome.InvalidInformation Exception: N/A Log Message: N/A | E95: Abnormal | F95: Pending | I95: Pending | L95: Pending
A96: Create_refuses_a_capability_given_as_a_number
A97: UTC045 | B97: 1. RoleService runs in process; its dependencies are fakes or stubs. | C97: capability="1" | D97: Return: 1. Outcome: RoleOutcome.InvalidInformation 2. Errors.Keys: contains "capabilities" Exception: N/A Log Message: N/A | E97: Abnormal | F97: Pending | I97: Pending | L97: Pending
A98: UTC046 | B98: 1. RoleService runs in process; its dependencies are fakes or stubs. | C98: capability="99" | D98: Return: 1. Outcome: RoleOutcome.InvalidInformation 2. Errors.Keys: contains "capabilities" Exception: N/A Log Message: N/A | E98: Abnormal | F98: Pending | I98: Pending | L98: Pending
A99: UTC047 | B99: 1. RoleService runs in process; its dependencies are fakes or stubs. | C99: capability="-1" | D99: Return: 1. Outcome: RoleOutcome.InvalidInformation 2. Errors.Keys: contains "capabilities" Exception: N/A Log Message: N/A | E99: Abnormal | F99: Pending | I99: Pending | L99: Pending
A100: Create_names_a_null_capability_rather_than_leaving_a_blank
A101: UTC048 | B101: 1. RoleService runs in process; its dependencies are fakes or stubs. | C101: new NewRole("Thư ký phó", null, ["MinutesEditor", null]); _actorId | D101: Return: "Quyền không hợp lệ: null." Exception: N/A Log Message: N/A | E101: Abnormal | F101: Pending | I101: Pending | L101: Pending
A102: Create_reports_every_invalid_field_at_once
...

Sheet Agenda
A2: Code Module | B2: Agenda | T2: Passed
A3: Number of TCs | B3: =COUNTIF(A12:A22,"UTC*") -> 7 | T3: Failed
A4: Testing Round | B4: Passed | C4: Failed | D4: Pending | T4: Pending
A5: Round 1 | B5: =COUNTIF($F$12:$F$22,B$4) -> 0 | C5: =COUNTIF($F$12:$F$22,C$4) -> 0 | D5: =COUNTIF($F$12:$F$22,D$4) -> 7 | T5: N/A
A6: Round 2 | B6: =COUNTIF($I$12:$I$22,B$4) -> 0 | C6: =COUNTIF($I$12:$I$22,C$4) -> 0 | D6: =COUNTIF($I$12:$I$22,D$4) -> 7
A7: Round 3 | B7: =COUNTIF($L$12:$L$22,B$4) -> 0 | C7: =COUNTIF($L$12:$L$22,C$4) -> 0 | D7: =COUNTIF($L$12:$L$22,D$4) -> 7
A8: Testing Type | B8: Normal | C8: Abnormal | D8: Boundary | T8: N/A
A9: Count | B9: =COUNTIF($E$12:$E$22,B$8) -> 2 | C9: =COUNTIF($E$12:$E$22,C$8) -> 1 | D9: =COUNTIF($E$12:$E$22,D$8) -> 4
A11: Test Case ID | B11: Pre-conditions | C11: Input parameters | D11: Expected Results | E11: Type | F11: Round 1 | G11: Test date | H11: Tester | I11: Round 2 | J11: Test date | K11: Tester | L11: Round 3 | M11: Test date | N11: Tester | O11: Defect IDs | P11: Note
A12: Completion_records_timestamp_even_immediately_after_start
A13: UTC001 | B13: 1. AgendaRules runs in process; its dependencies are fakes or stubs. 2. start = new DateTimeOffset(2026, 10, 12, 0, 0, 0, TimeSpan.Zero). | C13: seconds=0 | D13: Return: 1. ActualStartedAt: start 2. Status: AgendaItemStatus.Done Exception: N/A Log Message: N/A | E13: Boundary | F13: Pending | I13: Pending | L13: Pending
A14: UTC002 | B14: 1. AgendaRules runs in process; its dependencies are fakes or stubs. 2. start = new DateTimeOffset(2026, 10, 12, 0, 0, 0, TimeSpan.Zero). | C14: seconds=1 | D14: Return: 1. ActualStartedAt: start 2. Status: AgendaItemStatus.Done Exception: N/A Log Message: N/A | E14: Boundary | F14: Pending | I14: Pending | L14: Pending
A15: UTC003 | B15: 1. AgendaRules runs in process; its dependencies are fakes or stubs. 2. start = new DateTimeOffset(2026, 10, 12, 0, 0, 0, TimeSpan.Zero). | C15: seconds=1200 | D15: Return: 1. ActualStartedAt: start 2. Status: AgendaItemStatus.Done Exception: N/A Log Message: N/A | E15: Boundary | F15: Pending | I15: Pending | L15: Pending
A16: UTC004 | B16: 1. AgendaRules runs in process; its dependencies are fakes or stubs. 2. start = new DateTimeOffset(2026, 10, 12, 0, 0, 0, TimeSpan.Zero). | C16: seconds=1201 | D16: Return: 1. ActualStartedAt: start 2. Status: AgendaItemStatus.Done Exception: N/A Log Message: N/A | E16: Boundary | F16: Pending | I16: Pending | L16: Pending
A17: Missing_start_or_backwards_clock_never_fabricates_completion
A18: UTC005 | B18: 1. AgendaRules runs in process; its dependencies are fakes or stubs. | C18: N/A | D18: Return: 1. Status: AgendaItemStatus.InProgress 2. ActualEndedAt: null Exception: N/A Log Message: N/A | E18: Abnormal | F18: Pending | I18: Pending | L18: Pending
A19: Order_token_is_deterministic_ignores_content_and_detects_status_or_position
A20: UTC006 | B20: 1. AgendaRules runs in process; its dependencies are fakes or stubs. 2. a = new AgendaItem { Title = "A", Position = 1 }. 3. b = new AgendaItem { Title = "B", Position = 8 }. | C20: [a, b] | D20: Return: 1. AgendaRules.OrderVersion([b, a]): token 2. AgendaRules.OrderVersion([a, b]): token 3. AgendaRules.OrderVersion([a, b]): not token 4. AgendaRules.OrderVersion([a, b]): not token Exception: N/A Log Message: N/A | E20: Normal | F20: Pending | I20: Pending | L20: Pending
A21: Normalization_preserves_newlines_and_validates_boundaries
A22: UTC007 | B22: 1. AgendaRules runs in process; its dependencies are fakes or stubs. | C22: new(" X ", "A\nB") | D22: Return: 1. Title: "X" 2. Description: "A\nB" 3. DocumentIds: empty Exception: N/A Log Message: N/A | E22: Normal | F22: Pending | I22: Pending | L22: Pending

Sheet Attendance
A2: Code Module | B2: Attendance | T2: Passed
A3: Number of TCs | B3: =COUNTIF(A12:A54,"UTC*") -> 28 | T3: Failed
A4: Testing Round | B4: Passed | C4: Failed | D4: Pending | T4: Pending
A5: Round 1 | B5: =COUNTIF($F$12:$F$54,B$4) -> 0 | C5: =COUNTIF($F$12:$F$54,C$4) -> 0 | D5: =COUNTIF($F$12:$F$54,D$4) -> 28 | T5: N/A
A6: Round 2 | B6: =COUNTIF($I$12:$I$54,B$4) -> 0 | C6: =COUNTIF($I$12:$I$54,C$4) -> 0 | D6: =COUNTIF($I$12:$I$54,D$4) -> 28
A7: Round 3 | B7: =COUNTIF($L$12:$L$54,B$4) -> 0 | C7: =COUNTIF($L$12:$L$54,C$4) -> 0 | D7: =COUNTIF($L$12:$L$54,D$4) -> 28
A8: Testing Type | B8: Normal | C8: Abnormal | D8: Boundary | T8: N/A
A9: Count | B9: =COUNTIF($E$12:$E$54,B$8) -> 23 | C9: =COUNTIF($E$12:$E$54,C$8) -> 4 | D9: =COUNTIF($E$12:$E$54,D$8) -> 1
A11: Test Case ID | B11: Pre-conditions | C11: Input parameters | D11: Expected Results | E11: Type | F11: Round 1 | G11: Test date | H11: Tester | I11: Round 2 | J11: Test date | K11: Tester | L11: Round 3 | M11: Test date | N11: Tester | O11: Defect IDs | P11: Note
A12: Concurrent_writers_compare_versions_after_waiting
A13: UTC001 | B13: 1. AttendanceConcurrency runs in process; its dependencies are fakes or stubs. 2. Test data is seeded (MeetingStatus.InProgress). | C13: differentTargets=false | D13: Return: 1. results.Count(r => r.StatusCode == HTTP 200 OK): differentTargets ? 2 : 1 2. results: exactly one item Exception: N/A Log Message: N/A | E13: Normal | F13: Pending | I13: Pending | L13: Pending
A14: UTC002 | B14: 1. AttendanceConcurrency runs in process; its dependencies are fakes or stubs. 2. Test data is seeded (MeetingStatus.InProgress). | C14: differentTargets=true | D14: Return: 1. results.Count(r => r.StatusCode == HTTP 200 OK): differentTargets ? 2 : 1 2. results: exactly one item Exception: N/A Log Message: N/A | E14: Normal | F14: Pending | I14: Pending | L14: Pending
A15: Waiting_writer_rechecks_state_authority_membership_but_not_unrelated_changes
A16: UTC003 | B16: 1. AttendanceConcurrency runs in process; its dependencies are fakes or stubs. 2. Test data is seeded (MeetingStatus.InProgress). 3. switch (change) { case "ended": meeting.Status = MeetingStatus.Ended; break; case "secretary": (db.MeetingParticipants.FindAsync(s.Secretar…. | C16: change="ended"; expected=409 | D16: Return: 1. (int)response.StatusCode: expected 2. (db.MeetingParticipants.FindAsync(s.MemberAssignment)).AttendanceVersion: expected == 200 ? 1 : 0 3. (db.MeetingGuestInvitations.FindAsync(guest.Id)).AttendanceVersion: expected == 200 ? 1 : 0 Exception: N/A Log Message: N/A | E16: Normal | F16: Pending | I16: Pending | L16: Pending
A17: UTC004 | B17: 1. AttendanceConcurrency runs in process; its dependencies are fakes or stubs. 2. Test data is seeded (MeetingStatus.InProgress). 3. switch (change) { case "ended": meeting.Status = MeetingStatus.Ended; break; case "secretary": (db.MeetingParticipants.FindAsync(s.Secretar…. | C17: change="secretary"; expected=403 | D17: Return: 1. (int)response.StatusCode: expected 2. (db.MeetingParticipants.FindAsync(s.MemberAssignment)).AttendanceVersion: expected == 200 ? 1 : 0 3. (db.MeetingGuestInvitations.FindAsync(guest.Id)).AttendanceVersion: expected == 200 ? 1 : 0 Exception: N/A Log Message: N/A | E17: Normal | F17: Pending | I17: Pending | L17: Pending
A18: UTC005 | B18: 1. AttendanceConcurrency runs in process; its dependencies are fakes or stubs. 2. Test data is seeded (MeetingStatus.InProgress). 3. switch (change) { case "ended": meeting.Status = MeetingStatus.Ended; break; case "secretary": (db.MeetingParticipants.FindAsync(s.Secretar…. | C18: change="inactive"; expected=403 | D18: Return: 1. (int)response.StatusCode: expected 2. (db.MeetingParticipants.FindAsync(s.MemberAssignment)).AttendanceVersion: expected == 200 ? 1 : 0 3. (db.MeetingGuestInvitations.FindAsync(guest.Id)).AttendanceVersion: expected == 200 ? 1 : 0 Exception: N/A Log Message: N/A | E18: Normal | F18: Pending | I18: Pending | L18: Pending
A19: UTC006 | B19: 1. AttendanceConcurrency runs in process; its dependencies are fakes or stubs. 2. Test data is seeded (MeetingStatus.InProgress). 3. switch (change) { case "ended": meeting.Status = MeetingStatus.Ended; break; case "secretary": (db.MeetingParticipants.FindAsync(s.Secretar…. | C19: change="removed"; expected=409 | D19: Return: 1. (int)response.StatusCode: expected 2. (db.MeetingParticipants.FindAsync(s.MemberAssignment)).AttendanceVersion: expected == 200 ? 1 : 0 3. (db.MeetingGuestInvitations.FindAsync(guest.Id)).AttendanceVersion: expected == 200 ? 1 : 0 Exception: N/A Log Message: N/A | E19: Normal | F19: Pending | I19: Pending | L19: Pending
A20: UTC007 | B20: 1. AttendanceConcurrency runs in process; its dependencies are fakes or stubs. 2. Test data is seeded (MeetingStatus.InProgress). 3. switch (change) { case "ended": meeting.Status = MeetingStatus.Ended; break; case "secretary": (db.MeetingParticipants.FindAsync(s.Secretar…. | C20: change="revoked"; expected=409 | D20: Return: 1. (int)response.StatusCode: expected 2. (db.MeetingParticipants.FindAsync(s.MemberAssignment)).AttendanceVersion: expected == 200 ? 1 : 0 3. (db.MeetingGuestInvitations.FindAsync(guest.Id)).AttendanceVersion: expected == 200 ? 1 : 0 Exception: N/A Log Message: N/A | E20: Normal | F20: Pending | I20: Pending | L20: Pending
A21: UTC008 | B21: 1. AttendanceConcurrency runs in process; its dependencies are fakes or stubs. 2. Test data is seeded (MeetingStatus.InProgress). 3. switch (change) { case "ended": meeting.Status = MeetingStatus.Ended; break; case "secretary": (db.MeetingParticipants.FindAsync(s.Secretar…. | C21: change="newParticipant"; expected=200 | D21: Return: 1. (int)response.StatusCode: expected 2. (db.MeetingParticipants.FindAsync(s.MemberAssignment)).AttendanceVersion: expected == 200 ? 1 : 0 3. (db.MeetingGuestInvitations.FindAsync(guest.Id)).AttendanceVersion: expected == 200 ? 1 : 0 Exception: N/A Log Message: N/A | E21: Normal | F21: Pending | I21: Pending | L21: Pending
A22: UTC009 | B22: 1. AttendanceConcurrency runs in process; its dependencies are fakes or stubs. 2. Test data is seeded (MeetingStatus.InProgress). 3. switch (change) { case "ended": meeting.Status = MeetingStatus.Ended; break; case "secretary": (db.MeetingParticipants.FindAsync(s.Secretar…. | C22: change="response"; expected=200 | D22: Return: 1. (int)response.StatusCode: expected 2. (db.MeetingParticipants.FindAsync(s.MemberAssignment)).AttendanceVersion: expected == 200 ? 1 : 0 3. (db.MeetingGuestInvitations.FindAsync(guest.Id)).AttendanceVersion: expected == 200 ? 1 : 0 Exception: N/A Log Message: N/A | E22: Normal | F22: Pending | I22: Pending | L22: Pending
A23: UTC010 | B23: 1. AttendanceConcurrency runs in process; its dependencies are fakes or stubs. 2. Test data is seeded (MeetingStatus.InProgress). 3. switch (change) { case "ended": meeting.Status = MeetingStatus.Ended; break; case "secretary": (db.MeetingParticipants.FindAsync(s.Secretar…. | C23: change="targetRole"; expected=200 | D23: Return: 1. (int)response.StatusCode: expected 2. (db.MeetingParticipants.FindAsync(s.MemberAssignment)).AttendanceVersion: expected == 200 ? 1 : 0 3. (db.MeetingGuestInvitations.FindAsync(guest.Id)).AttendanceVersion: expected == 200 ? 1 : 0 Exception: N/A Log Message: N/A | E23: Normal | F23: Pending | I23: Pending | L23: Pending
A24: Target_row_is_loaded_after_its_lock_not_from_an_earlier_roster_snapshot
A25: UTC011 | B25: 1. AttendanceConcurrency runs in process; its dependencies are fakes or stubs. 2. Test data is seeded (MeetingStatus.InProgress). 3. p.Attendance = AttendanceStatus.Absent. 4. p.AttendanceVersion = 1. 5. p.AttendanceRecordedById = s.Secretary. 6. Further arrangement is in the test source. | C25: N/A | D25: Return: AttendanceStatus.Absent Exception: N/A Log Message: N/A | E25: Normal | F25: Pending | I25: Pending | L25: Pending
A26: Reverse_order_batches_do_not_deadlock_and_stale_batch_is_atomic
A27: UTC012 | B27: 1. AttendanceConcurrency runs in process; its dependencies are fakes or stubs. 2. Test data is seeded (MeetingStatus.InProgress). | C27: f; s | D27: Return: 1. results: exactly one item 2. results: exactly one item Exception: N/A Log Message: N/A | E27: Abnormal | F27: Pending | I27: Pending | L27: Pending
A28: Remove_then_reinvite_retains_old_evidence_and_new_assignment_starts_at_zero
A29: UTC013 | B29: 1. AttendanceConcurrency runs in process; its dependencies are fakes or stubs. 2. Test data is seeded (MeetingStatus.InProgress). | C29: Save(client, s, Entry(s.MeetingId, s.MemberAssignment)); 200; "MSG147" | D29: Return: 1. rows: exactly one item 2. rows: exactly one item Exception: N/A Log Message: N/A | E29: Boundary | F29: Pending | I29: Pending | L29: Pending
A30: Overflow_cannot_partially_update_other_entries
A31: UTC014 | B31: 1. AttendanceConcurrency runs in process; its dependencies are fakes or stubs. 2. Test data is seeded (MeetingStatus.InProgress). | C31: N/A | D31: Return: 0 Exception: N/A Log Message: N/A | E31: Abnormal | F31: Pending | I31: Pending | L31: Pending
A32: Chair_handover_and_attendance_serialize_without_overwriting_each_other
A33: UTC015 | B33: 1. AttendanceConcurrency runs in process; its dependencies are fakes or stubs. 2. Test data is seeded (MeetingStatus.InProgress). | C33: N/A | D33: Return: 1. incoming.Role: MeetingRole.Chair 2. incoming.Attendance: AttendanceStatus.Present 3. incoming.AttendanceVersion: 1 4. incoming.AttendanceRecordedById: s.Secretary Exception: N/A Log Message: N/A | E33: Normal | F33: Pending | I33: Pending | L33: Pending
A34: Joined_roster_readers_receive_committed_events_and_reconnect_reads_current_state
A35: UTC016 | B35: 1. AttendanceHub runs in process; its dependencies are fakes or stubs. 2. Test data is seeded (MeetingStatus.InProgress). 3. received = Channel.CreateUnbounded<AttendanceChange>(). 4. denied = Channel.CreateUnbounded<AttendanceChange>(). | C35: secretary | D35: Return: 1. change.MeetingId: s.MeetingId 2. change.EventId: not Guid.Empty Exception: N/A Log Message: N/A | E35: Normal | F35: Pending | I35: Pending | L35: Pending
A36: Owner_and_member_readers_receive_events_without_grants
A37: UTC017 | B37: 1. AttendanceHub runs in process; its dependencies are fakes or stubs. 2. Test data is seeded (MeetingStatus.InProgress). 3. events = Channel.CreateUnbounded<AttendanceChange>(). | C37: owner=true | D37: Return: 1. (reader.GetAsync(s.Url + "/attendance")).StatusCode: HTTP 200 OK 2. (Next(events.Reader)).MeetingId: s.MeetingId Exception: N/A Log Message: N/A | E37: Normal | F37: Pending | I37: Pending | L37: Pending
A38: UTC018 | B38: 1. AttendanceHub runs in process; its dependencies are fakes or stubs. 2. Test data is seeded (MeetingStatus.InProgress). 3. events = Channel.CreateUnbounded<AttendanceChange>(). | C38: owner=false | D38: Return: 1. (reader.GetAsync(s.Url + "/attendance")).StatusCode: HTTP 200 OK 2. (Next(events.Reader)).MeetingId: s.MeetingId Exception: N/A Log Message: N/A | E38: Normal | F38: Pending | I38: Pending | L38: Pending
A39: Existing_subscriber_losing_permission_receives_no_further_event
A40: UTC019 | B40: 1. AttendanceHub runs in process; its dependencies are fakes or stubs. 2. Test data is seeded (MeetingStatus.InProgress). 3. events = Channel.CreateUnbounded<AttendanceChange>(). | C40: reason="inactive" | D40: Return: completes without error Exception: N/A Log Message: N/A | E40: Normal | F40: Pending | I40: Pending | L40: Pending
A41: UTC020 | B41: 1. AttendanceHub runs in process; its dependencies are fakes or stubs. 2. Test data is seeded (MeetingStatus.InProgress). 3. events = Channel.CreateUnbounded<AttendanceChange>(). | C41: reason="removed" | D41: Return: completes without error Exception: N/A Log Message: N/A | E41: Normal | F41: Pending | I41: Pending | L41: Pending
A42: Guest_sessions_are_isolated_and_revalidated_after_join
A43: UTC021 | B43: 1. AttendanceHub runs in process; its dependencies are fakes or stubs. 2. Test data is seeded (MeetingStatus.InProgress). 3. eventsA = Channel.CreateUnbounded<AttendanceChange>(). 4. eventsB = Channel.CreateUnbounded<AttendanceChange>(). | C43: change="sessionRevoked" | D43: Return: completes without error Exception: N/A Log Message: N/A | E43: Normal | F43: Pending | I43: Pending | L43: Pending
A44: UTC022 | B44: 1. AttendanceHub runs in process; its dependencies are fakes or stubs. 2. Test data is seeded (MeetingStatus.InProgress). 3. eventsA = Channel.CreateUnbounded<AttendanceChange>(). 4. eventsB = Channel.CreateUnbounded<AttendanceChange>(). | C44: change="expired" | D44: Return: completes without error Exception: N/A Log Message: N/A | E44: Normal | F44: Pending | I44: Pending | L44: Pending
A45: UTC023 | B45: 1. AttendanceHub runs in process; its dependencies are fakes or stubs. 2. Test data is seeded (MeetingStatus.InProgress). 3. eventsA = Channel.CreateUnbounded<AttendanceChange>(). 4. eventsB = Channel.CreateUnbounded<AttendanceChange>(). | C45: change="unverified" | D45: Return: completes without error Exception: N/A Log Message: N/A | E45: Normal | F45: Pending | I45: Pending | L45: Pending
A46: UTC024 | B46: 1. AttendanceHub runs in process; its dependencies are fakes or stubs. 2. Test data is seeded (MeetingStatus.InProgress). 3. eventsA = Channel.CreateUnbounded<AttendanceChange>(). 4. eventsB = Channel.CreateUnbounded<AttendanceChange>(). | C46: change="invitationRevoked" | D46: Return: completes without error Exception: N/A Log Message: N/A | E46: Normal | F46: Pending | I46: Pending | L46: Pending
A47: Production_default_guest_adapter_denies_and_lists_no_sessions
A48: UTC025 | B48: 1. AttendanceHub runs in process; its dependencies are fakes or stubs. | C48: new(Guid.CreateVersion7(), Guid.CreateVersion7(), Guid.CreateVersion7…; default | D48: Return: 1. access.CanAccessAsync(new(Guid.CreateVersion7(), Guid.CreateVersion7(), Guid.CreateVersion7()), default): false 2. access.ListReadersAsync(Guid.CreateVersion7(), default): empty Exception: N/A Log Message: N/A | E48: Abnormal | F48: Pending | I48: Pending | L48: Pending
A49: Roster_reads_are_batched_and_measure_one_hundred_concurrent_authorized_callers
A50: UTC026 | B50: 1. AttendancePerformance runs in process; its dependencies are fakes or stubs. 2. Test data is seeded (MeetingStatus.InProgress). 3. db.Users.AddRange(users). 4. foreach (var user in users) { var p = new MeetingParticipant { MeetingId = s.MeetingId, UserId = user.Id }; db.MeetingParticipants.Add(p); }. 5. f.Queries.Count = 0. 6. Further arrangement is in the test source. | C50: N/A | D50: Return: 1. page.total: 103 2. length of page.items: 100 3. f.Queries.Count: between 1 and 10 4. response.StatusCode: HTTP 200 OK Exception: N/A Log Message: N/A | E50: Normal | F50: Pending | I50: Pending | L50: Pending
A51: Tokens_bind_meeting_kind_entry_and_version_and_are_culture_independent
A52: UTC027 | B52: 1. AttendanceRules runs in process; its dependencies are fakes or stubs. 2. original = CultureInfo.CurrentCulture. | C52: meeting; "Internal"; entry; long.MaxValue | D52: Return: matches "^[a-f0-9]{64}$" Exception: N/A Log Message: N/A | E52: Normal | F52: Pending | I52: Pending | L52: Pending
A53: Unmarked_and_legacy_are_distinct_and_unknown_enum_is_rejected
A54: UTC028 | B54: 1. AttendanceRules runs in process; its dependencies are fakes or stubs. | C54: AttendanceStatus.Unknown | D54: Return: 1. AttendanceRules.Display(AttendanceStatus.Unknown): (null, (string?)null) 2. AttendanceRules.Display(AttendanceStatus.Excused): (null, "Excused") 3. AttendanceRules.Display(AttendanceStatus.Absent): ("Absent", (string?)null) Exception: InvalidDataException Log Message: N/A | E54: Abnormal | F54: Pending | I54: Pending | L54: Pending

Sheet Authentication
A2: Code Module | B2: Authentication | T2: Passed
A3: Number of TCs | B3: =COUNTIF(A12:A178,"UTC*") -> 91 | T3: Failed
A4: Testing Round | B4: Passed | C4: Failed | D4: Pending | T4: Pending
A5: Round 1 | B5: =COUNTIF($F$12:$F$178,B$4) -> 0 | C5: =COUNTIF($F$12:$F$178,C$4) -> 0 | D5: =COUNTIF($F$12:$F$178,D$4) -> 91 | T5: N/A
A6: Round 2 | B6: =COUNTIF($I$12:$I$178,B$4) -> 0 | C6: =COUNTIF($I$12:$I$178,C$4) -> 0 | D6: =COUNTIF($I$12:$I$178,D$4) -> 91
A7: Round 3 | B7: =COUNTIF($L$12:$L$178,B$4) -> 0 | C7: =COUNTIF($L$12:$L$178,C$4) -> 0 | D7: =COUNTIF($L$12:$L$178,D$4) -> 91
A8: Testing Type | B8: Normal | C8: Abnormal | D8: Boundary | T8: N/A
A9: Count | B9: =COUNTIF($E$12:$E$178,B$8) -> 46 | C9: =COUNTIF($E$12:$E$178,C$8) -> 45 | D9: =COUNTIF($E$12:$E$178,D$8) -> 0
A11: Test Case ID | B11: Pre-conditions | C11: Input parameters | D11: Expected Results | E11: Type | F11: Round 1 | G11: Test date | H11: Tester | I11: Round 2 | J11: Test date | K11: Tester | L11: Round 3 | M11: Test date | N11: Tester | O11: Defect IDs | P11: Note
A12: An_active_user_with_the_right_password_signs_in
A13: UTC001 | B13: 1. AuthenticationService runs in process; its dependencies are fakes or stubs. 2. _users.WithUser(user).WithCapabilities(BuiltInRoles.Secretary, Capability.MeetingCreator, Capability.MinutesEditor). | C13: user.Email; Password | D13: Return: 1. Outcome: SignInOutcome.Success 2. Succeeded: true 3. User.Id: user.Id 4. Capabilities: [Capability.MeetingCreator, Capability.MinutesEditor] Exception: N/A Log Message: N/A | E13: Normal | F13: Pending | I13: Pending | L13: Pending
A14: Signing_in_issues_an_access_token_and_a_stored_refresh_token
A15: UTC002 | B15: 1. AuthenticationService runs in process; its dependencies are fakes or stubs. 2. _users.WithUser(user).WithCapabilities(BuiltInRoles.Secretary, Capability.MeetingCreator). | C15: user.Email; Password | D15: Return: 1. AccessToken: not null 2. RefreshToken: not null 3. AccessTokenExpiresAt > DateTimeOffset.UtcNow: true Exception: N/A Log Message: N/A | E15: Normal | F15: Pending | I15: Pending | L15: Pending
A16: Capabilities_come_from_the_database_not_from_the_role_name
A17: UTC003 | B17: 1. AuthenticationService runs in process; its dependencies are fakes or stubs. 2. user = NewUser(role: BuiltInRoles.Chair). 3. _users.WithUser(user).WithCapabilities(BuiltInRoles.Chair, Capability.AdminUsers). | C17: user.Email; Password | D17: Return: [Capability.AdminUsers] Exception: N/A Log Message: N/A | E17: Normal | F17: Pending | I17: Pending | L17: Pending
A18: A_member_signs_in_although_they_have_no_capability
A19: UTC004 | B19: 1. AuthenticationService runs in process; its dependencies are fakes or stubs. 2. user = NewUser(role: BuiltInRoles.Member). 3. _users.WithUser(user). | C19: user.Email; Password | D19: Return: 1. Outcome: SignInOutcome.Success 2. Capabilities: empty Exception: N/A Log Message: N/A | E19: Normal | F19: Pending | I19: Pending | L19: Pending
A20: Email_case_and_surrounding_spaces_do_not_prevent_sign_in
A21: UTC005 | B21: 1. AuthenticationService runs in process; its dependencies are fakes or stubs. 2. user = NewUser(email: "thuky@trustcabinet.local"). 3. _users.WithUser(user).WithCapabilities(BuiltInRoles.Secretary, Capability.MeetingCreator). | C21: " ThuKy@TrustCabinet.Local "; Password | D21: Return: SignInOutcome.Success Exception: N/A Log Message: N/A | E21: Normal | F21: Pending | I21: Pending | L21: Pending
A22: An_unknown_email_is_rejected
A23: UTC006 | B23: 1. AuthenticationService runs in process; its dependencies are fakes or stubs. | C23: "khong-ton-tai@trustcabinet.local"; Password | D23: Return: SignInOutcome.InvalidCredentials Exception: N/A Log Message: N/A | E23: Abnormal | F23: Pending | I23: Pending | L23: Pending
A24: A_wrong_password_is_rejected
A25: UTC007 | B25: 1. AuthenticationService runs in process; its dependencies are fakes or stubs. 2. _users.WithUser(user). | C25: user.Email; "SaiMatKhau@2026" | D25: Return: SignInOutcome.InvalidCredentials Exception: N/A Log Message: N/A | E25: Abnormal | F25: Pending | I25: Pending | L25: Pending
A26: An_unknown_email_and_a_wrong_password_are_indistinguishable
A27: UTC008 | B27: 1. AuthenticationService runs in process; its dependencies are fakes or stubs. 2. _users.WithUser(NewUser()). | C27: "nobody@trustcabinet.local"; Password | D27: Return: 1. wrongPassword.Outcome: unknownEmail.Outcome 2. unknownEmail.User: null 3. wrongPassword.User: null Exception: N/A Log Message: N/A | E27: Abnormal | F27: Pending | I27: Pending | L27: Pending
A28: An_unknown_email_still_costs_one_password_verification
A29: UTC009 | B29: 1. AuthenticationService runs in process; its dependencies are fakes or stubs. | C29: "nobody@trustcabinet.local"; Password | D29: Return: 1 Exception: N/A Log Message: N/A | E29: Abnormal | F29: Pending | I29: Pending | L29: Pending
A30: The_dummy_hash_comes_from_the_injected_hasher
A31: UTC010 | B31: 1. AuthenticationService runs in process; its dependencies are fakes or stubs. | C31: "nobody@trustcabinet.local"; Password | D31: Return: 1. _passwordHasher.HashCount: 1 2. _passwordHasher.VerifiedHashes: every item passes the check Exception: N/A Log Message: N/A | E31: Normal | F31: Pending | I31: Pending | L31: Pending
A32: The_dummy_hash_never_matches_a_password
A33: UTC011 | B33: 1. AuthenticationService runs in process; its dependencies are fakes or stubs. | C33: "nobody@trustcabinet.local"; Password | D33: Return: 1. first.Outcome: SignInOutcome.InvalidCredentials 2. second.Outcome: SignInOutcome.InvalidCredentials Exception: N/A Log Message: N/A | E33: Normal | F33: Pending | I33: Pending | L33: Pending
A34: A_known_email_and_an_unknown_one_cost_the_same
A35: UTC012 | B35: 1. AuthenticationService runs in process; its dependencies are fakes or stubs. 2. _users.WithUser(NewUser()). 3. afterKnownEmail = _passwordHasher.VerifyCount. 4. afterUnknownEmail = _passwordHasher.VerifyCount - afterKnownEmail. | C35: "thuky@trustcabinet.local"; "SaiMatKhau@2026" | D35: Return: afterKnownEmail Exception: N/A Log Message: N/A | E35: Abnormal | F35: Pending | I35: Pending | L35: Pending
A36: Blank_input_is_rejected_without_touching_the_database
A37: UTC013 | B37: 1. AuthenticationService runs in process; its dependencies are fakes or stubs. 2. _users.WithUser(NewUser()). | C37: email=""; password=Password | D37: Return: SignInOutcome.InvalidCredentials Exception: N/A Log Message: N/A | E37: Abnormal | F37: Pending | I37: Pending | L37: Pending
A38: UTC014 | B38: 1. AuthenticationService runs in process; its dependencies are fakes or stubs. 2. _users.WithUser(NewUser()). | C38: email=" "; password=Password | D38: Return: SignInOutcome.InvalidCredentials Exception: N/A Log Message: N/A | E38: Abnormal | F38: Pending | I38: Pending | L38: Pending
A39: UTC015 | B39: 1. AuthenticationService runs in process; its dependencies are fakes or stubs. 2. _users.WithUser(NewUser()). | C39: email="thuky@trustcabinet.local"; password="" | D39: Return: SignInOutcome.InvalidCredentials Exception: N/A Log Message: N/A | E39: Abnormal | F39: Pending | I39: Pending | L39: Pending
A40: UTC016 | B40: 1. AuthenticationService runs in process; its dependencies are fakes or stubs. 2. _users.WithUser(NewUser()). | C40: email="thuky@trustcabinet.local"; password=" " | D40: Return: SignInOutcome.InvalidCredentials Exception: N/A Log Message: N/A | E40: Abnormal | F40: Pending | I40: Pending | L40: Pending
A41: A_failed_attempt_issues_nothing
A42: UTC017 | B42: 1. AuthenticationService runs in process; its dependencies are fakes or stubs. 2. _users.WithUser(NewUser()). | C42: "thuky@trustcabinet.local"; "SaiMatKhau@2026" | D42: Return: 1. AccessToken: null 2. RefreshToken: null Exception: N/A Log Message: N/A | E42: Abnormal | F42: Pending | I42: Pending | L42: Pending
A43: A_placeholder_password_hash_cannot_be_signed_into
A44: UTC018 | B44: 1. AuthenticationService runs in process; its dependencies are fakes or stubs. 2. user.PasswordHash = "SET-BY-SCRUM-11". 3. _users.WithUser(user). 4. service: a new AuthenticationService is prepared. | C44: user.Email; "SET-BY-SCRUM-11" | D44: Return: SignInOutcome.InvalidCredentials Exception: N/A Log Message: N/A | E44: Abnormal | F44: Pending | I44: Pending | L44: Pending
A45: A_deactivated_account_is_told_so_only_after_the_password_matched
A46: UTC019 | B46: 1. AuthenticationService runs in process; its dependencies are fakes or stubs. 2. user = NewUser(isActive: false). 3. _users.WithUser(user).WithCapabilities(BuiltInRoles.Secretary, Capability.MeetingCreator). | C46: user.Email; Password | D46: Return: SignInOutcome.AccountDeactivated Exception: N/A Log Message: N/A | E46: Abnormal | F46: Pending | I46: Pending | L46: Pending
A47: A_deactivated_account_with_a_wrong_password_reveals_nothing
A48: UTC020 | B48: 1. AuthenticationService runs in process; its dependencies are fakes or stubs. 2. user = NewUser(isActive: false). 3. _users.WithUser(user). | C48: user.Email; "SaiMatKhau@2026" | D48: Return: SignInOutcome.InvalidCredentials Exception: N/A Log Message: N/A | E48: Abnormal | F48: Pending | I48: Pending | L48: Pending
A49: A_role_that_grants_nothing_still_signs_in
A50: UTC021 | B50: 1. AuthenticationService runs in process; its dependencies are fakes or stubs. 2. user = NewUser(role: BuiltInRoles.Secretary). 3. _users.WithUser(user). | C50: user.Email; Password | D50: Return: 1. Outcome: SignInOutcome.Success 2. Capabilities: empty Exception: N/A Log Message: N/A | E50: Normal | F50: Pending | I50: Pending | L50: Pending
A51: A_custom_role_signs_in_with_its_name_and_capabilities
A52: UTC022 | B52: 1. AuthenticationService runs in process; its dependencies are fakes or stubs. 2. deputy = new Role { Name = "Thư ký phó" }. 3. _users.WithRole(deputy, Capability.MinutesEditor). 4. user = NewUser(role: deputy.Id). 5. _users.WithUser(user). | C52: user.Email; Password | D52: Return: 1. Outcome: SignInOutcome.Success 2. Capabilities: [Capability.MinutesEditor] 3. User.Role.Name: "Thư ký phó" Exception: N/A Log Message: N/A | E52: Normal | F52: Pending | I52: Pending | L52: Pending
A53: A_refresh_token_can_be_exchanged_for_a_new_pair
A54: UTC023 | B54: 1. AuthenticationService runs in process; its dependencies are fakes or stubs. 2. _users.WithUser(user).WithCapabilities(BuiltInRoles.Secretary, Capability.MeetingCreator). | C54: user.Email; Password | D54: Return: 1. refreshed.Outcome: SignInOutcome.Success 2. refreshed.AccessToken: not null 3. refreshed.RefreshToken: not signIn.RefreshToken Exception: N/A Log Message: N/A | E54: Normal | F54: Pending | I54: Pending | L54: Pending
A55: A_refresh_carries_the_capabilities_the_role_has_now
A56: UTC024 | B56: 1. AuthenticationService runs in process; its dependencies are fakes or stubs. 2. _users.WithUser(user).WithCapabilities(BuiltInRoles.Secretary, Capability.MeetingCreator). 3. _users.WithCapabilities(BuiltInRoles.Secretary, Capability.MinutesEditor, Capability.AdminUsers). | C56: user.Email; Password | D56: Return: 1. refreshed.Outcome: SignInOutcome.Success 2. refreshed.Capabilities: [Capability.MinutesEditor, Capability.AdminUsers] Exception: N/A Log Message: N/A | E56: Normal | F56: Pending | I56: Pending | L56: Pending
A57: A_refresh_token_works_only_once
A58: UTC025 | B58: 1. AuthenticationService runs in process; its dependencies are fakes or stubs. 2. _users.WithUser(user).WithCapabilities(BuiltInRoles.Secretary, Capability.MeetingCreator). | C58: user.Email; Password | D58: Return: SignInOutcome.InvalidCredentials Exception: N/A Log Message: N/A | E58: Normal | F58: Pending | I58: Pending | L58: Pending
A59: A_database_error_during_refresh_leaves_the_token_usable
A60: UTC026 | B60: 1. AuthenticationService runs in process; its dependencies are fakes or stubs. 2. _users.WithUser(user).WithCapabilities(BuiltInRoles.Secretary, Capability.MeetingCreator). 3. _users.OnFindById = () => throw new InvalidOperationException("database unavailable"). | C60: user.Email; Password | D60: Return: SignInOutcome.Success Exception: InvalidOperationException Log Message: N/A | E60: Abnormal | F60: Pending | I60: Pending | L60: Pending
A61: An_expired_refresh_token_is_rejected
A62: UTC027 | B62: 1. AuthenticationService runs in process; its dependencies are fakes or stubs. 2. _users.WithUser(user).WithCapabilities(BuiltInRoles.Secretary, Capability.MeetingCreator). 3. _refreshTokens.Now = DateTimeOffset.UtcNow.Add(_tokenIssuer.RefreshTokenLifetime).AddSeconds(1). | C62: user.Email; Password | D62: Return: SignInOutcome.InvalidCredentials Exception: N/A Log Message: N/A | E62: Abnormal | F62: Pending | I62: Pending | L62: Pending
A63: A_missing_or_unknown_refresh_token_is_rejected
A64: UTC028 | B64: 1. AuthenticationService runs in process; its dependencies are fakes or stubs. | C64: token="" | D64: Return: SignInOutcome.InvalidCredentials Exception: N/A Log Message: N/A | E64: Abnormal | F64: Pending | I64: Pending | L64: Pending
A65: UTC029 | B65: 1. AuthenticationService runs in process; its dependencies are fakes or stubs. | C65: token=" " | D65: Return: SignInOutcome.InvalidCredentials Exception: N/A Log Message: N/A | E65: Abnormal | F65: Pending | I65: Pending | L65: Pending
A66: UTC030 | B66: 1. AuthenticationService runs in process; its dependencies are fakes or stubs. | C66: token="khong-phai-token" | D66: Return: SignInOutcome.InvalidCredentials Exception: N/A Log Message: N/A | E66: Abnormal | F66: Pending | I66: Pending | L66: Pending
A67: Deactivating_an_account_ends_its_session_at_the_next_refresh
A68: UTC031 | B68: 1. AuthenticationService runs in process; its dependencies are fakes or stubs. 2. _users.WithUser(user).WithCapabilities(BuiltInRoles.Secretary, Capability.MeetingCreator). 3. user.IsActive = false. | C68: user.Email; Password | D68: Return: SignInOutcome.AccountDeactivated Exception: N/A Log Message: N/A | E68: Normal | F68: Pending | I68: Pending | L68: Pending
A69: Losing_every_capability_reaches_the_next_access_token
A70: UTC032 | B70: 1. AuthenticationService runs in process; its dependencies are fakes or stubs. 2. _users.WithUser(user).WithCapabilities(BuiltInRoles.Secretary, Capability.MeetingCreator). 3. _users.WithCapabilities(BuiltInRoles.Secretary). | C70: user.Email; Password | D70: Return: 1. refreshed.Outcome: SignInOutcome.Success 2. refreshed.Capabilities: empty Exception: N/A Log Message: N/A | E70: Normal | F70: Pending | I70: Pending | L70: Pending
A71: A_capability_granted_meanwhile_arrives_with_the_next_access_token
A72: UTC033 | B72: 1. AuthenticationService runs in process; its dependencies are fakes or stubs. 2. _users.WithUser(user).WithCapabilities(BuiltInRoles.Secretary, Capability.MeetingCreator). 3. _users.WithCapabilities(BuiltInRoles.Secretary, Capability.MeetingCreator, Capability.MinutesEditor). | C72: user.Email; Password | D72: Return: [Capability.MeetingCreator, Capability.MinutesEditor] Exception: N/A Log Message: N/A | E72: Normal | F72: Pending | I72: Pending | L72: Pending
A73: Signing_out_destroys_the_session_on_the_server
A74: UTC034 | B74: 1. AuthenticationService runs in process; its dependencies are fakes or stubs. 2. _users.WithUser(user).WithCapabilities(BuiltInRoles.Secretary, Capability.MeetingCreator). | C74: user.Email; Password | D74: Return: 1. _refreshTokens.ActiveTokens: empty 2. afterSignOut.Outcome: SignInOutcome.InvalidCredentials Exception: N/A Log Message: N/A | E74: Normal | F74: Pending | I74: Pending | L74: Pending
A75: Signing_out_twice_is_not_an_error
A76: UTC035 | B76: 1. AuthenticationService runs in process; its dependencies are fakes or stubs. 2. _users.WithUser(user).WithCapabilities(BuiltInRoles.Secretary, Capability.MeetingCreator). | C76: user.Email; Password | D76: Return: completes without error Exception: N/A Log Message: N/A | E76: Abnormal | F76: Pending | I76: Pending | L76: Pending
A77: Signing_out_one_session_leaves_the_others_alone
A78: UTC036 | B78: 1. AuthenticationService runs in process; its dependencies are fakes or stubs. 2. _users.WithUser(user).WithCapabilities(BuiltInRoles.Secretary, Capability.MeetingCreator). | C78: user.Email; Password | D78: Return: [phone.RefreshToken] Exception: N/A Log Message: N/A | E78: Normal | F78: Pending | I78: Pending | L78: Pending
A79: A_linked_active_account_signs_in
A80: UTC037 | B80: 1. GoogleSignInService runs in process; its dependencies are fakes or stubs. 2. _google.WithValidToken(IdToken, GoogleSubject, GoogleEmail). 3. _users.WithUser(NewGoogleUser()).WithCapabilities(BuiltInRoles.Secretary, Capability.MinutesEditor). | C80: IdToken | D80: Return: 1. Outcome: GoogleSignInOutcome.Success 2. Succeeded: true 3. Capabilities: [Capability.MinutesEditor] Exception: N/A Log Message: N/A | E80: Normal | F80: Pending | I80: Pending | L80: Pending
A81: Google_sign_in_issues_the_same_token_pair_as_a_password_sign_in
A82: UTC038 | B82: 1. GoogleSignInService runs in process; its dependencies are fakes or stubs. 2. _google.WithValidToken(IdToken, GoogleSubject, GoogleEmail). 3. _users.WithUser(NewGoogleUser()).WithCapabilities(BuiltInRoles.Secretary, Capability.MinutesEditor). | C82: IdToken | D82: Return: 1. AccessToken: not null 2. RefreshToken: not null 3. AccessTokenExpiresAt > DateTimeOffset.UtcNow: true Exception: N/A Log Message: N/A | E82: Normal | F82: Pending | I82: Pending | L82: Pending
A83: An_account_with_both_a_password_and_a_google_link_can_use_either
A84: UTC039 | B84: 1. GoogleSignInService runs in process; its dependencies are fakes or stubs. 2. user.PasswordHash = new FakePasswordHasher().Hash("MatKhau@2026"). 3. _google.WithValidToken(IdToken, GoogleSubject, GoogleEmail). 4. _users.WithUser(user).WithCapabilities(BuiltInRoles.Secretary, Capability.MinutesEditor). | C84: IdToken | D84: Return: 1. (service.SignInWithGoogleAsync(IdToken)).Outcome: GoogleSignInOutcome.Success 2. (service.SignInAsync(GoogleEmail, "MatKhau@2026")).Outcome: SignInOutcome.Success Exception: N/A Log Message: N/A | E84: Normal | F84: Pending | I84: Pending | L84: Pending
A85: A_member_signs_in_with_google_although_they_have_no_capability
A86: UTC040 | B86: 1. GoogleSignInService runs in process; its dependencies are fakes or stubs. 2. _google.WithValidToken(IdToken, GoogleSubject, GoogleEmail). 3. _users.WithUser(NewGoogleUser(role: BuiltInRoles.Member)). | C86: IdToken | D86: Return: 1. Outcome: GoogleSignInOutcome.Success 2. Capabilities: empty Exception: N/A Log Message: N/A | E86: Normal | F86: Pending | I86: Pending | L86: Pending
A87: A_token_that_does_not_verify_is_rejected
A88: UTC041 | B88: 1. GoogleSignInService runs in process; its dependencies are fakes or stubs. 2. _google.WithValidToken(IdToken, GoogleSubject, GoogleEmail). 3. _users.WithUser(NewGoogleUser()).WithCapabilities(BuiltInRoles.Secretary, Capability.MinutesEditor). | C88: idToken="" | D88: Return: 1. Outcome: GoogleSignInOutcome.InvalidGoogleToken 2. User: null Exception: N/A Log Message: N/A | E88: Abnormal | F88: Pending | I88: Pending | L88: Pending
A89: UTC042 | B89: 1. GoogleSignInService runs in process; its dependencies are fakes or stubs. 2. _google.WithValidToken(IdToken, GoogleSubject, GoogleEmail). 3. _users.WithUser(NewGoogleUser()).WithCapabilities(BuiltInRoles.Secretary, Capability.MinutesEditor). | C89: idToken=" " | D89: Return: 1. Outcome: GoogleSignInOutcome.InvalidGoogleToken 2. User: null Exception: N/A Log Message: N/A | E89: Abnormal | F89: Pending | I89: Pending | L89: Pending
A90: UTC043 | B90: 1. GoogleSignInService runs in process; its dependencies are fakes or stubs. 2. _google.WithValidToken(IdToken, GoogleSubject, GoogleEmail). 3. _users.WithUser(NewGoogleUser()).WithCapabilities(BuiltInRoles.Secretary, Capability.MinutesEditor). | C90: idToken="khong-phai-id-token" | D90: Return: 1. Outcome: GoogleSignInOutcome.InvalidGoogleToken 2. User: null Exception: N/A Log Message: N/A | E90: Abnormal | F90: Pending | I90: Pending | L90: Pending
A91: The_database_is_not_consulted_when_the_token_does_not_verify
A92: UTC044 | B92: 1. GoogleSignInService runs in process; its dependencies are fakes or stubs. | C92: "khong-phai-id-token" | D92: Return: GoogleSignInOutcome.InvalidGoogleToken Exception: N/A Log Message: N/A | E92: Normal | F92: Pending | I92: Pending | L92: Pending
A93: A_google_account_nobody_linked_is_refused
A94: UTC045 | B94: 1. GoogleSignInService runs in process; its dependencies are fakes or stubs. 2. _google.WithValidToken(IdToken, "mot-sub-chua-ai-lien-ket", "nguoi.la@gmail.com"). | C94: IdToken | D94: Return: GoogleSignInOutcome.NotLinked Exception: N/A Log Message: N/A | E94: Abnormal | F94: Pending | I94: Pending | L94: Pending
A95: An_account_created_with_that_email_is_linked_at_its_first_google_sign_in
A96: UTC046 | B96: 1. GoogleSignInService runs in process; its dependencies are fakes or stubs. 2. user = NewGoogleUser(googleSubjectId: null). 3. _google.WithValidToken(IdToken, GoogleSubject, GoogleEmail.ToUpperInvariant()). 4. _users.WithUser(user).WithCapabilities(BuiltInRoles.Secretary, Capability.MinutesEditor). | C96: IdToken | D96: Return: GoogleSignInOutcome.Success Exception: N/A Log Message: N/A | E96: Normal | F96: Pending | I96: Pending | L96: Pending
A97: An_account_already_linked_to_another_google_identity_is_not_relinked
A98: UTC047 | B98: 1. GoogleSignInService runs in process; its dependencies are fakes or stubs. 2. _google.WithValidToken(IdToken, "sub-cua-nguoi-khac", GoogleEmail). 3. _users.WithUser(user).WithCapabilities(BuiltInRoles.Secretary, Capability.MinutesEditor). | C98: IdToken | D98: Return: GoogleSignInOutcome.NotLinked Exception: N/A Log Message: N/A | E98: Normal | F98: Pending | I98: Pending | L98: Pending
A99: An_account_deactivated_before_its_first_google_sign_in_is_refused_as_deactivated
A100: UTC048 | B100: 1. GoogleSignInService runs in process; its dependencies are fakes or stubs. 2. user = NewGoogleUser(googleSubjectId: null, isActive: false). 3. _google.WithValidToken(IdToken, GoogleSubject, GoogleEmail). 4. _users.WithUser(user).WithCapabilities(BuiltInRoles.Secretary, Capability.MinutesEditor). | C100: IdToken | D100: Return: GoogleSignInOutcome.AccountDeactivated Exception: N/A Log Message: N/A | E100: Abnormal | F100: Pending | I100: Pending | L100: Pending
A101: A_deactivated_account_linked_to_another_google_identity_stays_not_linked
A102: UTC049 | B102: 1. GoogleSignInService runs in process; its dependencies are fakes or stubs. 2. _google.WithValidToken(IdToken, "sub-cua-nguoi-khac", GoogleEmail). 3. _users.WithUser(NewGoogleUser(isActive: false)) .WithCapabilities(BuiltInRoles.Secretary, Capability.MinutesEditor). | C102: IdToken | D102: Return: GoogleSignInOutcome.NotLinked Exception: N/A Log Message: N/A | E102: Abnormal | F102: Pending | I102: Pending | L102: Pending
...

Sheet Calls
A2: Code Module | B2: Calls | T2: Passed
A3: Number of TCs | B3: =COUNTIF(A12:A62,"UTC*") -> 29 | T3: Failed
A4: Testing Round | B4: Passed | C4: Failed | D4: Pending | T4: Pending
A5: Round 1 | B5: =COUNTIF($F$12:$F$62,B$4) -> 0 | C5: =COUNTIF($F$12:$F$62,C$4) -> 0 | D5: =COUNTIF($F$12:$F$62,D$4) -> 29 | T5: N/A
A6: Round 2 | B6: =COUNTIF($I$12:$I$62,B$4) -> 0 | C6: =COUNTIF($I$12:$I$62,C$4) -> 0 | D6: =COUNTIF($I$12:$I$62,D$4) -> 29
A7: Round 3 | B7: =COUNTIF($L$12:$L$62,B$4) -> 0 | C7: =COUNTIF($L$12:$L$62,C$4) -> 0 | D7: =COUNTIF($L$12:$L$62,D$4) -> 29
A8: Testing Type | B8: Normal | C8: Abnormal | D8: Boundary | T8: N/A
A9: Count | B9: =COUNTIF($E$12:$E$62,B$8) -> 22 | C9: =COUNTIF($E$12:$E$62,C$8) -> 7 | D9: =COUNTIF($E$12:$E$62,D$8) -> 0
A11: Test Case ID | B11: Pre-conditions | C11: Input parameters | D11: Expected Results | E11: Type | F11: Round 1 | G11: Test date | H11: Tester | I11: Round 2 | J11: Test date | K11: Tester | L11: Round 3 | M11: Test date | N11: Tester | O11: Defect IDs | P11: Note
A12: Room_names_round_trip_and_reject_anything_else
A13: UTC001 | B13: 1. CallRoomService runs in process; its dependencies are fakes or stubs. | C13: N/A | D13: Return: 1. CallRoomNames.TryParseMeeting(CallRoomNames.ForMeeting(_meetingId), out var parsed): true 2. parsed: _meetingId 3. CallRoomNames.TryParseMeeting("direct-" + _meetingId, out _): false 4. CallRoomNames.TryParseMeeting("meeting-not-a-guid", out _): false 5. CallRoomNames.TryParseMeeting(null, out _): false Exception: N/A Log Message: N/A | E13: Abnormal | F13: Pending | I13: Pending | L13: Pending
A14: Room_status_follows_meeting_status_and_mode
A15: UTC002 | B15: 1. CallRoomService runs in process; its dependencies are fakes or stubs. | C15: status=MeetingStatus.InProgress; mode=MeetingMode.Online; expected=CallRoomStatus.Open | D15: Return: expected Exception: N/A Log Message: N/A | E15: Normal | F15: Pending | I15: Pending | L15: Pending
A16: UTC003 | B16: 1. CallRoomService runs in process; its dependencies are fakes or stubs. | C16: status=MeetingStatus.InProgress; mode=MeetingMode.Hybrid; expected=CallRoomStatus.Open | D16: Return: expected Exception: N/A Log Message: N/A | E16: Normal | F16: Pending | I16: Pending | L16: Pending
A17: UTC004 | B17: 1. CallRoomService runs in process; its dependencies are fakes or stubs. | C17: status=MeetingStatus.InProgress; mode=MeetingMode.InPerson; expected=CallRoomStatus.InPersonOnly | D17: Return: expected Exception: N/A Log Message: N/A | E17: Normal | F17: Pending | I17: Pending | L17: Pending
A18: UTC005 | B18: 1. CallRoomService runs in process; its dependencies are fakes or stubs. | C18: status=MeetingStatus.Published; mode=MeetingMode.Online; expected=CallRoomStatus.NotStarted | D18: Return: expected Exception: N/A Log Message: N/A | E18: Normal | F18: Pending | I18: Pending | L18: Pending
A19: UTC006 | B19: 1. CallRoomService runs in process; its dependencies are fakes or stubs. | C19: status=MeetingStatus.Ended; mode=MeetingMode.Online; expected=CallRoomStatus.Ended | D19: Return: expected Exception: N/A Log Message: N/A | E19: Normal | F19: Pending | I19: Pending | L19: Pending
A20: UTC007 | B20: 1. CallRoomService runs in process; its dependencies are fakes or stubs. | C20: status=MeetingStatus.Cancelled; mode=MeetingMode.Online; expected=CallRoomStatus.Cancelled | D20: Return: expected Exception: N/A Log Message: N/A | E20: Normal | F20: Pending | I20: Pending | L20: Pending
A21: UTC008 | B21: 1. CallRoomService runs in process; its dependencies are fakes or stubs. | C21: status=MeetingStatus.Cancelled; mode=MeetingMode.InPerson; expected=CallRoomStatus.InPersonOnly | D21: Return: expected Exception: N/A Log Message: N/A | E21: Normal | F21: Pending | I21: Pending | L21: Pending
A22: Join_issues_a_token_for_the_callers_own_identity_and_the_meetings_room
A23: UTC009 | B23: 1. CallRoomService runs in process; its dependencies are fakes or stubs. | C23: _meetingId; _chair | D23: Return: CallOutcome.Success Exception: N/A Log Message: N/A | E23: Normal | F23: Pending | I23: Pending | L23: Pending
A24: Join_is_refused_in_order_not_invited_in_person_not_open_not_configured
A25: UTC010 | B25: 1. CallRoomService runs in process; its dependencies are fakes or stubs. | C25: _meetingId; _member | D25: Return: 1. (Service.JoinAsync(_meetingId, _member)).Outcome: CallOutcome.NotFound 2. (Service.JoinAsync(_meetingId, _member)).Outcome: CallOutcome.InPersonMeeting 3. (Service.JoinAsync(_meetingId, _member)).Outcome: CallOutcome.RoomNotOpen 4. (Service.JoinAsync(_meetingId, _member)).Outcome: CallOutcome.NotConfigured 5. _liveKit.LastTicket: null Exception: N/A Log Message: N/A | E25: Abnormal | F25: Pending | I25: Pending | L25: Pending
A26: Database_failure_on_join_is_read_failed
A27: UTC011 | B27: 1. CallRoomService runs in process; its dependencies are fakes or stubs. | C27: _meetingId; _member | D27: Return: CallOutcome.ReadFailed Exception: N/A Log Message: N/A | E27: Abnormal | F27: Pending | I27: Pending | L27: Pending
A28: Room_view_counts_people_in_the_room_and_survives_livekit_being_down
A29: UTC012 | B29: 1. CallRoomService runs in process; its dependencies are fakes or stubs. | C29: Room; _chair | D29: Return: 1. Status: CallRoomStatus.Open 2. ParticipantCount: 1 Exception: N/A Log Message: N/A | E29: Normal | F29: Pending | I29: Pending | L29: Pending
A30: Chair_mutes_a_live_microphone_and_nobody_else_may
A31: UTC013 | B31: 1. CallRoomService runs in process; its dependencies are fakes or stubs. | C31: Room; _member; new RoomTrack("TR_mic", CallTrackSource.Microphone, Muted: false) | D31: Return: 1. Service.MuteAsync(_meetingId, _member, _chair): CallOutcome.NotChair 2. _liveKit.Muted: empty 3. Service.MuteAsync(_meetingId, _chair, _member): CallOutcome.Success 4. Assert.Single(_liveKit.Muted): (Room, _member.ToString("D"), "TR_mic") Exception: N/A Log Message: N/A | E31: Normal | F31: Pending | I31: Pending | L31: Pending
A32: Muting_someone_absent_or_already_muted
A33: UTC014 | B33: 1. CallRoomService runs in process; its dependencies are fakes or stubs. | C33: _meetingId; _chair; MeetingRole.Chair | D33: Return: 1. Service.MuteAsync(_meetingId, _chair, _member): CallOutcome.TargetNotInRoom 2. Service.MuteAsync(_meetingId, _chair, _member): CallOutcome.Success 3. _liveKit.Muted: empty 4. Service.MuteAsync(_meetingId, _chair, _member): CallOutcome.ProviderFailed Exception: N/A Log Message: N/A | E33: Normal | F33: Pending | I33: Pending | L33: Pending
A34: Repeated_join_webhooks_open_one_stint_and_leave_closes_it
A35: UTC015 | B35: 1. CallRoomService runs in process; its dependencies are fakes or stubs. 2. joinedAt = DateTimeOffset.UtcNow.AddMinutes(-3). | C35: joined | D35: Return: 1. _calls.Sessions: exactly one item 2. session.StartedById: _member 3. _calls.Stints: exactly one item 4. stint.JoinedAt: joinedAt 5. stint.LeftAt: not null 6. session.Status: CallStatus.Ended Exception: N/A Log Message: N/A | E35: Normal | F35: Pending | I35: Pending | L35: Pending
A36: Joining_a_closed_room_with_an_old_ticket_closes_it_again_at_once
A37: UTC016 | B37: 1. CallRoomService runs in process; its dependencies are fakes or stubs. | C37: status=MeetingStatus.Ended; mode=MeetingMode.Online | D37: Return: 1. Assert.Single(_liveKit.Deleted): Room 2. Assert.Single(_calls.Sessions).Status: CallStatus.Ended 3. Assert.Single(_calls.Stints).LeftAt: not null Exception: N/A Log Message: N/A | E37: Normal | F37: Pending | I37: Pending | L37: Pending
A38: UTC017 | B38: 1. CallRoomService runs in process; its dependencies are fakes or stubs. | C38: status=MeetingStatus.InProgress; mode=MeetingMode.InPerson | D38: Return: 1. Assert.Single(_liveKit.Deleted): Room 2. Assert.Single(_calls.Sessions).Status: CallStatus.Ended 3. Assert.Single(_calls.Stints).LeftAt: not null Exception: N/A Log Message: N/A | E38: Normal | F38: Pending | I38: Pending | L38: Pending
A39: Joining_an_open_room_leaves_it_open
A40: UTC018 | B40: 1. CallRoomService runs in process; its dependencies are fakes or stubs. | C40: Webhook("participant_joined", _member) | D40: Return: 1. _liveKit.Deleted: empty 2. Assert.Single(_calls.Sessions).Status: CallStatus.Active Exception: N/A Log Message: N/A | E40: Normal | F40: Pending | I40: Pending | L40: Pending
A41: Webhooks_for_other_rooms_or_synthetic_identities_are_ignored
A42: UTC019 | B42: 1. CallRoomService runs in process; its dependencies are fakes or stubs. | C42: Webhook("participant_joined", _member) with { RoomName = "direct-x" } | D42: Return: empty Exception: N/A Log Message: N/A | E42: Normal | F42: Pending | I42: Pending | L42: Pending
A43: A_new_screen_share_mutes_the_previous_presenter
A44: UTC020 | B44: 1. CallRoomService runs in process; its dependencies are fakes or stubs. | C44: Webhook("track_published", _member) with { TrackSource = CallTrackSou… | D44: Return: (Room, _chair.ToString("D"), "TR_old") Exception: N/A Log Message: N/A | E44: Normal | F44: Pending | I44: Pending | L44: Pending
A45: Reconcile_closes_the_room_of_a_meeting_that_ended
A46: UTC021 | B46: 1. CallRoomService runs in process; its dependencies are fakes or stubs. 2. _calls.MeetingStatusOverride[_meetingId] = MeetingStatus.Ended. | C46: Webhook("participant_joined", _member) | D46: Return: 1. _liveKit.Deleted: contains Room 2. Assert.Single(_calls.Sessions).Status: CallStatus.Ended 3. Assert.Single(_calls.Stints).LeftAt: not null Exception: N/A Log Message: N/A | E46: Normal | F46: Pending | I46: Pending | L46: Pending
A47: Reconcile_removes_people_no_longer_allowed_and_repairs_lost_webhooks
A48: UTC022 | B48: 1. CallRoomService runs in process; its dependencies are fakes or stubs. | C48: Webhook("participant_joined", _chair) | D48: Return: 1. Assert.Single(_liveKit.Removed): (Room, intruder.ToString("D")) 2. s => s.UserId == lostJoin && s.LeftAt == null: contains _calls.Stints 3. _calls.Stints.Single(s => s.UserId == _chair).LeftAt: not null Exception: N/A Log Message: N/A | E48: Abnormal | F48: Pending | I48: Pending | L48: Pending
A49: Reconcile_leaves_synthetic_participants_alone_when_roster_is_not_enforced
A50: UTC023 | B50: 1. CallRoomService runs in process; its dependencies are fakes or stubs. 2. _options.EnforceRoster = false. | C50: Webhook("participant_joined", _member) | D50: Return: empty Exception: N/A Log Message: N/A | E50: Normal | F50: Pending | I50: Pending | L50: Pending
A51: A_room_nobody_invited_is_in_is_closed_unless_the_roster_is_not_enforced
A52: UTC024 | B52: 1. CallRoomService runs in process; its dependencies are fakes or stubs. 2. _options.EnforceRoster = false. | C52: N/A | D52: Return: 1. _liveKit.Deleted: empty 2. _liveKit.Deleted: contains Room Exception: N/A Log Message: N/A | E52: Normal | F52: Pending | I52: Pending | L52: Pending
A53: A_newer_server_payload_with_unknown_fields_still_parses
A54: UTC025 | B54: 1. LiveKitWebhookParsing runs in process; its dependencies are fakes or stubs. | C54: body; Sign(body) | D54: Return: 1. webhook: not null 2. webhook.Event: "room_finished" 3. webhook.RoomName: "meeting-0192f5c4-8a4e-7d2b-9c1a-3f6e5d4c3b2a" 4. webhook.CreatedAt: DateTimeOffset.FromUnixTimeSeconds(1790732822) Exception: N/A Log Message: N/A | E54: Abnormal | F54: Pending | I54: Pending | L54: Pending
A55: Participant_and_track_fields_are_mapped
A56: UTC026 | B56: 1. LiveKitWebhookParsing runs in process; its dependencies are fakes or stubs. | C56: body; Sign(body) | D56: Return: 1. webhook.ParticipantIdentity: "0192f5c4-0000-7000-8000-000000000001" 2. webhook.ParticipantJoinedAt: DateTimeOffset.FromUnixTimeSeconds(1790732700) 3. webhook.TrackSid: "TR_1" 4. webhook.TrackSource: CallTrackSource.ScreenShare Exception: N/A Log Message: N/A | E56: Normal | F56: Pending | I56: Pending | L56: Pending
A57: A_body_changed_after_signing_is_rejected
A58: UTC027 | B58: 1. LiveKitWebhookParsing runs in process; its dependencies are fakes or stubs. 2. body[10] ^= 1. | C58: body | D58: Return: null Exception: N/A Log Message: N/A | E58: Abnormal | F58: Pending | I58: Pending | L58: Pending
A59: A_header_signed_with_another_secret_or_missing_is_rejected
A60: UTC028 | B60: 1. LiveKitWebhookParsing runs in process; its dependencies are fakes or stubs. | C60: RoomFinished | D60: Return: 1. Gateway().ReadWebhook(body, Sign(body, secret: "mot-khoa-khac-hoan-toan-du-32-ky-tu")): null 2. Gateway().ReadWebhook(body, null): null 3. Gateway().ReadWebhook(body, "Bearer " + Sign(body)[..10]): null Exception: N/A Log Message: N/A | E60: Abnormal | F60: Pending | I60: Pending | L60: Pending
A61: Nothing_is_accepted_while_livekit_is_not_configured
A62: UTC029 | B62: 1. LiveKitWebhookParsing runs in process; its dependencies are fakes or stubs. 2. gateway = new LiveKitGateway(Options.Create(new LiveKitOptions()), new NoHttp()). | C62: RoomFinished | D62: Return: 1. gateway.IsConfigured: false 2. gateway.ReadWebhook(body, Sign(body)): null Exception: N/A Log Message: N/A | E62: Normal | F62: Pending | I62: Pending | L62: Pending

Sheet Documents
A2: Code Module | B2: Documents | T2: Passed
A3: Number of TCs | B3: =COUNTIF(A12:A39,"UTC*") -> 19 | T3: Failed
A4: Testing Round | B4: Passed | C4: Failed | D4: Pending | T4: Pending
A5: Round 1 | B5: =COUNTIF($F$12:$F$39,B$4) -> 0 | C5: =COUNTIF($F$12:$F$39,C$4) -> 0 | D5: =COUNTIF($F$12:$F$39,D$4) -> 19 | T5: N/A
A6: Round 2 | B6: =COUNTIF($I$12:$I$39,B$4) -> 0 | C6: =COUNTIF($I$12:$I$39,C$4) -> 0 | D6: =COUNTIF($I$12:$I$39,D$4) -> 19
A7: Round 3 | B7: =COUNTIF($L$12:$L$39,B$4) -> 0 | C7: =COUNTIF($L$12:$L$39,C$4) -> 0 | D7: =COUNTIF($L$12:$L$39,D$4) -> 19
A8: Testing Type | B8: Normal | C8: Abnormal | D8: Boundary | T8: N/A
A9: Count | B9: =COUNTIF($E$12:$E$39,B$8) -> 9 | C9: =COUNTIF($E$12:$E$39,C$8) -> 3 | D9: =COUNTIF($E$12:$E$39,D$8) -> 7
A11: Test Case ID | B11: Pre-conditions | C11: Input parameters | D11: Expected Results | E11: Type | F11: Round 1 | G11: Test date | H11: Tester | I11: Round 2 | J11: Test date | K11: Tester | L11: Round 3 | M11: Test date | N11: Tester | O11: Defect IDs | P11: Note
A12: Pdf_and_docx_are_recognised_by_their_bytes
A13: UTC001 | B13: 1. DocumentFileRules runs in process; its dependencies are fakes or stubs. | C13: N/A | D13: Return: 1. Detect(SampleFiles.Pdf()): DocumentFileRules.PdfContentType 2. Detect(SampleFiles.Docx()): DocumentFileRules.DocxContentType Exception: N/A Log Message: N/A | E13: Normal | F13: Pending | I13: Pending | L13: Pending
A14: Docx_follows_the_package_rules_not_just_what_word_writes
A15: UTC002 | B15: 1. DocumentFileRules runs in process; its dependencies are fakes or stubs. | C15: N/A | D15: Return: 1. Detect(SampleFiles.Docx(byExtension: true)): DocumentFileRules.DocxContentType 2. Detect(SampleFiles.Docx(mainPart: "word/document2.xml")): DocumentFileRules.DocxContentType 3. Detect(SampleFiles.Docx(strict: true)): DocumentFileRules.DocxContentType 4. Detect(SampleFiles.Docx(withRelationship: false)): null 5. Detect(SampleFiles.Docx("application/vnd.ms-word.document.macroEnabled.main+xml", byExtension: true)): null 6. Detect(SampleFiles.Docx("application/vnd.ms-word.document.macroEnabled.main+xml", extraTypes: $"<Default Extension=\"xml\" ContentType=\"{SampleFiles.DocxMain}\"/>")): null Exception: N/A Log Message: N/A | E15: Normal | F15: Pending | I15: Pending | L15: Pending
A16: Everything_else_is_rejected
A17: UTC003 | B17: 1. DocumentFileRules runs in process; its dependencies are fakes or stubs. | C17: N/A | D17: Return: 1. Detect(SampleFiles.Png()): null 2. Detect([.. new byte[1], .. SampleFiles.Pdf()]): null 3. Detect("<html><script>alert(1)</script><!-- %PDF-1.4 -->"u8.ToArray()): null 4. Detect(SampleFiles.Docx("application/vnd.ms-word.document.macroEnabled.main+xml", extraTypes: $"<!-- {SampleFiles.DocxMain} --><Override PartName=\"/x.xml\" ContentType=\"{SampleFiles.DocxMain}\"/>")): null 5. Detect(SampleFiles.Docx(padding: 5001)): null 6. Detect(SampleFiles.Docx(padding: 100)): DocumentFileRules.DocxContentType 7. … and 5 more Exception: N/A Log Message: N/A | E17: Abnormal | F17: Pending | I17: Pending | L17: Pending
A18: File_names_keep_only_the_last_segment
A19: UTC004 | B19: 1. DocumentFileRules runs in process; its dependencies are fakes or stubs. | C19: input="C:\\Users\\me\\Báo cáo.pdf"; expected="Báo cáo.pdf" | D19: Return: expected Exception: N/A Log Message: N/A | E19: Boundary | F19: Pending | I19: Pending | L19: Pending
A20: UTC005 | B20: 1. DocumentFileRules runs in process; its dependencies are fakes or stubs. | C20: input=" thư mục/tờ trình.docx "; expected="tờ trình.docx" | D20: Return: expected Exception: N/A Log Message: N/A | E20: Boundary | F20: Pending | I20: Pending | L20: Pending
A21: UTC006 | B21: 1. DocumentFileRules runs in process; its dependencies are fakes or stubs. | C21: input=""; expected=null | D21: Return: expected Exception: N/A Log Message: N/A | E21: Boundary | F21: Pending | I21: Pending | L21: Pending
A22: UTC007 | B22: 1. DocumentFileRules runs in process; its dependencies are fakes or stubs. | C22: input="a/"; expected=null | D22: Return: expected Exception: N/A Log Message: N/A | E22: Boundary | F22: Pending | I22: Pending | L22: Pending
A23: UTC008 | B23: 1. DocumentFileRules runs in process; its dependencies are fakes or stubs. | C23: input="tab\there.pdf"; expected=null | D23: Return: expected Exception: N/A Log Message: N/A | E23: Boundary | F23: Pending | I23: Pending | L23: Pending
A24: UTC009 | B24: 1. DocumentFileRules runs in process; its dependencies are fakes or stubs. | C24: input="Bao cao‮xcod.pdf"; expected=null | D24: Return: expected Exception: N/A Log Message: N/A | E24: Boundary | F24: Pending | I24: Pending | L24: Pending
A25: UTC010 | B25: 1. DocumentFileRules runs in process; its dependencies are fakes or stubs. | C25: input="a​b.pdf"; expected=null | D25: Return: expected Exception: N/A Log Message: N/A | E25: Boundary | F25: Pending | I25: Pending | L25: Pending
A26: A_256_character_file_name_is_too_long
A27: UTC011 | B27: 1. DocumentFileRules runs in process; its dependencies are fakes or stubs. | C27: new string('a', 251) + ".pdf" | D27: Return: 1. DocumentFileRules.NormalizeFileName(new string('a', 251) + ".pdf"): not null 2. DocumentFileRules.NormalizeFileName(new string('a', 252) + ".pdf"): null Exception: N/A Log Message: N/A | E27: Abnormal | F27: Pending | I27: Pending | L27: Pending
A28: Folder_date_is_the_planned_start_in_vietnam_time
A29: UTC012 | B29: 1. DocumentFileRules runs in process; its dependencies are fakes or stubs. | C29: meeting | D29: Return: 1. DocumentFileRules.UploadFolderName(meeting): "Họp – 24/10/2026" 2. DocumentFileRules.UploadFolderName(meeting): "Họp – 23/10/2026" Exception: N/A Log Message: N/A | E29: Normal | F29: Pending | I29: Pending | L29: Pending
A30: The_name_must_be_pdf_or_docx_and_agree_with_the_bytes
A31: UTC013 | B31: 1. DocumentFileRules runs in process; its dependencies are fakes or stubs. | C31: name="poly.html"; pdfBytes=true | D31: Return: name == "BAO-CAO.PDF" ? DocumentUploadFailure.None : DocumentUploadFailure.Invalid Exception: N/A Log Message: N/A | E31: Normal | F31: Pending | I31: Pending | L31: Pending
A32: UTC014 | B32: 1. DocumentFileRules runs in process; its dependencies are fakes or stubs. | C32: name="x.pdf.exe"; pdfBytes=true | D32: Return: name == "BAO-CAO.PDF" ? DocumentUploadFailure.None : DocumentUploadFailure.Invalid Exception: N/A Log Message: N/A | E32: Normal | F32: Pending | I32: Pending | L32: Pending
A33: UTC015 | B33: 1. DocumentFileRules runs in process; its dependencies are fakes or stubs. | C33: name=".."; pdfBytes=true | D33: Return: name == "BAO-CAO.PDF" ? DocumentUploadFailure.None : DocumentUploadFailure.Invalid Exception: N/A Log Message: N/A | E33: Normal | F33: Pending | I33: Pending | L33: Pending
A34: UTC016 | B34: 1. DocumentFileRules runs in process; its dependencies are fakes or stubs. | C34: name="du-thao.pdf"; pdfBytes=false | D34: Return: name == "BAO-CAO.PDF" ? DocumentUploadFailure.None : DocumentUploadFailure.Invalid Exception: N/A Log Message: N/A | E34: Normal | F34: Pending | I34: Pending | L34: Pending
A35: UTC017 | B35: 1. DocumentFileRules runs in process; its dependencies are fakes or stubs. | C35: name="BAO-CAO.PDF"; pdfBytes=true | D35: Return: name == "BAO-CAO.PDF" ? DocumentUploadFailure.None : DocumentUploadFailure.Invalid Exception: N/A Log Message: N/A | E35: Normal | F35: Pending | I35: Pending | L35: Pending
A36: Total_size_over_200_MB_is_checked_before_any_file_is_read
A37: UTC018 | B37: 1. DocumentFileRules runs in process; its dependencies are fakes or stubs. | C37: 0; 5 | D37: Return: 1. (DocumentFileRules.ValidateAsync(five, default)).Failure: DocumentUploadFailure.TooMany 2. (DocumentFileRules.ValidateAsync(exactly, default)).Failure: not DocumentUploadFailure.TooMany Exception: N/A Log Message: N/A | E37: Normal | F37: Pending | I37: Pending | L37: Pending
A38: Every_bad_file_is_reported_and_page_counts_are_kept_for_pdf_only
A39: UTC019 | B39: 1. DocumentFileRules runs in process; its dependencies are fakes or stubs. | C39: [ new("ok.pdf", 10, () => new MemoryStream(SampleFiles.Pdf()), "4"),…; default | D39: Return: 1. Failure: DocumentUploadFailure.Invalid 2. Errors.Keys.Order(): ["files[1]", "files[2]"] Exception: N/A Log Message: N/A | E39: Abnormal | F39: Pending | I39: Pending | L39: Pending

Sheet Email
A2: Code Module | B2: Email | T2: Passed
A3: Number of TCs | B3: =COUNTIF(A12:A67,"UTC*") -> 34 | T3: Failed
A4: Testing Round | B4: Passed | C4: Failed | D4: Pending | T4: Pending
A5: Round 1 | B5: =COUNTIF($F$12:$F$67,B$4) -> 0 | C5: =COUNTIF($F$12:$F$67,C$4) -> 0 | D5: =COUNTIF($F$12:$F$67,D$4) -> 34 | T5: N/A
A6: Round 2 | B6: =COUNTIF($I$12:$I$67,B$4) -> 0 | C6: =COUNTIF($I$12:$I$67,C$4) -> 0 | D6: =COUNTIF($I$12:$I$67,D$4) -> 34
A7: Round 3 | B7: =COUNTIF($L$12:$L$67,B$4) -> 0 | C7: =COUNTIF($L$12:$L$67,C$4) -> 0 | D7: =COUNTIF($L$12:$L$67,D$4) -> 34
A8: Testing Type | B8: Normal | C8: Abnormal | D8: Boundary | T8: N/A
A9: Count | B9: =COUNTIF($E$12:$E$67,B$8) -> 20 | C9: =COUNTIF($E$12:$E$67,C$8) -> 14 | D9: =COUNTIF($E$12:$E$67,D$8) -> 0
A11: Test Case ID | B11: Pre-conditions | C11: Input parameters | D11: Expected Results | E11: Type | F11: Round 1 | G11: Test date | H11: Tester | I11: Round 2 | J11: Test date | K11: Tester | L11: Round 3 | M11: Test date | N11: Tester | O11: Defect IDs | P11: Note
A12: Processing_uses_fresh_scopes_without_legacy_reconciliation
A13: UTC001 | B13: 1. EmailDeliveryWorker runs in process; its dependencies are fakes or stubs. 2. probe = new WorkerProbe(). | C13: CancellationToken.None | D13: Return: 1. firstResult.Outcome: EmailProcessingOutcome.NoWork 2. secondResult.Outcome: EmailProcessingOutcome.NoWork Exception: N/A Log Message: N/A | E13: Normal | F13: Pending | I13: Pending | L13: Pending
A14: Host_cancellation_stops_processing
A15: UTC002 | B15: 1. EmailDeliveryWorker runs in process; its dependencies are fakes or stubs. 2. probe = new WorkerProbe(). 3. cancellation = new CancellationTokenSource(). | C15: N/A | D15: Return: 0 Exception: OperationCanceledException Log Message: N/A | E15: Normal | F15: Pending | I15: Pending | L15: Pending
A16: Dispatch_failure_does_not_block_queued_email_and_uses_fresh_scope
A17: UTC003 | B17: 1. EmailDeliveryWorker runs in process; its dependencies are fakes or stubs. 2. probe = new WorkerProbe(). 3. dispatchScopes = new List<object>(). | C17: default | D17: Return: 1. probe.ProcessingCalls: 2 2. dispatchScopes.Distinct().Count(): 2 3. probe.ProcessingScopes: does not contain dispatchScopes[0] Exception: N/A Log Message: N/A | E17: Abnormal | F17: Pending | I17: Pending | L17: Pending
A18: Dispatch_host_cancellation_propagates_without_sending_email
A19: UTC004 | B19: 1. EmailDeliveryWorker runs in process; its dependencies are fakes or stubs. 2. probe = new WorkerProbe(). 3. cancellation = new CancellationTokenSource(). | C19: N/A | D19: Return: 0 Exception: OperationCanceledException Log Message: N/A | E19: Normal | F19: Pending | I19: Pending | L19: Pending
A20: Sends_the_link_to_the_registered_address
A21: UTC005 | B21: 1. PasswordResetEmailSender runs in process; its dependencies are fakes or stubs. | C21: "thanhvien@trustcabinet.local"; "Lê Thành Viên"; Token; TimeSpan.FromMinutes(60) | D21: Return: true Exception: N/A Log Message: N/A | E21: Normal | F21: Pending | I21: Pending | L21: Pending
A22: The_token_travels_in_the_fragment_not_the_query_string
A23: UTC006 | B23: 1. PasswordResetEmailSender runs in process; its dependencies are fakes or stubs. | C23: "https://trustcabinet.example"; Token | D23: Return: 1. link: "https://trustcabinet.example/reset-password#token=" + Token 2. link: does not contain "?" Exception: N/A Log Message: N/A | E23: Normal | F23: Pending | I23: Pending | L23: Pending
A24: An_undeliverable_domain_is_a_failed_send_without_reaching_smtp
A25: UTC007 | B25: 1. PasswordResetEmailSender runs in process; its dependencies are fakes or stubs. | C25: "thanhvien@trustcabinet.local"; "Lê Thành Viên"; Token; TimeSpan.FromMinutes(60) | D25: Return: false Exception: N/A Log Message: N/A | E25: Abnormal | F25: Pending | I25: Pending | L25: Pending
A26: Disabled_email_delivery_is_a_failed_send
A27: UTC008 | B27: 1. PasswordResetEmailSender runs in process; its dependencies are fakes or stubs. | C27: "thanhvien@trustcabinet.local"; "Lê Thành Viên"; Token; TimeSpan.FromMinutes(60) | D27: Return: false Exception: N/A Log Message: N/A | E27: Abnormal | F27: Pending | I27: Pending | L27: Pending
A28: A_server_error_is_a_failed_send_not_an_exception
A29: UTC009 | B29: 1. PasswordResetEmailSender runs in process; its dependencies are fakes or stubs. 2. _smtp.Throws = new IOException("Connection refused"). | C29: "thanhvien@trustcabinet.local"; "Lê Thành Viên"; Token; TimeSpan.FromMinutes(60) | D29: Return: false Exception: N/A Log Message: N/A | E29: Abnormal | F29: Pending | I29: Pending | L29: Pending
A30: A_server_that_never_answers_is_a_failed_send_after_the_timeout
A31: UTC010 | B31: 1. PasswordResetEmailSender runs in process; its dependencies are fakes or stubs. 2. _smtp.Hangs = true. | C31: "thanhvien@trustcabinet.local"; "Lê Thành Viên"; Token; TimeSpan.FromMinutes(60) | D31: Return: false Exception: N/A Log Message: N/A | E31: Abnormal | F31: Pending | I31: Pending | L31: Pending
A32: A_cancelled_request_is_not_reported_as_a_failed_send
A33: UTC011 | B33: 1. PasswordResetEmailSender runs in process; its dependencies are fakes or stubs. 2. cancelled = new CancellationTokenSource(). 3. _smtp.Throws = new OperationCanceledException(cancelled.Token). | C33: N/A | D33: Return: N/A Exception: OperationCanceledException Log Message: N/A | E33: Abnormal | F33: Pending | I33: Pending | L33: Pending
A34: Posts_the_message_with_the_key_an_idempotency_key_and_a_user_agent
A35: UTC012 | B35: 1. ResendEmailSender runs in process; its dependencies are fakes or stubs. | C35: message | D35: Return: "4ef9a417-02e9-4d39-ad75-9611e0fcc33c" Exception: N/A Log Message: N/A | E35: Normal | F35: Pending | I35: Pending | L35: Pending
A36: A_message_without_a_calendar_sends_no_attachments_field
A37: UTC013 | B37: 1. ResendEmailSender runs in process; its dependencies are fakes or stubs. | C37: Invitation() | D37: Return: 1. _handler.Requests: exactly one item 2. body.RootElement.TryGetProperty("attachments", out _): false Exception: N/A Log Message: N/A | E37: Normal | F37: Pending | I37: Pending | L37: Pending
A38: A_refused_message_is_a_permanent_failure
A39: UTC014 | B39: 1. ResendEmailSender runs in process; its dependencies are fakes or stubs. | C39: status=HttpStatusCode.BadRequest | D39: Return: contains "validation_error" Exception: PermanentEmailFailureException Log Message: N/A | E39: Abnormal | F39: Pending | I39: Pending | L39: Pending
A40: UTC015 | B40: 1. ResendEmailSender runs in process; its dependencies are fakes or stubs. | C40: status=HttpStatusCode.UnprocessableEntity | D40: Return: contains "validation_error" Exception: PermanentEmailFailureException Log Message: N/A | E40: Abnormal | F40: Pending | I40: Pending | L40: Pending
A41: An_account_or_service_problem_is_retried
A42: UTC016 | B42: 1. ResendEmailSender runs in process; its dependencies are fakes or stubs. | C42: status=HttpStatusCode.Unauthorized | D42: Return: status Exception: HttpRequestException Log Message: N/A | E42: Normal | F42: Pending | I42: Pending | L42: Pending
A43: UTC017 | B43: 1. ResendEmailSender runs in process; its dependencies are fakes or stubs. | C43: status=HttpStatusCode.Forbidden | D43: Return: status Exception: HttpRequestException Log Message: N/A | E43: Normal | F43: Pending | I43: Pending | L43: Pending
A44: UTC018 | B44: 1. ResendEmailSender runs in process; its dependencies are fakes or stubs. | C44: status=HttpStatusCode.Conflict | D44: Return: status Exception: HttpRequestException Log Message: N/A | E44: Normal | F44: Pending | I44: Pending | L44: Pending
A45: UTC019 | B45: 1. ResendEmailSender runs in process; its dependencies are fakes or stubs. | C45: status=HttpStatusCode.TooManyRequests | D45: Return: status Exception: HttpRequestException Log Message: N/A | E45: Normal | F45: Pending | I45: Pending | L45: Pending
A46: UTC020 | B46: 1. ResendEmailSender runs in process; its dependencies are fakes or stubs. | C46: status=HttpStatusCode.InternalServerError | D46: Return: status Exception: HttpRequestException Log Message: N/A | E46: Normal | F46: Pending | I46: Pending | L46: Pending
A47: UTC021 | B47: 1. ResendEmailSender runs in process; its dependencies are fakes or stubs. | C47: status=HttpStatusCode.ServiceUnavailable | D47: Return: status Exception: HttpRequestException Log Message: N/A | E47: Normal | F47: Pending | I47: Pending | L47: Pending
A48: A_correct_signature_is_accepted
A49: UTC022 | B49: 1. ResendWebhookReceiver runs in process; its dependencies are fakes or stubs. | C49: N/A | D49: Return: true Exception: N/A Log Message: N/A | E49: Normal | F49: Pending | I49: Pending | L49: Pending
A50: One_matching_entry_among_several_is_enough
A51: UTC023 | B51: 1. ResendWebhookReceiver runs in process; its dependencies are fakes or stubs. | C51: Secret; "msg_1"; timestamp; Body | D51: Return: true Exception: N/A Log Message: N/A | E51: Normal | F51: Pending | I51: Pending | L51: Pending
A52: A_changed_body_id_or_secret_is_rejected
A53: UTC024 | B53: 1. ResendWebhookReceiver runs in process; its dependencies are fakes or stubs. | C53: Encoding.UTF8.GetBytes("another-secret-another-secret!!!") | D53: Return: 1. ResendWebhookReceiver.IsSigned( Secret, "msg_1", timestamp, signature, Encoding.UTF8.GetBytes("""{"type":"email.bounced"}"""), Now): false 2. ResendWebhookReceiver.IsSigned(Secret, "msg_2", timestamp, signature, Body, Now): false 3. ResendWebhookReceiver.IsSigned(otherSecret, "msg_1", timestamp, signature, Body, Now): false Exception: N/A Log Message: N/A | E53: Abnormal | F53: Pending | I53: Pending | L53: Pending
A54: A_replayed_request_outside_the_window_is_rejected
A55: UTC025 | B55: 1. ResendWebhookReceiver runs in process; its dependencies are fakes or stubs. | C55: Secret; "msg_1"; stale; Sign(Secret, "msg_1", stale, Body); Body; Now | D55: Return: false Exception: N/A Log Message: N/A | E55: Abnormal | F55: Pending | I55: Pending | L55: Pending
A56: Missing_or_garbled_headers_are_rejected
A57: UTC026 | B57: 1. ResendWebhookReceiver runs in process; its dependencies are fakes or stubs. | C57: id=null; timestamp="1"; signature="v1,abc" | D57: Return: false Exception: N/A Log Message: N/A | E57: Abnormal | F57: Pending | I57: Pending | L57: Pending
A58: UTC027 | B58: 1. ResendWebhookReceiver runs in process; its dependencies are fakes or stubs. | C58: id="msg_1"; timestamp="not-a-number"; signature="v1,abc" | D58: Return: false Exception: N/A Log Message: N/A | E58: Abnormal | F58: Pending | I58: Pending | L58: Pending
A59: UTC028 | B59: 1. ResendWebhookReceiver runs in process; its dependencies are fakes or stubs. | C59: id="msg_1"; timestamp="1"; signature=null | D59: Return: false Exception: N/A Log Message: N/A | E59: Abnormal | F59: Pending | I59: Pending | L59: Pending
A60: UTC029 | B60: 1. ResendWebhookReceiver runs in process; its dependencies are fakes or stubs. | C60: id="msg_1"; timestamp="1"; signature="v1,***not-base64***" | D60: Return: false Exception: N/A Log Message: N/A | E60: Abnormal | F60: Pending | I60: Pending | L60: Pending
A61: A_bounce_carries_its_reason_and_the_row_id_from_the_tag
A62: UTC030 | B62: 1. ResendWebhookReceiver runs in process; its dependencies are fakes or stubs. | C62: Encoding.UTF8.GetBytes($$""" { "type": "email.bounced", "created_at":… | D62: Return: 1. report: not null 2. State: EmailDeliveryState.Bounced 3. EmailId: "4ef9a417-02e9-4d39-ad75-9611e0fcc33c" 4. RowId: rowId 5. OccurredAt: new DateTimeOffset(2026, 10, 27, 8, 0, 5, TimeSpan.Zero) 6. Detail: "Permanent General 550 5.1.1 user unknown" Exception: N/A Log Message: N/A | E62: Normal | F62: Pending | I62: Pending | L62: Pending
A63: Events_the_app_does_not_track_are_ignored
A64: UTC031 | B64: 1. ResendWebhookReceiver runs in process; its dependencies are fakes or stubs. | C64: type="email.sent" | D64: Return: null Exception: N/A Log Message: N/A | E64: Normal | F64: Pending | I64: Pending | L64: Pending
A65: UTC032 | B65: 1. ResendWebhookReceiver runs in process; its dependencies are fakes or stubs. | C65: type="email.opened" | D65: Return: null Exception: N/A Log Message: N/A | E65: Normal | F65: Pending | I65: Pending | L65: Pending
A66: UTC033 | B66: 1. ResendWebhookReceiver runs in process; its dependencies are fakes or stubs. | C66: type="email.clicked" | D66: Return: null Exception: N/A Log Message: N/A | E66: Normal | F66: Pending | I66: Pending | L66: Pending
A67: UTC034 | B67: 1. ResendWebhookReceiver runs in process; its dependencies are fakes or stubs. | C67: type="domain.updated" | D67: Return: null Exception: N/A Log Message: N/A | E67: Normal | F67: Pending | I67: Pending | L67: Pending

Sheet Meetings
A2: Code Module | B2: Meetings | T2: Passed
A3: Number of TCs | B3: =COUNTIF(A12:A323,"UTC*") -> 207 | T3: Failed
A4: Testing Round | B4: Passed | C4: Failed | D4: Pending | T4: Pending
A5: Round 1 | B5: =COUNTIF($F$12:$F$323,B$4) -> 0 | C5: =COUNTIF($F$12:$F$323,C$4) -> 0 | D5: =COUNTIF($F$12:$F$323,D$4) -> 207 | T5: N/A
A6: Round 2 | B6: =COUNTIF($I$12:$I$323,B$4) -> 0 | C6: =COUNTIF($I$12:$I$323,C$4) -> 0 | D6: =COUNTIF($I$12:$I$323,D$4) -> 207
A7: Round 3 | B7: =COUNTIF($L$12:$L$323,B$4) -> 0 | C7: =COUNTIF($L$12:$L$323,C$4) -> 0 | D7: =COUNTIF($L$12:$L$323,D$4) -> 207
A8: Testing Type | B8: Normal | C8: Abnormal | D8: Boundary | T8: N/A
A9: Count | B9: =COUNTIF($E$12:$E$323,B$8) -> 86 | C9: =COUNTIF($E$12:$E$323,C$8) -> 104 | D9: =COUNTIF($E$12:$E$323,D$8) -> 17
A11: Test Case ID | B11: Pre-conditions | C11: Input parameters | D11: Expected Results | E11: Type | F11: Round 1 | G11: Test date | H11: Tester | I11: Round 2 | J11: Test date | K11: Tester | L11: Round 3 | M11: Test date | N11: Tester | O11: Defect IDs | P11: Note
A12: Delegate_is_not_added_by_reference_but_qualifies_with_own_active_non_delegated_row
A13: UTC001 | B13: 1. MeetingInvitationRecipientPolicy runs in process; its dependencies are fakes or stubs. 2. delegateUser = NewUser("delegate@trustcabinet.local"). 3. sourceParticipant = NewParticipant( meetingId, NewUser("source@trustcabinet.local"), InvitationResponse.Deleg…. 4. sourceParticipant.DelegatedToUserId = delegateUser.Id. | C13: participants | D13: Return: 1. MeetingInvitationRecipientPolicy.SelectSnapshot(participants): empty 2. Assert.Single(MeetingInvitationRecipientPolicy.SelectSnapshot(participants)).UserId: delegateUser.Id Exception: N/A Log Message: N/A | E13: Normal | F13: Pending | I13: Pending | L13: Pending
A14: Snapshot_excludes_inactive_users_and_duplicate_rows_by_user_id
A15: UTC002 | B15: 1. MeetingInvitationRecipientPolicy runs in process; its dependencies are fakes or stubs. 2. inactive = NewUser("inactive@trustcabinet.local", isActive: false). 3. active = NewUser("active@trustcabinet.local"). | C15: participants | D15: Return: active.Id Exception: N/A Log Message: N/A | E15: Abnormal | F15: Pending | I15: Pending | L15: Pending
A16: Measure_100_independent_meetings_with_healthy_and_failing_provider
A17: UTC003 | B17: 1. MeetingLifecyclePerformance runs in process; its dependencies are fakes or stubs. 2. Test data is seeded (meeting, users and agenda from the fixture). 3. scenarios = new List<MeetingLifecycleFixture.Scenario>(). 4. for (var i = 0; i < 100; i++) scenarios.Add(fixture.Seed(count: 0)). 5. Test data is seeded (Domain.Enums.MeetingStatus.InProgress, count: 0). | C17: var action in new[] { "Start", "End" } | D17: Return: completes without error Exception: N/A Log Message: N/A | E17: Abnormal | F17: Pending | I17: Pending | L17: Pending
A18: Join_between_meeting_end_and_provider_confirmation_is_recorded_and_closed_at_once
A19: UTC004 | B19: 1. MeetingLifecycle runs in process; its dependencies are fakes or stubs. 2. Test data is seeded (MeetingStatus.InProgress). 3. meetingEndedAt = fixture.Clock.Now. 4. joinedAt = meetingEndedAt.AddSeconds(1). 5. confirmedAt = meetingEndedAt.AddSeconds(2). | C19: existingSession=false | D19: Return: 1. id: s.MeetingId 2. (check.Meetings.FindAsync(s.MeetingId)).ActualEndedAt: meetingEndedAt 3. (check.MeetingStatusHistory.SingleAsync(h => h.MeetingId == s.MeetingId)).OccurredAt: meetingEndedAt 4. fixture.ClosedRooms.Count(r => r == room): 2 5. session.Status: CallStatus.Ended 6. session.EndedAt: joinedAt 7. … and 5 more Exception: N/A Log Message: N/A | E19: Normal | F19: Pending | I19: Pending | L19: Pending
A20: UTC005 | B20: 1. MeetingLifecycle runs in process; its dependencies are fakes or stubs. 2. Test data is seeded (MeetingStatus.InProgress). 3. meetingEndedAt = fixture.Clock.Now. 4. joinedAt = meetingEndedAt.AddSeconds(1). 5. confirmedAt = meetingEndedAt.AddSeconds(2). | C20: existingSession=true | D20: Return: 1. id: s.MeetingId 2. (check.Meetings.FindAsync(s.MeetingId)).ActualEndedAt: meetingEndedAt 3. (check.MeetingStatusHistory.SingleAsync(h => h.MeetingId == s.MeetingId)).OccurredAt: meetingEndedAt 4. fixture.ClosedRooms.Count(r => r == room): 2 5. session.Status: CallStatus.Ended 6. session.EndedAt: joinedAt 7. … and 5 more Exception: N/A Log Message: N/A | E20: Normal | F20: Pending | I20: Pending | L20: Pending
A21: Concurrent_lifecycle_requests_have_exactly_one_winner
A22: UTC006 | B22: 1. MeetingLifecycle runs in process; its dependencies are fakes or stubs. 2. Test data is seeded (action == "Start" ? MeetingStatus.Published : MeetingStatus.InProgress). 3. if (action == "End") { var item = (locked.AgendaItems.FindAsync(s.Items[0])); item.Status = AgendaItemStatus.InProgress; item.ActualStarted…. | C22: action="Start"; count=2 | D22: Return: 1. responses: exactly one item 2. responses.Count(r => r.StatusCode == HTTP 409 Conflict): count - 1 Exception: N/A Log Message: N/A | E22: Boundary | F22: Pending | I22: Pending | L22: Pending
A23: UTC007 | B23: 1. MeetingLifecycle runs in process; its dependencies are fakes or stubs. 2. Test data is seeded (action == "Start" ? MeetingStatus.Published : MeetingStatus.InProgress). 3. if (action == "End") { var item = (locked.AgendaItems.FindAsync(s.Items[0])); item.Status = AgendaItemStatus.InProgress; item.ActualStarted…. | C23: action="End"; count=2 | D23: Return: 1. responses: exactly one item 2. responses.Count(r => r.StatusCode == HTTP 409 Conflict): count - 1 Exception: N/A Log Message: N/A | E23: Boundary | F23: Pending | I23: Pending | L23: Pending
A24: UTC008 | B24: 1. MeetingLifecycle runs in process; its dependencies are fakes or stubs. 2. Test data is seeded (action == "Start" ? MeetingStatus.Published : MeetingStatus.InProgress). 3. if (action == "End") { var item = (locked.AgendaItems.FindAsync(s.Items[0])); item.Status = AgendaItemStatus.InProgress; item.ActualStarted…. | C24: action="Start"; count=20 | D24: Return: 1. responses: exactly one item 2. responses.Count(r => r.StatusCode == HTTP 409 Conflict): count - 1 Exception: N/A Log Message: N/A | E24: Boundary | F24: Pending | I24: Pending | L24: Pending
A25: UTC009 | B25: 1. MeetingLifecycle runs in process; its dependencies are fakes or stubs. 2. Test data is seeded (action == "Start" ? MeetingStatus.Published : MeetingStatus.InProgress). 3. if (action == "End") { var item = (locked.AgendaItems.FindAsync(s.Items[0])); item.Status = AgendaItemStatus.InProgress; item.ActualStarted…. | C25: action="End"; count=20 | D25: Return: 1. responses: exactly one item 2. responses.Count(r => r.StatusCode == HTTP 409 Conflict): count - 1 Exception: N/A Log Message: N/A | E25: Boundary | F25: Pending | I25: Pending | L25: Pending
A26: MeetingEnded_event_refreshes_committed_snapshot_and_reconnect_recovers
A27: UTC010 | B27: 1. MeetingLifecycle runs in process; its dependencies are fakes or stubs. 2. Test data is seeded (MeetingStatus.InProgress). 3. received = Channel.CreateUnbounded<AgendaChange>(). | C27: hasCurrent=false | D27: Return: 1. ChangeType: "MeetingEnded" 2. AgendaItemId: hasCurrent ? s.Items[0] : (Guid?)null 3. OccurredAt: fixture.Clock.Now Exception: N/A Log Message: N/A | E27: Normal | F27: Pending | I27: Pending | L27: Pending
A28: UTC011 | B28: 1. MeetingLifecycle runs in process; its dependencies are fakes or stubs. 2. Test data is seeded (MeetingStatus.InProgress). 3. received = Channel.CreateUnbounded<AgendaChange>(). | C28: hasCurrent=true | D28: Return: 1. ChangeType: "MeetingEnded" 2. AgendaItemId: hasCurrent ? s.Items[0] : (Guid?)null 3. OccurredAt: fixture.Clock.Now Exception: N/A Log Message: N/A | E28: Normal | F28: Pending | I28: Pending | L28: Pending
A29: MeetingEnded_event_does_not_reach_stale_or_other_meeting_subscription
A30: UTC012 | B30: 1. MeetingLifecycle runs in process; its dependencies are fakes or stubs. 2. Test data is seeded (MeetingStatus.InProgress). 3. received = Channel.CreateUnbounded<AgendaChange>(). 4. excludedEvents = Channel.CreateUnbounded<AgendaChange>(). | C30: reason="inactive" | D30: Return: "MeetingEnded" Exception: OperationCanceledException Log Message: N/A | E30: Abnormal | F30: Pending | I30: Pending | L30: Pending
A31: UTC013 | B31: 1. MeetingLifecycle runs in process; its dependencies are fakes or stubs. 2. Test data is seeded (MeetingStatus.InProgress). 3. received = Channel.CreateUnbounded<AgendaChange>(). 4. excludedEvents = Channel.CreateUnbounded<AgendaChange>(). | C31: reason="removed" | D31: Return: "MeetingEnded" Exception: OperationCanceledException Log Message: N/A | E31: Abnormal | F31: Pending | I31: Pending | L31: Pending
A32: UTC014 | B32: 1. MeetingLifecycle runs in process; its dependencies are fakes or stubs. 2. Test data is seeded (MeetingStatus.InProgress). 3. received = Channel.CreateUnbounded<AgendaChange>(). 4. excludedEvents = Channel.CreateUnbounded<AgendaChange>(). | C32: reason="otherMeeting" | D32: Return: "MeetingEnded" Exception: OperationCanceledException Log Message: N/A | E32: Abnormal | F32: Pending | I32: Pending | L32: Pending
A33: Chair_handover_while_lifecycle_waits_uses_current_assignment
A34: UTC015 | B34: 1. MeetingLifecycle runs in process; its dependencies are fakes or stubs. 2. Test data is seeded (action == "Start" ? MeetingStatus.Published : MeetingStatus.InProgress). 3. old.Role = MeetingRole.Member. 4. next.Role = MeetingRole.Chair. | C34: action="Start" | D34: Return: s.Member Exception: N/A Log Message: N/A | E34: Normal | F34: Pending | I34: Pending | L34: Pending
A35: UTC016 | B35: 1. MeetingLifecycle runs in process; its dependencies are fakes or stubs. 2. Test data is seeded (action == "Start" ? MeetingStatus.Published : MeetingStatus.InProgress). 3. old.Role = MeetingRole.Member. 4. next.Role = MeetingRole.Chair. | C35: action="End" | D35: Return: s.Member Exception: N/A Log Message: N/A | E35: Normal | F35: Pending | I35: Pending | L35: Pending
A36: Session_closure_cannot_precede_existing_connection_evidence
A37: UTC017 | B37: 1. MeetingLifecycle runs in process; its dependencies are fakes or stubs. 2. Test data is seeded (MeetingStatus.InProgress). 3. now = fixture.Clock.Now. 4. latest = now.AddSeconds(5). 5. Guid sessionId. | C37: latestEvidence="start" | D37: Return: 1. closed.EndedAt: latest 2. closed.EndedAt >= closed.StartedAt: true 3. check.CallParticipants.Where(p => p.CallSessionId == sessionId).ToArrayAsync(): every item passes the check Exception: N/A Log Message: N/A | E37: Abnormal | F37: Pending | I37: Pending | L37: Pending
A38: UTC018 | B38: 1. MeetingLifecycle runs in process; its dependencies are fakes or stubs. 2. Test data is seeded (MeetingStatus.InProgress). 3. now = fixture.Clock.Now. 4. latest = now.AddSeconds(5). 5. Guid sessionId. | C38: latestEvidence="join" | D38: Return: 1. closed.EndedAt: latest 2. closed.EndedAt >= closed.StartedAt: true 3. check.CallParticipants.Where(p => p.CallSessionId == sessionId).ToArrayAsync(): every item passes the check Exception: N/A Log Message: N/A | E38: Abnormal | F38: Pending | I38: Pending | L38: Pending
A39: UTC019 | B39: 1. MeetingLifecycle runs in process; its dependencies are fakes or stubs. 2. Test data is seeded (MeetingStatus.InProgress). 3. now = fixture.Clock.Now. 4. latest = now.AddSeconds(5). 5. Guid sessionId. | C39: latestEvidence="leave" | D39: Return: 1. closed.EndedAt: latest 2. closed.EndedAt >= closed.StartedAt: true 3. check.CallParticipants.Where(p => p.CallSessionId == sessionId).ToArrayAsync(): every item passes the check Exception: N/A Log Message: N/A | E39: Abnormal | F39: Pending | I39: Pending | L39: Pending
A40: Account_deactivation_after_gate_is_rechecked_under_user_lock
A41: UTC020 | B41: 1. MeetingLifecycle runs in process; its dependencies are fakes or stubs. 2. Test data is seeded (meeting, users and agenda from the fixture). 3. fixture.ObserveAccountLock = true. | C41: N/A | D41: Return: completes without error Exception: N/A Log Message: N/A | E41: Normal | F41: Pending | I41: Pending | L41: Pending
A42: Start_recipient_snapshot_excludes_ineligible_assignments
A43: UTC021 | B43: 1. MeetingLifecycle runs in process; its dependencies are fakes or stubs. 2. Test data is seeded (meeting, users and agenda from the fixture). | C43: reason="inactive" | D43: Return: new[] { s.Secretary } Exception: N/A Log Message: N/A | E43: Normal | F43: Pending | I43: Pending | L43: Pending
A44: UTC022 | B44: 1. MeetingLifecycle runs in process; its dependencies are fakes or stubs. 2. Test data is seeded (meeting, users and agenda from the fixture). | C44: reason="removed" | D44: Return: new[] { s.Secretary } Exception: N/A Log Message: N/A | E44: Normal | F44: Pending | I44: Pending | L44: Pending
A45: UTC023 | B45: 1. MeetingLifecycle runs in process; its dependencies are fakes or stubs. 2. Test data is seeded (meeting, users and agenda from the fixture). | C45: reason="delegated" | D45: Return: new[] { s.Secretary } Exception: N/A Log Message: N/A | E45: Normal | F45: Pending | I45: Pending | L45: Pending
A46: UTC024 | B46: 1. MeetingLifecycle runs in process; its dependencies are fakes or stubs. 2. Test data is seeded (meeting, users and agenda from the fixture). | C46: reason="guest" | D46: Return: new[] { s.Secretary } Exception: N/A Log Message: N/A | E46: Normal | F46: Pending | I46: Pending | L46: Pending
A47: Start_waiting_for_reschedule_preserves_new_schedule
A48: UTC025 | B48: 1. MeetingLifecycle runs in process; its dependencies are fakes or stubs. 2. Test data is seeded (meeting, users and agenda from the fixture). 3. meeting.PlannedStartTime = fixture.Clock.Now.AddDays(1). 4. meeting.PlannedEndTime = fixture.Clock.Now.AddDays(1).AddHours(1). 5. locked.MeetingStatusHistory.Add(new() { MeetingId = s.MeetingId, ActorId = s.Organizer, Action = MeetingHistoryAction.Reschedule, FromStatu…. | C48: N/A | D48: Return: 1. (check.Meetings.FindAsync(s.MeetingId)).PlannedStartTime: fixture.Clock.Now.AddDays(1) 2. check.MeetingStatusHistory.CountAsync(h => h.MeetingId == s.MeetingId): 2 Exception: N/A Log Message: N/A | E48: Normal | F48: Pending | I48: Pending | L48: Pending
A49: Concurrent_agenda_execution_and_end_leave_no_current_item
A50: UTC026 | B50: 1. MeetingLifecycle runs in process; its dependencies are fakes or stubs. | C50: operation="current" | D50: Return: 1. (fixture.Client(s.Chair).PostAsync(s.Url + $"/{s.Items[0]}/current", null)).StatusCode: HTTP 200 OK 2. new[] { HTTP 200 OK, HTTP 409 Conflict }: contains (agenda.WaitAsync(TimeSpan.FromSeconds(10))).StatusCode 3. check.AgendaItems.Where(i => i.MeetingId == s.MeetingId && i.Status == AgendaItemStatus.InProgress).ToArrayAsync(): empty Exception: N/A Log Message: N/A | E50: Normal | F50: Pending | I50: Pending | L50: Pending
A51: UTC027 | B51: 1. MeetingLifecycle runs in process; its dependencies are fakes or stubs. | C51: operation="complete" | D51: Return: 1. (fixture.Client(s.Chair).PostAsync(s.Url + $"/{s.Items[0]}/current", null)).StatusCode: HTTP 200 OK 2. new[] { HTTP 200 OK, HTTP 409 Conflict }: contains (agenda.WaitAsync(TimeSpan.FromSeconds(10))).StatusCode 3. check.AgendaItems.Where(i => i.MeetingId == s.MeetingId && i.Status == AgendaItemStatus.InProgress).ToArrayAsync(): empty Exception: N/A Log Message: N/A | E51: Normal | F51: Pending | I51: Pending | L51: Pending
A52: Client_cancellation_after_commit_does_not_cancel_effects
A53: UTC028 | B53: 1. MeetingLifecycle runs in process; its dependencies are fakes or stubs. 2. Test data is seeded (action == "Start" ? MeetingStatus.Published : MeetingStatus.InProgress). 3. abort = new CancellationTokenSource(). | C53: action="Start" | D53: Return: 1. result.Succeeded: true 2. abort.IsCancellationRequested: true 3. check.Notifications.CountAsync(n => n.MeetingId == s.MeetingId): 2 4. fixture.ClosedRooms: contains CallRoomNames.ForMeeting(s.MeetingId) Exception: N/A Log Message: N/A | E53: Normal | F53: Pending | I53: Pending | L53: Pending
A54: UTC029 | B54: 1. MeetingLifecycle runs in process; its dependencies are fakes or stubs. 2. Test data is seeded (action == "Start" ? MeetingStatus.Published : MeetingStatus.InProgress). 3. abort = new CancellationTokenSource(). | C54: action="End" | D54: Return: 1. result.Succeeded: true 2. abort.IsCancellationRequested: true 3. check.Notifications.CountAsync(n => n.MeetingId == s.MeetingId): 2 4. fixture.ClosedRooms: contains CallRoomNames.ForMeeting(s.MeetingId) Exception: N/A Log Message: N/A | E54: Normal | F54: Pending | I54: Pending | L54: Pending
A55: Empty_query_uses_defaults
A56: UTC030 | B56: 1. MeetingListQueryParser runs in process; its dependencies are fakes or stubs. | C56: input="" | D56: Return: 1. errors: empty 2. query: not null 3. query.Status: null 4. query.Sensitivity: null 5. query.Query: null 6. query.From: null 7. … and 5 more Exception: N/A Log Message: N/A | E56: Abnormal | F56: Pending | I56: Pending | L56: Pending
A57: UTC031 | B57: 1. MeetingListQueryParser runs in process; its dependencies are fakes or stubs. | C57: input="?status=&sensitivity=&q=&from=&to=&page=&pageSize=&sortBy=&sortDir=" | D57: Return: 1. errors: empty 2. query: not null 3. query.Status: null 4. query.Sensitivity: null 5. query.Query: null 6. query.From: null 7. … and 5 more Exception: N/A Log Message: N/A | E57: Abnormal | F57: Pending | I57: Pending | L57: Pending
A58: Valid_query_normalizes_dates_search_and_sort
A59: UTC032 | B59: 1. MeetingListQueryParser runs in process; its dependencies are fakes or stubs. | C59: "?status=Published&sensitivity=Secret&q=%20Giao%20ban%20" + "&from=20… | D59: Return: 1. errors: empty 2. query: not null 3. query.Status: MeetingStatus.Published 4. query.Sensitivity: Sensitivity.Secret 5. query.Query: "Giao ban" 6. query.From: new DateTimeOffset(2026, 10, 1, 2, 0, 0, TimeSpan.Zero) 7. … and 5 more Exception: N/A Log Message: N/A | E59: Normal | F59: Pending | I59: Pending | L59: Pending
A60: Timestamp_with_timezone_is_normalized_to_utc
A61: UTC033 | B61: 1. MeetingListQueryParser runs in process; its dependencies are fakes or stubs. | C61: field="from"; timestamp="2026-10-01T09:00+07:00"; expectedUtc="2026-10-01T02:00:00Z" | D61: Return: 1. errors: empty 2. query: not null Exception: N/A Log Message: N/A | E61: Normal | F61: Pending | I61: Pending | L61: Pending
A62: UTC034 | B62: 1. MeetingListQueryParser runs in process; its dependencies are fakes or stubs. | C62: field="to"; timestamp="2026-10-01T09:00+07:00"; expectedUtc="2026-10-01T02:00:00Z" | D62: Return: 1. errors: empty 2. query: not null Exception: N/A Log Message: N/A | E62: Normal | F62: Pending | I62: Pending | L62: Pending
A63: UTC035 | B63: 1. MeetingListQueryParser runs in process; its dependencies are fakes or stubs. | C63: field="from"; timestamp="2026-10-01T02:00Z"; expectedUtc="2026-10-01T02:00:00Z" | D63: Return: 1. errors: empty 2. query: not null Exception: N/A Log Message: N/A | E63: Normal | F63: Pending | I63: Pending | L63: Pending
A64: UTC036 | B64: 1. MeetingListQueryParser runs in process; its dependencies are fakes or stubs. | C64: field="to"; timestamp="2026-10-01T09:00-07:00"; expectedUtc="2026-10-01T16:00:00Z" | D64: Return: 1. errors: empty 2. query: not null Exception: N/A Log Message: N/A | E64: Normal | F64: Pending | I64: Pending | L64: Pending
A65: UTC037 | B65: 1. MeetingListQueryParser runs in process; its dependencies are fakes or stubs. | C65: field="from"; timestamp="2026-10-01T09:00:15.1234567+07:00"; expectedUtc="2026-10-01T02:00:15.1234567Z" | D65: Return: 1. errors: empty 2. query: not null Exception: N/A Log Message: N/A | E65: Normal | F65: Pending | I65: Pending | L65: Pending
A66: Sort_field_without_direction_uses_field_default
A67: UTC038 | B67: 1. MeetingListQueryParser runs in process; its dependencies are fakes or stubs. | C67: raw="title"; expectedBy=MeetingSortBy.Title; expectedDirection=MeetingSortDirection.Asc | D67: Return: 1. errors: empty 2. query.SortBy: expectedBy 3. query.SortDirection: expectedDirection Exception: N/A Log Message: N/A | E67: Normal | F67: Pending | I67: Pending | L67: Pending
A68: UTC039 | B68: 1. MeetingListQueryParser runs in process; its dependencies are fakes or stubs. | C68: raw="createdAt"; expectedBy=MeetingSortBy.CreatedAt; expectedDirection=MeetingSortDirection.Desc | D68: Return: 1. errors: empty 2. query.SortBy: expectedBy 3. query.SortDirection: expectedDirection Exception: N/A Log Message: N/A | E68: Normal | F68: Pending | I68: Pending | L68: Pending
A69: UTC040 | B69: 1. MeetingListQueryParser runs in process; its dependencies are fakes or stubs. | C69: raw="plannedStartTime"; expectedBy=MeetingSortBy.PlannedStartTime; expectedDirection=MeetingSortDirection.Desc | D69: Return: 1. errors: empty 2. query.SortBy: expectedBy 3. query.SortDirection: expectedDirection Exception: N/A Log Message: N/A | E69: Normal | F69: Pending | I69: Pending | L69: Pending
A70: Direction_without_sort_field_applies_to_planned_start_time
A71: UTC041 | B71: 1. MeetingListQueryParser runs in process; its dependencies are fakes or stubs. | C71: "?sortDir=asc" | D71: Return: 1. errors: empty 2. query.SortBy: MeetingSortBy.PlannedStartTime 3. query.SortDirection: MeetingSortDirection.Asc Exception: N/A Log Message: N/A | E71: Normal | F71: Pending | I71: Pending | L71: Pending
A72: Timing_reads_upcoming_or_past
A73: UTC042 | B73: 1. MeetingListQueryParser runs in process; its dependencies are fakes or stubs. | C73: input="?timing=upcoming"; expected=MeetingTiming.Upcoming | D73: Return: 1. errors: empty 2. query.Timing: expected 3. query.Now: null Exception: N/A Log Message: N/A | E73: Normal | F73: Pending | I73: Pending | L73: Pending
A74: UTC043 | B74: 1. MeetingListQueryParser runs in process; its dependencies are fakes or stubs. | C74: input="?timing=past"; expected=MeetingTiming.Past | D74: Return: 1. errors: empty 2. query.Timing: expected 3. query.Now: null Exception: N/A Log Message: N/A | E74: Normal | F74: Pending | I74: Pending | L74: Pending
A75: UTC044 | B75: 1. MeetingListQueryParser runs in process; its dependencies are fakes or stubs. | C75: input=""; expected=null | D75: Return: 1. errors: empty 2. query.Timing: expected 3. query.Now: null Exception: N/A Log Message: N/A | E75: Boundary | F75: Pending | I75: Pending | L75: Pending
A76: Invalid_value_returns_its_field_error
A77: UTC045 | B77: 1. MeetingListQueryParser runs in process; its dependencies are fakes or stubs. | C77: input="?status=published"; field="status" | D77: Return: 1. query: null 2. errors.Keys: contains field Exception: N/A Log Message: N/A | E77: Abnormal | F77: Pending | I77: Pending | L77: Pending
A78: UTC046 | B78: 1. MeetingListQueryParser runs in process; its dependencies are fakes or stubs. | C78: input="?sensitivity=Unknown"; field="sensitivity" | D78: Return: 1. query: null 2. errors.Keys: contains field Exception: N/A Log Message: N/A | E78: Abnormal | F78: Pending | I78: Pending | L78: Pending
A79: UTC047 | B79: 1. MeetingListQueryParser runs in process; its dependencies are fakes or stubs. | C79: input="?from=2026-10-01"; field="from" | D79: Return: 1. query: null 2. errors.Keys: contains field Exception: N/A Log Message: N/A | E79: Abnormal | F79: Pending | I79: Pending | L79: Pending
A80: UTC048 | B80: 1. MeetingListQueryParser runs in process; its dependencies are fakes or stubs. | C80: input="?to=2026-10-01T09:00:00"; field="to" | D80: Return: 1. query: null 2. errors.Keys: contains field Exception: N/A Log Message: N/A | E80: Abnormal | F80: Pending | I80: Pending | L80: Pending
A81: UTC049 | B81: 1. MeetingListQueryParser runs in process; its dependencies are fakes or stubs. | C81: input="?from=2026-10-01T09:00"; field="from" | D81: Return: 1. query: null 2. errors.Keys: contains field Exception: N/A Log Message: N/A | E81: Abnormal | F81: Pending | I81: Pending | L81: Pending
A82: UTC050 | B82: 1. MeetingListQueryParser runs in process; its dependencies are fakes or stubs. | C82: input="?to=2026-10-01T09:00.5Z"; field="to" | D82: Return: 1. query: null 2. errors.Keys: contains field Exception: N/A Log Message: N/A | E82: Abnormal | F82: Pending | I82: Pending | L82: Pending
A83: UTC051 | B83: 1. MeetingListQueryParser runs in process; its dependencies are fakes or stubs. | C83: input="?from=2026-09-31T09:00Z"; field="from" | D83: Return: 1. query: null 2. errors.Keys: contains field Exception: N/A Log Message: N/A | E83: Abnormal | F83: Pending | I83: Pending | L83: Pending
A84: UTC052 | B84: 1. MeetingListQueryParser runs in process; its dependencies are fakes or stubs. | C84: input="?to=2026-10-01T25:00Z"; field="to" | D84: Return: 1. query: null 2. errors.Keys: contains field Exception: N/A Log Message: N/A | E84: Abnormal | F84: Pending | I84: Pending | L84: Pending
A85: UTC053 | B85: 1. MeetingListQueryParser runs in process; its dependencies are fakes or stubs. | C85: input="?page=0"; field="page" | D85: Return: 1. query: null 2. errors.Keys: contains field Exception: N/A Log Message: N/A | E85: Abnormal | F85: Pending | I85: Pending | L85: Pending
A86: UTC054 | B86: 1. MeetingListQueryParser runs in process; its dependencies are fakes or stubs. | C86: input="?page=abc"; field="page" | D86: Return: 1. query: null 2. errors.Keys: contains field Exception: N/A Log Message: N/A | E86: Abnormal | F86: Pending | I86: Pending | L86: Pending
A87: UTC055 | B87: 1. MeetingListQueryParser runs in process; its dependencies are fakes or stubs. | C87: input="?pageSize=101"; field="pageSize" | D87: Return: 1. query: null 2. errors.Keys: contains field Exception: N/A Log Message: N/A | E87: Abnormal | F87: Pending | I87: Pending | L87: Pending
A88: UTC056 | B88: 1. MeetingListQueryParser runs in process; its dependencies are fakes or stubs. | C88: input="?pageSize=-1"; field="pageSize" | D88: Return: 1. query: null 2. errors.Keys: contains field Exception: N/A Log Message: N/A | E88: Abnormal | F88: Pending | I88: Pending | L88: Pending
... A94: UTC062 | B94: 1. MeetingListQueryParser runs in process; its dependencies are fakes or stubs. | C94: input="?timing=Upcoming"; field="timing" | D94: Return: 1. query: null 2. errors.Keys: contains field Exception: N/A Log Message: N/A | E94: Abnormal | F94: Pending | I94: Pending | L94: Pending
A95: Reversed_range_is_invalid
A96: UTC063 | B96: 1. MeetingListQueryParser runs in process; its dependencies are fakes or stubs. | C96: "?from=2026-10-02T00%3A00%3A00Z&to=2026-10-01T00%3A00%3A00Z" | D96: Return: 1. range: null 2. rangeErrors.Keys: contains "to" Exception: N/A Log Message: N/A | E96: Abnormal | F96: Pending | I96: Pending | L96: Pending
A97: Large_page_is_valid_query
A98: UTC064 | B98: 1. MeetingListQueryParser runs in process; its dependencies are fakes or stubs. | C98: "?page=2147483647&pageSize=100" | D98: Return: 1. errors: empty 2. query.Page: int.MaxValue 3. query.PageSize: 100 Exception: N/A Log Message: N/A | E98: Normal | F98: Pending | I98: Pending | L98: Pending
A99: Parser_reports_independent_errors_together
A100: UTC065 | B100: 1. MeetingListQueryParser runs in process; its dependencies are fakes or stubs. | C100: "?status=Wrong&page=0&sortDir=wrong" | D100: Return: 1. query: null 2. errors.Keys.Order(StringComparer.Ordinal): ["page", "sortDir", "status"] Exception: N/A Log Message: N/A | E100: Abnormal | F100: Pending | I100: Pending | L100: Pending
A101: In_memory_and_query_policies_keep_relationship_permissions_for_every_state
A102: UTC066 | B102: 1. MeetingReadPolicy runs in process; its dependencies are fakes or stubs. 2. meeting: a new Meeting is prepared. | C102: Every row of MemberData(nameof(ReadStates)) | D102: Return: 1. MeetingReadPolicy.CanRead(meeting, userId): canRead 2. MeetingReadPolicy.ForUser(userId).Compile()(meeting): canRead 3. MeetingReadPolicy.CanReadFullHistory(meeting, userId): canReadFullHistory Exception: N/A Log Message: N/A | E102: Normal | F102: Pending | I102: Pending | L102: Pending
A103: Reassignment_revokes_the_old_approver_without_caching_the_previous_caller
A104: UTC067 | B104: 1. MeetingReadPolicy runs in process; its dependencies are fakes or stubs. 2. meeting: a new Meeting is prepared. | C104: N/A | D104: Return: 1. oldApproverQuery(meeting): false 2. newApproverQuery(meeting): true Exception: N/A Log Message: N/A | E104: Normal | F104: Pending | I104: Pending | L104: Pending
A105: Assigned_secretary_can_read_content_and_rejection_evidence_without_transfer_metadata
A106: UTC068 | B106: 1. MeetingReadPolicy runs in process; its dependencies are fakes or stubs. 2. secretary = new User { FullName = "Assigned secretary", Email = "secretary@example.test" }. 3. meeting = new Meeting { Title = "Secretary evidence", Status = status }. | C106: Every row of MemberData(nameof(ReadStates)) | D106: Return: 1. MeetingReadPolicy.CanReadHistory(meeting, secretary.Id): true 2. MeetingReadPolicy.CanReadRejectionReason(meeting, secretary.Id): true 3. MeetingReadPolicy.CanReadFullHistory(meeting, secretary.Id): false 4. MeetingReadPolicy.CanRead(meeting, secretary.Id): true 5. MeetingReadPolicy.ForUser(secretary.Id).Compile()(meeting): true Exception: N/A Log Message: N/A | E106: Abnormal | F106: Pending | I106: Pending | L106: Pending
A107: Assigned_chair_reads_content_and_redacted_history_in_all_states
...

Sheet Notifications
A2: Code Module | B2: Notifications | T2: Passed
A3: Number of TCs | B3: =COUNTIF(A12:A13,"UTC*") -> 1 | T3: Failed
A4: Testing Round | B4: Passed | C4: Failed | D4: Pending | T4: Pending
A5: Round 1 | B5: =COUNTIF($F$12:$F$13,B$4) -> 0 | C5: =COUNTIF($F$12:$F$13,C$4) -> 0 | D5: =COUNTIF($F$12:$F$13,D$4) -> 1 | T5: N/A
A6: Round 2 | B6: =COUNTIF($I$12:$I$13,B$4) -> 0 | C6: =COUNTIF($I$12:$I$13,C$4) -> 0 | D6: =COUNTIF($I$12:$I$13,D$4) -> 1
A7: Round 3 | B7: =COUNTIF($L$12:$L$13,B$4) -> 0 | C7: =COUNTIF($L$12:$L$13,C$4) -> 0 | D7: =COUNTIF($L$12:$L$13,D$4) -> 1
A8: Testing Type | B8: Normal | C8: Abnormal | D8: Boundary | T8: N/A
A9: Count | B9: =COUNTIF($E$12:$E$13,B$8) -> 1 | C9: =COUNTIF($E$12:$E$13,C$8) -> 0 | D9: =COUNTIF($E$12:$E$13,D$8) -> 0
A11: Test Case ID | B11: Pre-conditions | C11: Input parameters | D11: Expected Results | E11: Type | F11: Round 1 | G11: Test date | H11: Tester | I11: Round 2 | J11: Test date | K11: Tester | L11: Round 3 | M11: Test date | N11: Tester | O11: Defect IDs | P11: Note
A12: Migration_marks_preexisting_notifications_as_already_pushed
A13: UTC001 | B13: 1. NotificationWorker runs in process; its dependencies are fakes or stubs. | C13: N/A | D13: Return: exactly one item Exception: N/A Log Message: N/A | E13: Normal | F13: Pending | I13: Pending | L13: Pending

Sheet Participants
A2: Code Module | B2: Participants | T2: Passed
A3: Number of TCs | B3: =COUNTIF(A12:A117,"UTC*") -> 66 | T3: Failed
A4: Testing Round | B4: Passed | C4: Failed | D4: Pending | T4: Pending
A5: Round 1 | B5: =COUNTIF($F$12:$F$117,B$4) -> 0 | C5: =COUNTIF($F$12:$F$117,C$4) -> 0 | D5: =COUNTIF($F$12:$F$117,D$4) -> 66 | T5: N/A
A6: Round 2 | B6: =COUNTIF($I$12:$I$117,B$4) -> 0 | C6: =COUNTIF($I$12:$I$117,C$4) -> 0 | D6: =COUNTIF($I$12:$I$117,D$4) -> 66
A7: Round 3 | B7: =COUNTIF($L$12:$L$117,B$4) -> 0 | C7: =COUNTIF($L$12:$L$117,C$4) -> 0 | D7: =COUNTIF($L$12:$L$117,D$4) -> 66
A8: Testing Type | B8: Normal | C8: Abnormal | D8: Boundary | T8: N/A
A9: Count | B9: =COUNTIF($E$12:$E$117,B$8) -> 46 | C9: =COUNTIF($E$12:$E$117,C$8) -> 19 | D9: =COUNTIF($E$12:$E$117,D$8) -> 1
A11: Test Case ID | B11: Pre-conditions | C11: Input parameters | D11: Expected Results | E11: Type | F11: Round 1 | G11: Test date | H11: Tester | I11: Round 2 | J11: Test date | K11: Tester | L11: Round 3 | M11: Test date | N11: Tester | O11: Defect IDs | P11: Note
A12: Two_posts_with_same_etag_serialize_and_loser_sees_lost_chair_before_stale
A13: UTC001 | B13: 1. ChairHandoverConcurrency runs in process; its dependencies are fakes or stubs. 2. Test data is seeded (meeting, users and agenda from the fixture). 3. entered = new TaskCompletionSource(TaskCreationOptions.RunContinuationsAsynchronously). 4. release = new TaskCompletionSource(TaskCreationOptions.RunContinuationsAsynchronously). 5. waiting = new TaskCompletionSource(TaskCreationOptions.RunContinuationsAsynchronously). 6. Further arrangement is in the test source. | C13: s | D13: Return: completes without error Exception: N/A Log Message: N/A | E13: Abnormal | F13: Pending | I13: Pending | L13: Pending
A14: Waiting_request_observes_competing_transaction_after_meeting_lock
A15: UTC002 | B15: 1. ChairHandoverConcurrency runs in process; its dependencies are fakes or stubs. 2. Test data is seeded (meeting, users and agenda from the fixture). | C15: change="removed"; expected="MSG259" | D15: Return: "\"participants-0\"" Exception: N/A Log Message: N/A | E15: Normal | F15: Pending | I15: Pending | L15: Pending
A16: UTC003 | B16: 1. ChairHandoverConcurrency runs in process; its dependencies are fakes or stubs. 2. Test data is seeded (meeting, users and agenda from the fixture). | C16: change="secretary"; expected="MSG259" | D16: Return: "\"participants-0\"" Exception: N/A Log Message: N/A | E16: Normal | F16: Pending | I16: Pending | L16: Pending
A17: UTC004 | B17: 1. ChairHandoverConcurrency runs in process; its dependencies are fakes or stubs. 2. Test data is seeded (meeting, users and agenda from the fixture). | C17: change="unrelated"; expected="MSG275" | D17: Return: "\"participants-0\"" Exception: N/A Log Message: N/A | E17: Normal | F17: Pending | I17: Pending | L17: Pending
A18: UTC005 | B18: 1. ChairHandoverConcurrency runs in process; its dependencies are fakes or stubs. 2. Test data is seeded (meeting, users and agenda from the fixture). | C18: change="ended"; expected="MSG260" | D18: Return: "\"participants-0\"" Exception: N/A Log Message: N/A | E18: Normal | F18: Pending | I18: Pending | L18: Pending
A19: Deactivation_between_snapshot_and_account_lock_is_authoritative_without_updating_users
A20: UTC006 | B20: 1. ChairHandoverConcurrency runs in process; its dependencies are fakes or stubs. 2. Test data is seeded (meeting, users and agenda from the fixture). 3. f.Queries.RejectUserUpdates = true. | C20: s.Chair | D20: Return: 1. (db.Users.FindAsync(s.Member)).IsActive: false 2. (db.MeetingParticipants.FindAsync(s.ChairAssignment)).Role: MeetingRole.Chair 3. (db.Meetings.FindAsync(s.MeetingId)).ParticipantsRevision: 0 4. db.MeetingInvitationDispatches.AnyAsync(d => d.MeetingId == s.MeetingId): false Exception: N/A Log Message: N/A | E20: Normal | F20: Pending | I20: Pending | L20: Pending
A21: Post_and_legacy_put_share_the_meeting_lock
A22: UTC007 | B22: 1. ChairHandoverConcurrency runs in process; its dependencies are fakes or stubs. 2. Test data is seeded (meeting, users and agenda from the fixture). 3. entered = new TaskCompletionSource(TaskCreationOptions.RunContinuationsAsynchronously). 4. release = new TaskCompletionSource(TaskCreationOptions.RunContinuationsAsynchronously). 5. waiting = new TaskCompletionSource(TaskCreationOptions.RunContinuationsAsynchronously). 6. Further arrangement is in the test source. | C22: postFirst=true | D22: Return: completes without error Exception: N/A Log Message: N/A | E22: Normal | F22: Pending | I22: Pending | L22: Pending
A23: UTC008 | B23: 1. ChairHandoverConcurrency runs in process; its dependencies are fakes or stubs. 2. Test data is seeded (meeting, users and agenda from the fixture). 3. entered = new TaskCompletionSource(TaskCreationOptions.RunContinuationsAsynchronously). 4. release = new TaskCompletionSource(TaskCreationOptions.RunContinuationsAsynchronously). 5. waiting = new TaskCompletionSource(TaskCreationOptions.RunContinuationsAsynchronously). 6. Further arrangement is in the test source. | C23: postFirst=false | D23: Return: completes without error Exception: N/A Log Message: N/A | E23: Normal | F23: Pending | I23: Pending | L23: Pending
A24: Secretary_inactive_chair_replacement_remains_put_only
A25: UTC009 | B25: 1. ChairHandoverConcurrency runs in process; its dependencies are fakes or stubs. 2. Test data is seeded (meeting, users and agenda from the fixture). 3. f.Queries.RejectUserUpdates = true. | C25: set => set.SetProperty(u => u.IsActive, false) | D25: Return: completes without error Exception: N/A Log Message: N/A | E25: Abnormal | F25: Pending | I25: Pending | L25: Pending
A26: Chair_deactivated_after_snapshot_is_replaced_without_updating_tracked_user
A27: UTC010 | B27: 1. ParticipantConcurrency runs in process; its dependencies are fakes or stubs. 2. Test data is seeded (meeting, users and agenda from the fixture). 3. f.Queries.RejectUserUpdates = true. | C27: s.Secretary | D27: Return: 1. check.Users.Where(u => u.Id == s.Chair).Select(u => u.IsActive).SingleAsync(): false 2. check.MeetingParticipants.Where(p => p.Id == s.MemberAssignment).Select(p => p.Role).SingleAsync(): MeetingRole.Chair Exception: N/A Log Message: N/A | E27: Abnormal | F27: Pending | I27: Pending | L27: Pending
A28: Competing_chair_swaps_use_revision_and_preserve_exactly_one_chair_and_secretary
A29: UTC011 | B29: 1. ParticipantConcurrency runs in process; its dependencies are fakes or stubs. 2. Test data is seeded (MeetingStatus.Approved). 3. body = new { changes = new[] { new { participantId = s.ChairAssignment, role = "Member" }, new {…. | C29: Write(secretary, s.Url + "/participants/assignments", HttpMethod.Put,…; Write(secretary, s.Url + "/participants/assignments", HttpMethod.Put,… | D29: Return: 1. results: exactly one item 2. results: exactly one item Exception: N/A Log Message: N/A | E29: Boundary | F29: Pending | I29: Pending | L29: Pending
A30: Response_racing_removal_cannot_resurrect_assignment_or_access
A31: UTC012 | B31: 1. ParticipantConcurrency runs in process; its dependencies are fakes or stubs. 2. Test data is seeded (meeting, users and agenda from the fixture). | C31: Write(member, s.Url + "/invitation-response", HttpMethod.Put, new { r…; Write(secretary, s.Url + $"/participants/{s.MemberAssignment}", HttpM… | D31: Return: HTTP 200 OK Exception: N/A Log Message: N/A | E31: Abnormal | F31: Pending | I31: Pending | L31: Pending
A32: Removed_organizer_keeps_read_access_but_cannot_manage_roster
A33: UTC013 | B33: 1. ParticipantConcurrency runs in process; its dependencies are fakes or stubs. 2. Test data is seeded (meeting, users and agenda from the fixture). | C33: Write(secretary, s.Url + "/participants", HttpMethod.Post, new { user…; 201; "MSG96" | D33: Return: 1. (organizer.GetAsync(s.Url + "/participants")).StatusCode: HTTP 200 OK 2. (organizer.GetAsync(s.Url)).StatusCode: HTTP 200 OK 3. (organizer.GetAsync(s.Url + "/participants")).StatusCode: HTTP 200 OK Exception: N/A Log Message: N/A | E33: Abnormal | F33: Pending | I33: Pending | L33: Pending
A34: Five_hundred_rows_are_paged_and_one_hundred_recipient_batch_avoids_n_plus_one_reads
A35: UTC014 | B35: 1. ParticipantConcurrency runs in process; its dependencies are fakes or stubs. 2. Test data is seeded (meeting, users and agenda from the fixture). 3. db.Users.AddRange(users). 4. db.MeetingParticipants.AddRange(users.Take(500).Select(u => new MeetingParticipant { MeetingId = s.MeetingId, UserId = u.Id })). 5. timings = new List<long>(). | C35: N/A | D35: Return: 1. page.total: 503 2. length of page.items: 100 3. f.Queries.Count: between 1 and 10 4. db.MeetingInvitationDispatches.CountAsync(d => d.MeetingId == s.MeetingId): 100 5. roster.StatusCode: HTTP 200 OK 6. responses.StatusCode: HTTP 200 OK Exception: N/A Log Message: N/A | E35: Normal | F35: Pending | I35: Pending | L35: Pending
A36: Development_scenarios_are_insert_only_and_always_have_a_chair
A37: UTC015 | B37: 1. ParticipantConcurrency runs in process; its dependencies are fakes or stubs. 2. foreach (var address in new[] { "thuky", "chutoa", "thanhvien" }) db.Users.Add(new() { FullName = address, Email = address + "@trustcabinet…. 3. Infrastructure.Seed.ParticipantDevelopmentDataSeeder.SeedAsync(db). | C37: N/A | D37: Return: 1. meetings.Length: 7 2. meetings: every item passes the check Exception: N/A Log Message: N/A | E37: Normal | F37: Pending | I37: Pending | L37: Pending
A38: Dedicated_handover_dispatch_materializes_once_under_concurrent_retries
A39: UTC016 | B39: 1. ParticipantDelivery runs in process; its dependencies are fakes or stubs. 2. Test data is seeded (meeting, users and agenda from the fixture). | C39: Write(chair, s.Url + "/participants/chair-handover", HttpMethod.Post,…; 200; "MSG257" | D39: Return: 2 Exception: N/A Log Message: N/A | E39: Normal | F39: Pending | I39: Pending | L39: Pending
A40: Cancellation_emails_the_reason_and_a_calendar_cancel_to_those_who_got_the_invitation
A41: UTC017 | B41: 1. ParticipantDelivery runs in process; its dependencies are fakes or stubs. 2. Test data is seeded (meeting, users and agenda from the fixture). 3. Guid invitationId. | C41: Write(secretary, s.Url + "/participants", HttpMethod.Post, new { user…; 201; "MSG96" | D41: Return: 1. Process(invitationId): 1 2. cancellations.Length: 4 3. email.Subject: starts with "Cuộc họp đã bị huỷ:" 4. email.Body: contains "Lý do huỷ: Lãnh đạo đi công tác" 5. email.Body: does not contain "https://" 6. email.CalendarAttachment: contains "METHOD:CANCEL" 7. … and 4 more Exception: N/A Log Message: N/A | E41: Normal | F41: Pending | I41: Pending | L41: Pending
A42: An_invitation_still_pending_when_the_meeting_is_cancelled_is_never_sent
A43: UTC018 | B43: 1. ParticipantDelivery runs in process; its dependencies are fakes or stubs. 2. Test data is seeded (meeting, users and agenda from the fixture). | C43: Write(secretary, s.Url + "/participants", HttpMethod.Post, new { user…; 201; "MSG96" | D43: Return: 1. Process(invitation.Id): 0 2. (db.MeetingInvitationDispatches.AsNoTracking().SingleAsync(d => d.Id == invitation.Id)).State: InvitationDispatchState.Suppressed 3. db.EmailMessages.AnyAsync(e => e.MeetingId == s.MeetingId): false Exception: N/A Log Message: N/A | E43: Normal | F43: Pending | I43: Pending | L43: Pending
A44: Hybrid_meeting_without_a_room_is_placed_at_its_link_alone
A45: UTC019 | B45: 1. ParticipantDelivery runs in process; its dependencies are fakes or stubs. 2. Test data is seeded (meeting, users and agenda from the fixture). | C45: Write(secretary, s.Url + "/participants", HttpMethod.Post, new { user…; 201; "MSG96" | D45: Return: "Phòng họp trực tuyến TrustCabinet" Exception: N/A Log Message: N/A | E45: Normal | F45: Pending | I45: Pending | L45: Pending
A46: Unavailable_guest_uses_exponential_dependency_delay_without_locking_meeting
A47: UTC020 | B47: 1. ParticipantDelivery runs in process; its dependencies are fakes or stubs. 2. Test data is seeded (meeting, users and agenda from the fixture). 3. id = AddGuest(s). 4. originalTime = f.Clock.Now. | C47: N/A | D47: Return: 1. Process(id).WaitAsync(TimeSpan.FromSeconds(5)): 0 2. dispatch.State: InvitationDispatchState.BlockedDependency 3. dispatch.NextAttemptAt: started.AddMinutes(minutes) 4. dispatch.AttemptCount: 0 Exception: N/A Log Message: N/A | E47: Normal | F47: Pending | I47: Pending | L47: Pending
A48: Materialization_is_atomic_deduplicated_and_smtp_disabled_retains_intent
A49: UTC021 | B49: 1. ParticipantDelivery runs in process; its dependencies are fakes or stubs. 2. Test data is seeded (meeting, users and agenda from the fixture). 3. _options.Smtp.Enabled = false. | C49: Write(secretary, s.Url + "/participants", HttpMethod.Post, new { user…; 201; "MSG96" | D49: Return: 1. Process(intent.Id): 0 2. db.EmailMessages.Where(e => e.MeetingId == s.MeetingId).ToArrayAsync(): empty 3. (Task.WhenAll(Process(intent.Id), Process(intent.Id))).Sum(): 1 4. email.DeduplicationKey: intent.DeduplicationKey 5. email.Body: contains "Thành viên" 6. email.CalendarAttachment: contains "BEGIN:VCALENDAR" 7. … and 2 more Exception: N/A Log Message: N/A | E49: Normal | F49: Pending | I49: Pending | L49: Pending
A50: Guest_dependency_blocks_without_consuming_retry_then_verified_link_can_materialize
A51: UTC022 | B51: 1. ParticipantDelivery runs in process; its dependencies are fakes or stubs. 2. Test data is seeded (meeting, users and agenda from the fixture). 3. id = AddGuest(s). | C51: N/A | D51: Return: 1. Process(id, links): 0 2. dispatch.State: InvitationDispatchState.BlockedDependency 3. dispatch.AttemptCount: 0 4. Process(id, links): 1 5. email.Body: contains "Xác minh email" 6. email.Body: does not contain "/mgmt/meetings" 7. … and 2 more Exception: N/A Log Message: N/A | E51: Normal | F51: Pending | I51: Pending | L51: Pending
A52: Removal_requires_materialized_invitation_for_same_owner
A53: UTC023 | B53: 1. ParticipantDelivery runs in process; its dependencies are fakes or stubs. 2. Test data is seeded (meeting, users and agenda from the fixture). 3. Guid id. 4. Guid ownerId. | C53: guest=false | D53: Return: 1. Process(id): 0 2. Process(removed.Id): 0 3. (check.MeetingInvitationDispatches.AsNoTracking().SingleAsync(d => d.Id == removed.Id)).State: InvitationDispatchState.Suppressed 4. check.EmailMessages.Where(e => e.MeetingId == s.MeetingId).ToArrayAsync(): empty Exception: N/A Log Message: N/A | E53: Normal | F53: Pending | I53: Pending | L53: Pending
A54: UTC024 | B54: 1. ParticipantDelivery runs in process; its dependencies are fakes or stubs. 2. Test data is seeded (meeting, users and agenda from the fixture). 3. Guid id. 4. Guid ownerId. | C54: guest=true | D54: Return: 1. Process(id): 0 2. Process(removed.Id): 0 3. (check.MeetingInvitationDispatches.AsNoTracking().SingleAsync(d => d.Id == removed.Id)).State: InvitationDispatchState.Suppressed 4. check.EmailMessages.Where(e => e.MeetingId == s.MeetingId).ToArrayAsync(): empty Exception: N/A Log Message: N/A | E54: Normal | F54: Pending | I54: Pending | L54: Pending
A55: Materialized_guest_invitation_allows_removal_without_protected_link
A56: UTC025 | B56: 1. ParticipantDelivery runs in process; its dependencies are fakes or stubs. 2. Test data is seeded (meeting, users and agenda from the fixture). | C56: legacyEmailOnly=false | D56: Return: 1. Process(id, new Links { Result = new(GuestLinkStatus.Ready, "https://meetings.test/verify") }): 1 2. Process(removed.Id): 1 3. email.Body: does not contain "https://" 4. email.CalendarAttachment: null Exception: N/A Log Message: N/A | E56: Normal | F56: Pending | I56: Pending | L56: Pending
A57: UTC026 | B57: 1. ParticipantDelivery runs in process; its dependencies are fakes or stubs. 2. Test data is seeded (meeting, users and agenda from the fixture). | C57: legacyEmailOnly=true | D57: Return: 1. Process(id, new Links { Result = new(GuestLinkStatus.Ready, "https://meetings.test/verify") }): 1 2. Process(removed.Id): 1 3. email.Body: does not contain "https://" 4. email.CalendarAttachment: null Exception: N/A Log Message: N/A | E57: Normal | F57: Pending | I57: Pending | L57: Pending
A58: Unexpected_provider_errors_retry_and_exhaust_budget
A59: UTC027 | B59: 1. ParticipantDelivery runs in process; its dependencies are fakes or stubs. 2. Test data is seeded (meeting, users and agenda from the fixture). 3. id = AddGuest(s). 4. links: a new Links is prepared. | C59: probe=true; cancellationException=false | D59: Return: 1. Process(id, links): 0 2. dispatch.AttemptCount: attempt 3. dispatch.LastError: failure.GetType().Name 4. dispatch.NextAttemptAt > f.Clock.Now: true 5. dispatch.State: attempt == _options.MaxAttempts ? InvitationDispatchState.Failed : InvitationDispatchState.Pending Exception: N/A Log Message: N/A | E59: Abnormal | F59: Pending | I59: Pending | L59: Pending
A60: UTC028 | B60: 1. ParticipantDelivery runs in process; its dependencies are fakes or stubs. 2. Test data is seeded (meeting, users and agenda from the fixture). 3. id = AddGuest(s). 4. links: a new Links is prepared. | C60: probe=false; cancellationException=false | D60: Return: 1. Process(id, links): 0 2. dispatch.AttemptCount: attempt 3. dispatch.LastError: failure.GetType().Name 4. dispatch.NextAttemptAt > f.Clock.Now: true 5. dispatch.State: attempt == _options.MaxAttempts ? InvitationDispatchState.Failed : InvitationDispatchState.Pending Exception: N/A Log Message: N/A | E60: Abnormal | F60: Pending | I60: Pending | L60: Pending
A61: UTC029 | B61: 1. ParticipantDelivery runs in process; its dependencies are fakes or stubs. 2. Test data is seeded (meeting, users and agenda from the fixture). 3. id = AddGuest(s). 4. links: a new Links is prepared. | C61: probe=true; cancellationException=true | D61: Return: 1. Process(id, links): 0 2. dispatch.AttemptCount: attempt 3. dispatch.LastError: failure.GetType().Name 4. dispatch.NextAttemptAt > f.Clock.Now: true 5. dispatch.State: attempt == _options.MaxAttempts ? InvitationDispatchState.Failed : InvitationDispatchState.Pending Exception: N/A Log Message: N/A | E61: Abnormal | F61: Pending | I61: Pending | L61: Pending
A62: UTC030 | B62: 1. ParticipantDelivery runs in process; its dependencies are fakes or stubs. 2. Test data is seeded (meeting, users and agenda from the fixture). 3. id = AddGuest(s). 4. links: a new Links is prepared. | C62: probe=false; cancellationException=true | D62: Return: 1. Process(id, links): 0 2. dispatch.AttemptCount: attempt 3. dispatch.LastError: failure.GetType().Name 4. dispatch.NextAttemptAt > f.Clock.Now: true 5. dispatch.State: attempt == _options.MaxAttempts ? InvitationDispatchState.Failed : InvitationDispatchState.Pending Exception: N/A Log Message: N/A | E62: Abnormal | F62: Pending | I62: Pending | L62: Pending
A63: Unexpected_dispatch_failure_does_not_block_later_dispatches_in_batch
A64: UTC031 | B64: 1. ParticipantDelivery runs in process; its dependencies are fakes or stubs. 2. Test data is seeded (meeting, users and agenda from the fixture). 3. id = AddGuest(s). 4. processor: a new MeetingInvitationDispatchProcessor is prepared. | C64: Write(secretary, s.Url + "/participants", HttpMethod.Post, new { user…; 201; "MSG96" | D64: Return: 1. db.MeetingInvitationDispatches.Where(d => d.Id == id).Select(d => d.AttemptCount).SingleAsync(): 1 2. db.EmailMessages.Where(e => e.MeetingId == s.MeetingId).ToArrayAsync(): exactly one item Exception: N/A Log Message: N/A | E64: Abnormal | F64: Pending | I64: Pending | L64: Pending
A65: Invalid_provider_url_retries_without_exposing_url_and_exhausts_attempt_budget
A66: UTC032 | B66: 1. ParticipantDelivery runs in process; its dependencies are fakes or stubs. 2. Test data is seeded (meeting, users and agenda from the fixture). 3. id = AddGuest(s). | C66: N/A | D66: Return: 1. Process(id, links): 0 2. dispatch.AttemptCount: 1 3. dispatch.LastError: "JsonException" 4. Process(id, links): 0 5. dispatch.State: InvitationDispatchState.Failed 6. db.EmailMessages.Where(e => e.MeetingId == s.MeetingId).ToArrayAsync(): empty Exception: N/A Log Message: N/A | E66: Abnormal | F66: Pending | I66: Pending | L66: Pending
A67: Publication_stages_all_recipients_in_the_same_transaction
A68: UTC033 | B68: 1. ParticipantDelivery runs in process; its dependencies are fakes or stubs. 2. Test data is seeded (MeetingStatus.Approved). | C68: Write(secretary, s.Url + "/guest-invitations", HttpMethod.Post, new {…; 201; "MSG96" | D68: Return: 1. db.MeetingInvitationDispatches.Where(d => d.MeetingId == s.MeetingId).ToArrayAsync(): empty 2. events.Length: 4 3. events.Single(d => d.ParticipantId == s.MemberAssignment).PayloadJson: does not contain "Permissions" 4. (check.Meetings.FindAsync(s.MeetingId)).Status: MeetingStatus.Approved 5. check.MeetingInvitationDispatches.Where(d => d.MeetingId == s.MeetingId).ToArrayAsync(): empty Exception: N/A Log Message: N/A | E68: Normal | F68: Pending | I68: Pending | L68: Pending
A69: Reschedule_notifies_current_guests_atomically_and_deduplicates_each_event
A70: UTC034 | B70: 1. ParticipantDelivery runs in process; its dependencies are fakes or stubs. 2. Test data is seeded (meeting, users and agenda from the fixture). 3. initialId = AddGuest(s). | C70: N/A | D70: Return: 1. Process(initialId, links): 1 2. (Reschedule(input)).Outcome: MeetingOutcome.SaveFailed 3. db.Meetings.AsNoTracking().Where(m => m.Id == s.MeetingId).Select(m => m.PlannedStartTime).SingleAsync(): meeting.PlannedStartTime 4. db.MeetingStatusHistory.Where(h => h.MeetingId == s.MeetingId).ToArrayAsync(): empty 5. db.Notifications.Where(n => n.MeetingId == s.MeetingId).ToArrayAsync(): empty 6. db.MeetingInvitationDispatches.Where(d => d.MeetingId == s.MeetingId).ToArrayAsync(): exactly one item 7. … and 15 more Exception: N/A Log Message: N/A | E70: Normal | F70: Pending | I70: Pending | L70: Pending
A71: Production_defaults_never_issue_guest_access_or_credentials
A72: UTC035 | B72: 1. ParticipantDelivery runs in process; its dependencies are fakes or stubs. | C72: new(Guid.NewGuid(), Guid.NewGuid(), Guid.NewGuid()); default | D72: Return: 1. new UnavailableParticipantGuestAccess().CanAccessAsync(new(Guid.NewGuid(), Guid.NewGuid(), Guid.NewGuid()), default): false 2. (new UnavailableGuestInvitationLinkProvider().PrepareAsync(Guid.NewGuid(), default)).Status: GuestLinkStatus.Unavailable Exception: N/A Log Message: N/A | E72: Normal | F72: Pending | I72: Pending | L72: Pending
A73: Dedicated_handover_notifies_both_readers_after_commit_and_never_on_rollback
A74: UTC036 | B74: 1. ParticipantHub runs in process; its dependencies are fakes or stubs. 2. Test data is seeded (meeting, users and agenda from the fixture). 3. oldEvents = Channel.CreateUnbounded<ParticipantsChange>(). 4. newEvents = Channel.CreateUnbounded<ParticipantsChange>(). 5. f.Failure.MeetingId = s.MeetingId. 6. Further arrangement is in the test source. | C74: chair | D74: Return: 1. newEvents.Reader.TryRead(out _): false 2. next: previous 3. previous.Revision: "1" 4. previous.EventId: not Guid.Empty 5. oldEvents.Reader.TryRead(out _): false 6. newEvents.Reader.TryRead(out _): false Exception: OperationCanceledException Log Message: N/A | E74: Normal | F74: Pending | I74: Pending | L74: Pending
A75: Committed_response_and_removal_reach_joined_reader_but_rollback_does_not
A76: UTC037 | B76: 1. ParticipantHub runs in process; its dependencies are fakes or stubs. 2. Test data is seeded (meeting, users and agenda from the fixture). 3. events = Channel.CreateUnbounded<ParticipantsChange>(). | C76: member | D76: Return: 1. response.MeetingId: s.MeetingId 2. response.EventId: not Guid.Empty 3. response.Revision: "0" 4. removed.Revision: "1" 5. (member.GetAsync(s.Url + "/participants")).StatusCode: HTTP 404 Not Found Exception: 1. HubException 2. OperationCanceledException 3. … and 1 more Log Message: N/A | E76: Normal | F76: Pending | I76: Pending | L76: Pending
A77: Chair_can_never_be_removed_or_demoted_without_a_replacement
A78: UTC038 | B78: 1. ParticipantRolePolicy runs in process; its dependencies are fakes or stubs. 2. Test data is seeded (status). | C78: status=MeetingStatus.Draft | D78: Return: completes without error Exception: N/A Log Message: N/A | E78: Normal | F78: Pending | I78: Pending | L78: Pending
A79: UTC039 | B79: 1. ParticipantRolePolicy runs in process; its dependencies are fakes or stubs. 2. Test data is seeded (status). | C79: status=MeetingStatus.Rejected | D79: Return: completes without error Exception: N/A Log Message: N/A | E79: Normal | F79: Pending | I79: Pending | L79: Pending
A80: UTC040 | B80: 1. ParticipantRolePolicy runs in process; its dependencies are fakes or stubs. 2. Test data is seeded (status). | C80: status=MeetingStatus.Approved | D80: Return: completes without error Exception: N/A Log Message: N/A | E80: Normal | F80: Pending | I80: Pending | L80: Pending
A81: UTC041 | B81: 1. ParticipantRolePolicy runs in process; its dependencies are fakes or stubs. 2. Test data is seeded (status). | C81: status=MeetingStatus.Published | D81: Return: completes without error Exception: N/A Log Message: N/A | E81: Normal | F81: Pending | I81: Pending | L81: Pending
A82: UTC042 | B82: 1. ParticipantRolePolicy runs in process; its dependencies are fakes or stubs. 2. Test data is seeded (status). | C82: status=MeetingStatus.InProgress | D82: Return: completes without error Exception: N/A Log Message: N/A | E82: Normal | F82: Pending | I82: Pending | L82: Pending
A83: Secretary_cannot_touch_active_chair_and_chair_can_hand_over
A84: UTC043 | B84: 1. ParticipantRolePolicy runs in process; its dependencies are fakes or stubs. 2. Test data is seeded (status). | C84: status=MeetingStatus.Published | D84: Return: 1. (db.MeetingParticipants.FindAsync(s.ChairAssignment)).Role: MeetingRole.Member 2. (db.MeetingParticipants.FindAsync(s.MemberAssignment)).Role: MeetingRole.Chair 3. (db.Notifications.SingleAsync(n => n.MeetingId == s.MeetingId && n.Type == NotificationType.MeetingRoleChanged)).UserId: s.Member 4. db.MeetingInvitationDispatches.CountAsync(d => d.MeetingId == s.MeetingId && d.EventKind == InvitationEventKind.RoleChanged): 2 Exception: N/A Log Message: N/A | E84: Abnormal | F84: Pending | I84: Pending | L84: Pending
A85: UTC044 | B85: 1. ParticipantRolePolicy runs in process; its dependencies are fakes or stubs. 2. Test data is seeded (status). | C85: status=MeetingStatus.InProgress | D85: Return: 1. (db.MeetingParticipants.FindAsync(s.ChairAssignment)).Role: MeetingRole.Member 2. (db.MeetingParticipants.FindAsync(s.MemberAssignment)).Role: MeetingRole.Chair 3. (db.Notifications.SingleAsync(n => n.MeetingId == s.MeetingId && n.Type == NotificationType.MeetingRoleChanged)).UserId: s.Member 4. db.MeetingInvitationDispatches.CountAsync(d => d.MeetingId == s.MeetingId && d.EventKind == InvitationEventKind.RoleChanged): 2 Exception: N/A Log Message: N/A | E85: Abnormal | F85: Pending | I85: Pending | L85: Pending
A86: Invalid_chair_recipient_is_rejected
A87: UTC045 | B87: 1. ParticipantRolePolicy runs in process; its dependencies are fakes or stubs. 2. Test data is seeded (meeting, users and agenda from the fixture). | C87: kind="Secretary" | D87: Return: completes without error Exception: N/A Log Message: N/A | E87: Abnormal | F87: Pending | I87: Pending | L87: Pending
A88: UTC046 | B88: 1. ParticipantRolePolicy runs in process; its dependencies are fakes or stubs. 2. Test data is seeded (meeting, users and agenda from the fixture). | C88: kind="Inactive" | D88: Return: completes without error Exception: N/A Log Message: N/A | E88: Abnormal | F88: Pending | I88: Pending | L88: Pending
A89: UTC047 | B89: 1. ParticipantRolePolicy runs in process; its dependencies are fakes or stubs. 2. Test data is seeded (meeting, users and agenda from the fixture). | C89: kind="Removed" | D89: Return: completes without error Exception: N/A Log Message: N/A | E89: Abnormal | F89: Pending | I89: Pending | L89: Pending
A90: UTC048 | B90: 1. ParticipantRolePolicy runs in process; its dependencies are fakes or stubs. 2. Test data is seeded (meeting, users and agenda from the fixture). | C90: kind="Missing" | D90: Return: completes without error Exception: N/A Log Message: N/A | E90: Abnormal | F90: Pending | I90: Pending | L90: Pending
A91: Chair_reads_prepublication_and_member_does_not
A92: UTC049 | B92: 1. ParticipantRolePolicy runs in process; its dependencies are fakes or stubs. 2. Test data is seeded (status). | C92: status=MeetingStatus.Draft | D92: Return: 1. (chair.GetAsync(s.Url)).StatusCode: HTTP 200 OK 2. (member.GetAsync(s.Url)).StatusCode: HTTP 404 Not Found 3. (chair.GetAsync(s.Url + "/participants")).StatusCode: HTTP 200 OK Exception: N/A Log Message: N/A | E92: Normal | F92: Pending | I92: Pending | L92: Pending
A93: UTC050 | B93: 1. ParticipantRolePolicy runs in process; its dependencies are fakes or stubs. 2. Test data is seeded (status). | C93: status=MeetingStatus.WaitingApproval | D93: Return: 1. (chair.GetAsync(s.Url)).StatusCode: HTTP 200 OK 2. (member.GetAsync(s.Url)).StatusCode: HTTP 404 Not Found 3. (chair.GetAsync(s.Url + "/participants")).StatusCode: HTTP 200 OK Exception: N/A Log Message: N/A | E93: Normal | F93: Pending | I93: Pending | L93: Pending
A94: Chair_and_secretary_manage_before_publication
A95: UTC051 | B95: 1. ParticipantRolePolicy runs in process; its dependencies are fakes or stubs. 2. Test data is seeded (MeetingStatus.Draft). | C95: Write(chair, s.Url + "/participants", HttpMethod.Post, new { userIds…; 201; "MSG96" | D95: Return: completes without error Exception: N/A Log Message: N/A | E95: Normal | F95: Pending | I95: Pending | L95: Pending
A96: Non_managers_read_roster_but_cannot_mutate
A97: UTC052 | B97: 1. ParticipantRolePolicy runs in process; its dependencies are fakes or stubs. 2. Test data is seeded (meeting, users and agenda from the fixture). | C97: N/A | D97: Return: 1. page.total: 0 2. page.TryGetProperty("totals", out _): false 3. row.response: "Accepted" 4. row.respondedAt: f.Clock.Now Exception: N/A Log Message: N/A | E97: Abnormal | F97: Pending | I97: Pending | L97: Pending
A98: Context_tracks_chair_authority_and_removed_contracts_are_rejected
A99: UTC053 | B99: 1. ParticipantRolePolicy runs in process; its dependencies are fakes or stubs. 2. Test data is seeded (meeting, users and agenda from the fixture). 3. context = secretary.GetFromJsonAsync<JsonElement>(s.Url + "/participant-context"). | C99: s.Secretary | D99: Return: 1. context.myRole: "Secretary" 2. context.permissions.canReplaceChair: false 3. context.permissions.canReplaceChair: true 4. context.permissions.Count(): 3 5. (Write(secretary, s.Url + "/participants/secretary-recovery", HttpMethod.Post, new { userId = s.Outsider })).StatusCode: HTTP 405 Method Not Allowed 6. (Write(secretary, s.Url + $"/guest-invitations/{Guid.NewGuid()}/permissions", HttpMethod.Put, new { })).StatusCode: HTTP 405 Method Not Allowed 7. … and 1 more Exception: N/A Log Message: N/A | E99: Abnormal | F99: Pending | I99: Pending | L99: Pending
A100: Events_include_removed_reader_and_response_audit_only_contains_changed_row
A101: UTC054 | B101: 1. ParticipantRolePolicy runs in process; its dependencies are fakes or stubs. 2. Test data is seeded (meeting, users and agenda from the fixture). | C101: Write(member, s.Url + "/invitation-response", HttpMethod.Put, new { r…; 200; "MSG105" | D101: Return: 1. f.Changes.Events: exactly one item 2. responseEvent.Users: contains s.Member 3. responseEvent.Users: contains s.Organizer 4. responseEvent.Users: does not contain s.Outsider 5. changes: exactly one item 6. change.id: s.MemberAssignment 7. … and 3 more Exception: N/A Log Message: N/A | E101: Normal | F101: Pending | I101: Pending | L101: Pending
A102: Creation_validates_and_saves_roster_atomically
...

Sheet Recordings
A2: Code Module | B2: Recordings | T2: Passed
A3: Number of TCs | B3: =COUNTIF(A12:A19,"UTC*") -> 4 | T3: Failed
A4: Testing Round | B4: Passed | C4: Failed | D4: Pending | T4: Pending
A5: Round 1 | B5: =COUNTIF($F$12:$F$19,B$4) -> 0 | C5: =COUNTIF($F$12:$F$19,C$4) -> 0 | D5: =COUNTIF($F$12:$F$19,D$4) -> 4 | T5: N/A
A6: Round 2 | B6: =COUNTIF($I$12:$I$19,B$4) -> 0 | C6: =COUNTIF($I$12:$I$19,C$4) -> 0 | D6: =COUNTIF($I$12:$I$19,D$4) -> 4
A7: Round 3 | B7: =COUNTIF($L$12:$L$19,B$4) -> 0 | C7: =COUNTIF($L$12:$L$19,C$4) -> 0 | D7: =COUNTIF($L$12:$L$19,D$4) -> 4
A8: Testing Type | B8: Normal | C8: Abnormal | D8: Boundary | T8: N/A
A9: Count | B9: =COUNTIF($E$12:$E$19,B$8) -> 2 | C9: =COUNTIF($E$12:$E$19,C$8) -> 0 | D9: =COUNTIF($E$12:$E$19,D$8) -> 2
A11: Test Case ID | B11: Pre-conditions | C11: Input parameters | D11: Expected Results | E11: Type | F11: Round 1 | G11: Test date | H11: Tester | I11: Round 2 | J11: Test date | K11: Tester | L11: Round 3 | M11: Test date | N11: Tester | O11: Defect IDs | P11: Note
A12: Cosine_ignores_length_and_refuses_mismatched_dimensions
A13: UTC001 | B13: 1. SpeakerMatcher runs in process; its dependencies are fakes or stubs. | C13: [1, 2, 3]; [2, 4, 6] | D13: Return: 1. SpeakerMatcher.Cosine([1, 2, 3], [2, 4, 6]): 1 2. SpeakerMatcher.Cosine([1, 0], [0, 1]): 0 3. SpeakerMatcher.Cosine([1, 0], [1, 0, 0]): 0 4. SpeakerMatcher.Cosine([0, 0], [1, 0]): 0 Exception: N/A Log Message: N/A | E13: Boundary | F13: Pending | I13: Pending | L13: Pending
A14: Below_the_threshold_a_voice_stays_unnamed
A15: UTC002 | B15: 1. SpeakerMatcher runs in process; its dependencies are fakes or stubs. | C15: [new("SPEAKER_00", 1000, [1f, 1f])]; C(Lan, [1f, -0.6f]) | D15: Return: empty Exception: N/A Log Message: N/A | E15: Boundary | F15: Pending | I15: Pending | L15: Pending
A16: A_near_tie_between_two_people_is_not_guessed
A17: UTC003 | B17: 1. SpeakerMatcher runs in process; its dependencies are fakes or stubs. | C17: [new("SPEAKER_00", 1000, [1f, 1f])]; C(Lan, [1f, 0.9f]); C(Minh, [0.9f, 1f]) | D17: Return: empty Exception: N/A Log Message: N/A | E17: Normal | F17: Pending | I17: Pending | L17: Pending
A18: The_best_sample_counts_and_a_person_is_suggested_for_one_voice_only
A19: UTC004 | B19: 1. SpeakerMatcher runs in process; its dependencies are fakes or stubs. | C19: [new("SPEAKER_00", 1000, [1f, 0.05f]), new("SPEAKER_01", 1000, [0.95f…; C(Lan, [0.6f, 0.8f]); C(Lan, [1f, 0f]); C(Minh, [0f, 1f]) | D19: Return: 1. result["SPEAKER_00"].UserId: Lan 2. result["SPEAKER_02"].UserId: Minh 3. ContainsKey("SPEAKER_01"): false Exception: N/A Log Message: N/A | E19: Normal | F19: Pending | I19: Pending | L19: Pending

Sheet Users
A2: Code Module | B2: Users | T2: Passed
A3: Number of TCs | B3: =COUNTIF(A12:A178,"UTC*") -> 88 | T3: Failed
A4: Testing Round | B4: Passed | C4: Failed | D4: Pending | T4: Pending
A5: Round 1 | B5: =COUNTIF($F$12:$F$178,B$4) -> 0 | C5: =COUNTIF($F$12:$F$178,C$4) -> 0 | D5: =COUNTIF($F$12:$F$178,D$4) -> 88 | T5: N/A
A6: Round 2 | B6: =COUNTIF($I$12:$I$178,B$4) -> 0 | C6: =COUNTIF($I$12:$I$178,C$4) -> 0 | D6: =COUNTIF($I$12:$I$178,D$4) -> 88
A7: Round 3 | B7: =COUNTIF($L$12:$L$178,B$4) -> 0 | C7: =COUNTIF($L$12:$L$178,C$4) -> 0 | D7: =COUNTIF($L$12:$L$178,D$4) -> 88
A8: Testing Type | B8: Normal | C8: Abnormal | D8: Boundary | T8: N/A
A9: Count | B9: =COUNTIF($E$12:$E$178,B$8) -> 40 | C9: =COUNTIF($E$12:$E$178,C$8) -> 40 | D9: =COUNTIF($E$12:$E$178,D$8) -> 8
A11: Test Case ID | B11: Pre-conditions | C11: Input parameters | D11: Expected Results | E11: Type | F11: Round 1 | G11: Test date | H11: Tester | I11: Round 2 | J11: Test date | K11: Tester | L11: Round 3 | M11: Test date | N11: Tester | O11: Defect IDs | P11: Note
A12: List_returns_every_account_sorted_by_name
A13: UTC001 | B13: 1. UserService runs in process; its dependencies are fakes or stubs. 2. GivenUser("Phạm Quản Trị", "quantri@trustcabinet.local", BuiltInRoles.Admin). 3. GivenUser("Lê Thành Viên", "thanhvien@trustcabinet.local"). 4. GivenUser("Nguyễn Thư Ký", "thuky@trustcabinet.local", BuiltInRoles.Secretary). | C13: N/A | D13: Return: ["Lê Thành Viên", "Nguyễn Thư Ký", "Phạm Quản Trị"] Exception: N/A Log Message: N/A | E13: Normal | F13: Pending | I13: Pending | L13: Pending
A14: List_includes_deactivated_accounts
A15: UTC002 | B15: 1. UserService runs in process; its dependencies are fakes or stubs. 2. GivenUser(isActive: false). | C15: N/A | D15: Return: false Exception: N/A Log Message: N/A | E15: Abnormal | F15: Pending | I15: Pending | L15: Pending
A16: List_never_exposes_the_password_hash
A17: UTC003 | B17: 1. UserService runs in process; its dependencies are fakes or stubs. | C17: N/A | D17: Return: 1. NewService().ListAsync(): exactly one item 2. account.HasPassword: true 3. typeof(UserAccount).GetProperties().Select(p => p.Name): does not contain nameof(User.PasswordHash) Exception: N/A Log Message: N/A | E17: Normal | F17: Pending | I17: Pending | L17: Pending
A18: Create_stores_an_active_account_and_records_the_audit_entry
A19: UTC004 | B19: 1. UserService runs in process; its dependencies are fakes or stubs. | C19: new NewUser("Trần Chủ Toạ", "chutoa@trustcabinet.local", ValidPasswor…; _actorId | D19: Return: 1. Succeeded: true 2. Account.Email: "chutoa@trustcabinet.local" 3. Account.RoleId: BuiltInRoles.Chair 4. Account.RoleName: "Chủ toạ" 5. Account.IsActive: true Exception: N/A Log Message: N/A | E19: Normal | F19: Pending | I19: Pending | L19: Pending
A20: Create_hashes_the_password_instead_of_storing_it
A21: UTC005 | B21: 1. UserService runs in process; its dependencies are fakes or stubs. 2. hasher = new Authentication.PasswordHasher(). 3. service: a new UserService is prepared. | C21: new NewUser("Trần Chủ Toạ", "chutoa@trustcabinet.local", ValidPasswor…; _actorId | D21: Return: 1. _users.Users: exactly one item 2. stored: not null 3. stored: does not contain ValidPassword 4. hasher.Verify(stored, ValidPassword): true Exception: N/A Log Message: N/A | E21: Normal | F21: Pending | I21: Pending | L21: Pending
A22: Create_never_puts_the_password_in_the_audit_details
A23: UTC006 | B23: 1. UserService runs in process; its dependencies are fakes or stubs. | C23: new NewUser("Trần Chủ Toạ", "chutoa@trustcabinet.local", ValidPasswor…; _actorId | D23: Return: 1. _audit.Records: exactly one item 2. details: does not contain ValidPassword 3. details: does not contain "hashed:" Exception: N/A Log Message: N/A | E23: Normal | F23: Pending | I23: Pending | L23: Pending
A24: Create_rejects_invalid_information
A25: UTC007 | B25: 1. UserService runs in process; its dependencies are fakes or stubs. | C25: fullName=""; email="hople@trustcabinet.local"; field="fullName" | D25: Return: 1. Outcome: UserOutcome.InvalidInformation 2. Errors.Keys: contains field 3. Account: null Exception: N/A Log Message: N/A | E25: Abnormal | F25: Pending | I25: Pending | L25: Pending
A26: UTC008 | B26: 1. UserService runs in process; its dependencies are fakes or stubs. | C26: fullName=" "; email="hople@trustcabinet.local"; field="fullName" | D26: Return: 1. Outcome: UserOutcome.InvalidInformation 2. Errors.Keys: contains field 3. Account: null Exception: N/A Log Message: N/A | E26: Abnormal | F26: Pending | I26: Pending | L26: Pending
A27: UTC009 | B27: 1. UserService runs in process; its dependencies are fakes or stubs. | C27: fullName="Tên hợp lệ"; email=""; field="email" | D27: Return: 1. Outcome: UserOutcome.InvalidInformation 2. Errors.Keys: contains field 3. Account: null Exception: N/A Log Message: N/A | E27: Abnormal | F27: Pending | I27: Pending | L27: Pending
A28: UTC010 | B28: 1. UserService runs in process; its dependencies are fakes or stubs. | C28: fullName="Tên hợp lệ"; email="khong-phai-email"; field="email" | D28: Return: 1. Outcome: UserOutcome.InvalidInformation 2. Errors.Keys: contains field 3. Account: null Exception: N/A Log Message: N/A | E28: Abnormal | F28: Pending | I28: Pending | L28: Pending
A29: UTC011 | B29: 1. UserService runs in process; its dependencies are fakes or stubs. | C29: fullName="Tên hợp lệ"; email="thieu@ten-mien"; field="email" | D29: Return: 1. Outcome: UserOutcome.InvalidInformation 2. Errors.Keys: contains field 3. Account: null Exception: N/A Log Message: N/A | E29: Abnormal | F29: Pending | I29: Pending | L29: Pending
A30: UTC012 | B30: 1. UserService runs in process; its dependencies are fakes or stubs. | C30: fullName="Tên hợp lệ"; email="co khoang trang@x.vn"; field="email" | D30: Return: 1. Outcome: UserOutcome.InvalidInformation 2. Errors.Keys: contains field 3. Account: null Exception: N/A Log Message: N/A | E30: Abnormal | F30: Pending | I30: Pending | L30: Pending
A31: Create_rejects_a_password_shorter_than_the_minimum
A32: UTC013 | B32: 1. UserService runs in process; its dependencies are fakes or stubs. | C32: new NewUser("Tên hợp lệ", "hople@trustcabinet.local", "ngan", BuiltIn…; _actorId | D32: Return: 1. Outcome: UserOutcome.InvalidInformation 2. Errors.Keys: contains "password" Exception: N/A Log Message: N/A | E32: Boundary | F32: Pending | I32: Pending | L32: Pending
A33: Create_rejects_a_role_that_does_not_exist
A34: UTC014 | B34: 1. UserService runs in process; its dependencies are fakes or stubs. | C34: new NewUser("Tên hợp lệ", "hople@trustcabinet.local", ValidPassword,…; _actorId | D34: Return: 1. Outcome: UserOutcome.InvalidInformation 2. Errors!["roleId"]: "Vai trò không tồn tại." Exception: N/A Log Message: N/A | E34: Abnormal | F34: Pending | I34: Pending | L34: Pending
A35: Create_accepts_a_role_an_administrator_created
A36: UTC015 | B36: 1. UserService runs in process; its dependencies are fakes or stubs. 2. deputy = new Role { Name = "Thư ký phó" }. 3. _users.WithRole(deputy, Capability.MinutesEditor). | C36: new NewUser("Phó Thư Ký", "phothuky@trustcabinet.local", ValidPasswor…; _actorId | D36: Return: 1. Succeeded: true 2. Account.RoleId: deputy.Id 3. Account.RoleName: "Thư ký phó" Exception: N/A Log Message: N/A | E36: Normal | F36: Pending | I36: Pending | L36: Pending
A37: Create_reports_every_invalid_field_at_once
A38: UTC016 | B38: 1. UserService runs in process; its dependencies are fakes or stubs. | C38: new NewUser("", "khong-phai-email", "ngan", BuiltInRoles.Member); _actorId | D38: Return: ["email", "fullName", "password"] Exception: N/A Log Message: N/A | E38: Abnormal | F38: Pending | I38: Pending | L38: Pending
A39: Create_rejects_an_email_that_already_exists
A40: UTC017 | B40: 1. UserService runs in process; its dependencies are fakes or stubs. 2. GivenUser(email: "trungnhau@trustcabinet.local"). | C40: new NewUser("Tên khác", "trungnhau@trustcabinet.local", ValidPassword…; _actorId | D40: Return: UserOutcome.DuplicateEmail Exception: N/A Log Message: N/A | E40: Abnormal | F40: Pending | I40: Pending | L40: Pending
A41: Create_rejects_an_email_that_differs_only_in_case
A42: UTC018 | B42: 1. UserService runs in process; its dependencies are fakes or stubs. 2. GivenUser(email: "trungnhau@trustcabinet.local"). | C42: new NewUser("Tên khác", "TrungNhau@TrustCabinet.local", ValidPassword…; _actorId | D42: Return: UserOutcome.DuplicateEmail Exception: N/A Log Message: N/A | E42: Abnormal | F42: Pending | I42: Pending | L42: Pending
A43: Create_trims_surrounding_whitespace
A44: UTC019 | B44: 1. UserService runs in process; its dependencies are fakes or stubs. | C44: new NewUser(" Trần Chủ Toạ ", " chutoa@trustcabinet.local ", ValidPas…; _actorId | D44: Return: 1. Succeeded: true 2. Account.Email: "chutoa@trustcabinet.local" 3. Account.FullName: "Trần Chủ Toạ" Exception: N/A Log Message: N/A | E44: Normal | F44: Pending | I44: Pending | L44: Pending
A45: Create_does_not_audit_when_the_account_was_not_stored
A46: UTC020 | B46: 1. UserService runs in process; its dependencies are fakes or stubs. 2. _users.NextSaveThrows = DuplicateEmailException(). | C46: new NewUser("Tên hợp lệ", "hople@trustcabinet.local", ValidPassword,…; _actorId | D46: Return: UserOutcome.DuplicateEmail Exception: N/A Log Message: N/A | E46: Normal | F46: Pending | I46: Pending | L46: Pending
A47: Create_answers_MSG09_on_the_role_when_the_role_is_deleted_before_the_save
A48: UTC021 | B48: 1. UserService runs in process; its dependencies are fakes or stubs. 2. _users.NextSaveThrows = new Microsoft.EntityFrameworkCore.DbUpdateException( "insert or update violates foreign k…. | C48: new NewUser("Tên hợp lệ", "hople@trustcabinet.local", ValidPassword,…; _actorId | D48: Return: 1. Outcome: UserOutcome.InvalidInformation 2. Errors!["roleId"]: "Vai trò không tồn tại." Exception: N/A Log Message: N/A | E48: Abnormal | F48: Pending | I48: Pending | L48: Pending
A49: Get_returns_the_current_information_for_the_edit_form
A50: UTC022 | B50: 1. UserService runs in process; its dependencies are fakes or stubs. 2. user: a user with role Secretary exists ("Nguyễn Thư Ký", "thuky@trustcabinet.local", BuiltInRoles.Secretary). | C50: user.Id | D50: Return: 1. Succeeded: true 2. Account.FullName: "Nguyễn Thư Ký" 3. Account.RoleId: BuiltInRoles.Secretary Exception: N/A Log Message: N/A | E50: Normal | F50: Pending | I50: Pending | L50: Pending
A51: Get_reports_not_found_for_an_unknown_account
A52: UTC023 | B52: 1. UserService runs in process; its dependencies are fakes or stubs. | C52: Guid.CreateVersion7() | D52: Return: 1. Outcome: UserOutcome.NotFound 2. Account: null Exception: N/A Log Message: N/A | E52: Abnormal | F52: Pending | I52: Pending | L52: Pending
A53: Update_changes_the_account_and_records_what_it_was_before
A54: UTC024 | B54: 1. UserService runs in process; its dependencies are fakes or stubs. 2. user: a user with role Member exists ("Tên Cũ", "cu@trustcabinet.local", BuiltInRoles.Member). | C54: user.Id; new UserEdit("Tên Mới", "moi@trustcabinet.local", BuiltInRoles.Secret…; _actorId | D54: Return: 1. Succeeded: true 2. Account.FullName: "Tên Mới" 3. Account.Email: "moi@trustcabinet.local" 4. Account.RoleId: BuiltInRoles.Secretary Exception: N/A Log Message: N/A | E54: Normal | F54: Pending | I54: Pending | L54: Pending
A55: Update_lets_an_account_keep_its_own_email
A56: UTC025 | B56: 1. UserService runs in process; its dependencies are fakes or stubs. 2. user: a user with role Member exists (email: "giunguyen@trustcabinet.local"). | C56: user.Id; new UserEdit("Tên Mới", "giunguyen@trustcabinet.local", user.RoleId); _actorId | D56: Return: true Exception: N/A Log Message: N/A | E56: Normal | F56: Pending | I56: Pending | L56: Pending
A57: Update_rejects_an_email_another_account_already_uses
A58: UTC026 | B58: 1. UserService runs in process; its dependencies are fakes or stubs. 2. user: a user with role Member exists (email: "nguoi-mot@trustcabinet.local"). 3. GivenUser("Người Hai", "nguoi-hai@trustcabinet.local"). | C58: user.Id; new UserEdit(user.FullName, "nguoi-hai@trustcabinet.local", user.Role…; _actorId | D58: Return: UserOutcome.DuplicateEmail Exception: N/A Log Message: N/A | E58: Abnormal | F58: Pending | I58: Pending | L58: Pending
A59: Update_rejects_invalid_information_without_touching_the_account
A60: UTC027 | B60: 1. UserService runs in process; its dependencies are fakes or stubs. 2. user: a user with role Member exists ("Tên Cũ", "cu@trustcabinet.local"). | C60: user.Id; new UserEdit("", "khong-phai-email", BuiltInRoles.Member); _actorId | D60: Return: UserOutcome.InvalidInformation Exception: N/A Log Message: N/A | E60: Abnormal | F60: Pending | I60: Pending | L60: Pending
A61: Update_reports_not_found_for_an_unknown_account
A62: UTC028 | B62: 1. UserService runs in process; its dependencies are fakes or stubs. | C62: Guid.CreateVersion7(); new UserEdit("Tên hợp lệ", "hople@trustcabinet.local", BuiltInRoles.M…; _actorId | D62: Return: UserOutcome.NotFound Exception: N/A Log Message: N/A | E62: Abnormal | F62: Pending | I62: Pending | L62: Pending
A63: Update_keeps_the_sessions_and_tells_the_account_when_the_role_changes
A64: UTC029 | B64: 1. UserService runs in process; its dependencies are fakes or stubs. 2. user: a user with role Member exists (role: BuiltInRoles.Member). | C64: "rt-cua-ho"; user.Id; TimeSpan.FromDays(7) | D64: Return: 1. _refreshTokens.ActiveTokens: exactly one item 2. _capabilitiesChanged.Notified: [user.Id] Exception: N/A Log Message: N/A | E64: Normal | F64: Pending | I64: Pending | L64: Pending
A65: A_role_and_email_change_together_ends_the_session_without_a_push
A66: UTC030 | B66: 1. UserService runs in process; its dependencies are fakes or stubs. 2. user: a user with role Member exists (role: BuiltInRoles.Member). | C66: "rt-cua-ho"; user.Id; TimeSpan.FromDays(7) | D66: Return: 1. _refreshTokens.ActiveTokens: empty 2. _capabilitiesChanged.Notified: empty Exception: N/A Log Message: N/A | E66: Normal | F66: Pending | I66: Pending | L66: Pending
A67: A_role_change_survives_the_push_failing
A68: UTC031 | B68: 1. UserService runs in process; its dependencies are fakes or stubs. 2. user: a user with role Member exists (role: BuiltInRoles.Member). 3. _capabilitiesChanged.OnPublish = () => throw new InvalidOperationException("Hub khong phan hoi"). | C68: user.Id; new UserEdit(user.FullName, user.Email, BuiltInRoles.Secretary); _actorId | D68: Return: true Exception: N/A Log Message: N/A | E68: Abnormal | F68: Pending | I68: Pending | L68: Pending
A69: Update_keeps_the_sessions_when_the_role_is_unchanged
A70: UTC032 | B70: 1. UserService runs in process; its dependencies are fakes or stubs. 2. user: a user with role Secretary exists (role: BuiltInRoles.Secretary). | C70: "rt-cua-ho"; user.Id; TimeSpan.FromDays(7) | D70: Return: 1. _refreshTokens.ActiveTokens: exactly one item 2. _capabilitiesChanged.Notified: empty Exception: N/A Log Message: N/A | E70: Normal | F70: Pending | I70: Pending | L70: Pending
A71: Update_refuses_to_let_an_administrator_drop_their_own_admin_role
A72: UTC033 | B72: 1. UserService runs in process; its dependencies are fakes or stubs. 2. admin: a user with role Admin exists ("Phạm Quản Trị", "quantri@trustcabinet.local", BuiltInRoles.Admin). | C72: admin.Id; new UserEdit(admin.FullName, admin.Email, BuiltInRoles.Member); admin.Id | D72: Return: UserOutcome.StatusChangeNotAllowed Exception: N/A Log Message: N/A | E72: Abnormal | F72: Pending | I72: Pending | L72: Pending
A73: Update_lets_an_administrator_edit_their_own_name
A74: UTC034 | B74: 1. UserService runs in process; its dependencies are fakes or stubs. 2. admin: a user with role Admin exists ("Phạm Quản Trị", "quantri@trustcabinet.local", BuiltInRoles.Admin). | C74: admin.Id; new UserEdit("Phạm Quản Trị (mới)", admin.Email, BuiltInRoles.Admin); admin.Id | D74: Return: true Exception: N/A Log Message: N/A | E74: Normal | F74: Pending | I74: Pending | L74: Pending
A75: Update_lets_one_administrator_demote_another_while_one_remains
A76: UTC035 | B76: 1. UserService runs in process; its dependencies are fakes or stubs. 2. GivenUser("Quản Trị Một", "quantri1@trustcabinet.local", BuiltInRoles.Admin). 3. other: a user with role Admin exists ("Quản Trị Hai", "quantri2@trustcabinet.local", BuiltInRoles.Admin). | C76: other.Id; new UserEdit(other.FullName, other.Email, BuiltInRoles.Member); _actorId | D76: Return: true Exception: N/A Log Message: N/A | E76: Normal | F76: Pending | I76: Pending | L76: Pending
A77: Update_refuses_to_demote_the_last_administrator
A78: UTC036 | B78: 1. UserService runs in process; its dependencies are fakes or stubs. 2. only: a user with role Admin exists ("Quản Trị Duy Nhất", "quantri@trustcabinet.local", BuiltInRoles.Admin). | C78: only.Id; new UserEdit(only.FullName, only.Email, BuiltInRoles.Member); _actorId | D78: Return: UserOutcome.StatusChangeNotAllowed Exception: N/A Log Message: N/A | E78: Boundary | F78: Pending | I78: Pending | L78: Pending
A79: Update_lets_the_last_administrator_keep_administering_under_another_role
A80: UTC037 | B80: 1. UserService runs in process; its dependencies are fakes or stubs. 2. only: a user with role Admin exists ("Quản Trị Duy Nhất", "quantri@trustcabinet.local", BuiltInRoles.Admin). 3. _users.WithCapabilities(BuiltInRoles.Chair, Capability.AdminUsers). | C80: only.Id; new UserEdit(only.FullName, only.Email, BuiltInRoles.Chair); _actorId | D80: Return: true Exception: N/A Log Message: N/A | E80: Boundary | F80: Pending | I80: Pending | L80: Pending
A81: An_inactive_account_can_still_be_moved_to_another_role
A82: UTC038 | B82: 1. UserService runs in process; its dependencies are fakes or stubs. 2. retired: a user with role Admin exists ("Quản Trị Đã Nghỉ", "danghi@trustcabinet.local", BuiltInRoles.Admin,…). | C82: retired.Id; new UserEdit(retired.FullName, retired.Email, BuiltInRoles.Member); _actorId | D82: Return: true Exception: N/A Log Message: N/A | E82: Abnormal | F82: Pending | I82: Pending | L82: Pending
A83: Changing_an_email_ends_the_sessions_too
A84: UTC039 | B84: 1. UserService runs in process; its dependencies are fakes or stubs. 2. user: a user with role Member exists ("Lê Thành Viên", "cu@trustcabinet.local"). | C84: "rt-cua-ho"; user.Id; TimeSpan.FromDays(7) | D84: Return: true Exception: N/A Log Message: N/A | E84: Normal | F84: Pending | I84: Pending | L84: Pending
A85: Renaming_somebody_leaves_their_session_alone
A86: UTC040 | B86: 1. UserService runs in process; its dependencies are fakes or stubs. 2. user: a user with role Member exists ("Lê Thành Viên", "thanhvien@trustcabinet.local"). | C86: "rt-cua-ho"; user.Id; TimeSpan.FromDays(7) | D86: Return: true Exception: N/A Log Message: N/A | E86: Normal | F86: Pending | I86: Pending | L86: Pending
A87: Both_writes_that_touch_the_invariant_run_under_the_shared_lock
A88: UTC041 | B88: 1. UserService runs in process; its dependencies are fakes or stubs. 2. target: a user with role Member exists ("Lê Thành Viên", "thanhvien@trustcabinet.local"). | C88: target.Id; new UserEdit(target.FullName, target.Email, BuiltInRoles.Chair); _actorId | D88: Return: 2 Exception: N/A Log Message: N/A | E88: Normal | F88: Pending | I88: Pending | L88: Pending
A89: Sessions_are_ended_after_the_transaction_commits_not_inside_it
A90: UTC042 | B90: 1. UserService runs in process; its dependencies are fakes or stubs. 2. user: a user with role Member exists ("Lê Thành Viên", "thanhvien@trustcabinet.local"). | C90: "rt-cua-ho"; user.Id; TimeSpan.FromDays(7) | D90: Return: 1. _invariant.IsInsideWrite: false 2. result.Succeeded: true 3. _refreshTokens.ActiveTokens: empty Exception: N/A Log Message: N/A | E90: Normal | F90: Pending | I90: Pending | L90: Pending
A91: A_role_change_is_pushed_after_the_transaction_commits_not_inside_it
A92: UTC043 | B92: 1. UserService runs in process; its dependencies are fakes or stubs. | C92: N/A | D92: Return: 1. _invariant.IsInsideWrite: false 2. result.Succeeded: true 3. _capabilitiesChanged.Notified: [user.Id] Exception: N/A Log Message: N/A | E92: Normal | F92: Pending | I92: Pending | L92: Pending
A93: A_change_survives_the_session_store_being_down
A94: UTC044 | B94: 1. UserService runs in process; its dependencies are fakes or stubs. 2. user: a user with role Member exists ("Lê Thành Viên", "thanhvien@trustcabinet.local"). 3. _refreshTokens.OnRevokeAll = () => throw new InvalidOperationException("Redis khong phan hoi"). | C94: user.Id; new UserEdit(user.FullName, "dia-chi-moi@trustcabinet.local", BuiltIn…; _actorId | D94: Return: true Exception: N/A Log Message: N/A | E94: Normal | F94: Pending | I94: Pending | L94: Pending
A95: Deactivate_sets_the_status_ends_the_sessions_and_audits
A96: UTC045 | B96: 1. UserService runs in process; its dependencies are fakes or stubs. 2. user: a user with role Member exists (isActive: true). | C96: "rt-cua-ho"; user.Id; TimeSpan.FromDays(7) | D96: Return: 1. Succeeded: true 2. Account.IsActive: false Exception: N/A Log Message: N/A | E96: Normal | F96: Pending | I96: Pending | L96: Pending
A97: Deactivate_never_deletes_the_row
A98: UTC046 | B98: 1. UserService runs in process; its dependencies are fakes or stubs. 2. user: a user with role Member exists. | C98: user.Id; isActive: false; _actorId | D98: Return: contains _users.Users Exception: N/A Log Message: N/A | E98: Normal | F98: Pending | I98: Pending | L98: Pending
A99: Reactivate_sets_the_status_and_audits_without_touching_sessions
A100: UTC047 | B100: 1. UserService runs in process; its dependencies are fakes or stubs. 2. user: a user with role Member exists (isActive: false). | C100: "rt-nguoi-khac"; Guid.CreateVersion7(); TimeSpan.FromDays(7) | D100: Return: 1. Succeeded: true 2. Account.IsActive: true Exception: N/A Log Message: N/A | E100: Normal | F100: Pending | I100: Pending | L100: Pending
A101: Status_change_is_refused_when_the_account_is_already_in_that_state
A102: UTC048 | B102: 1. UserService runs in process; its dependencies are fakes or stubs. 2. user: a user with role Member exists (isActive: isActive). | C102: isActive=true | D102: Return: UserOutcome.StatusChangeNotAllowed Exception: N/A Log Message: N/A | E102: Abnormal | F102: Pending | I102: Pending | L102: Pending
...
